opis_truckstop_id,truckstop_name,address,city,state,rack_id,retail_price,city_clean,state_clean,latitude,longitude
7,WOODSHED OF BIG CABIN,"I-44, EXIT 283 & US-69",Big Cabin,OK,307,3.00733333,Big Cabin,OK,36.607931,-95.274736
9,KWIK TRIP #796,"I-94, EXIT 143 & US-12 & SR-21",Tomah,WI,420,3.28733333,Tomah,WI,43.994833,-90.491704
20,PILOT TRAVEL CENTER #1243,"I-8, EXIT 119 & SR-85",Gila Bend,AZ,930,3.899,Gila Bend,AZ,32.93059,-112.746832
28,LITTLEFIELD EXPRESS #2,"I-540, EXIT 12 & US-71",Fort Smith,AR,645,3.399,Fort Smith,AR,35.365272,-94.411035
35,ACI TRUCK STOP,US-46,Columbia,NJ,90,3.079,Columbia,NJ,40.938805,-75.054983
36,SHENANDOAH TRUCK CENTER,"I-81, EXIT 273 & SR-703/SR-292",Mount Jackson,VA,60,2.899,Mount Jackson,VA,38.768819,-78.676655
44,CIRCLE K #2612042,"I-35,  EXIT 271",Jarrell,TX,595,2.919,Jarrell,TX,30.748406,-97.600833
46,PETRO STOPPING CENTER #348,"I-85,  EXIT 22 & CR-138",Shorter,AL,720,3.154,Shorter,AL,32.383585,-85.91616
49,TA SEYMOUR TRAVEL CENTER,"I-65, EXIT 50 & US-50 & US-31",Seymour,IN,415,3.959,Seymour,IN,38.957133,-85.882477
50,TA COUNCIL BLUFFS TRAVEL CENTER,"I-29 & I-80, EXIT 3",Council Bluffs,IA,319,3.72566666,Council Bluffs,IA,41.252954,-95.880992
56,TOPS TRUCK STOP,"I-94, EXIT 182 & US-83",Sterling,ND,390,3.51566666,Sterling,ND,46.843583,-100.274392
75,Good 2 Go #709,US-50,Montrose,CO,810,3.424,Montrose,CO,38.46783,-107.875182
77,OASIS TRAVEL PLAZA,US-13,Laurel,DE,243,3.229,Laurel,DE,38.553695,-75.563052
79,DELAWARE TRUCK PLAZA,US-13 & US-40,New Castle                              ,DE,243,3.249,New Castle,DE,39.67703,-75.589938
81,One9 #89,"I-75, EXIT 224",Ellenton,FL,225,3.439,Ellenton,FL,27.53818,-82.5006
85,DOWNIEVILLE FUEL STOP,"I-70, EXIT 234",Dumont,CO,800,3.459,Dumont,CO,39.764722,-105.599722
91,MOLLYS FOOD & FUEL,"I-20 & ST 22, EXIT 55",Crawfordville                           ,GA,135,3.499,Crawfordville,GA,33.570801,-82.887234
105,TA SAGINAW I 75 TRAVEL CENTER,"I-75, EXIT 144-B",Bridgeport,MI,260,3.269,Bridgeport,MI,43.355309,-83.854906
118,Lupton Truck Stop #567,"I-40, EXIT 359",Lupton,AZ,580,3.299,Lupton,AZ,35.4086,-109.07
121,PETRO STOPPING CENTER #306,"I-10, EXIT 200",Eloy,AZ,930,3.474,Eloy,AZ,32.750929,-111.583275
127,CIRCLE K #4700095,US-41,Henderson,KY,340,3.609,Henderson,KY,37.836111,-87.59
128,THE EFFINGHAM CHROME SHOP,"I-57 & I-70, EXIT 159",Effingham                               ,IL,510,3.349,Effingham,IL,39.121727,-88.561105
135,LOVES TRAVEL STOP #766,"I-80, EXIT 27",Atkinson,IL,290,3.389,Atkinson,IL,41.41619,-90.022482
147,SPEEDWAY #8039,"I-69, EXIT 234 & SR-67",Daleville,IN,375,3.624,Daleville,IN,40.125738,-85.511016
149,RAYS TRUCK WASH,"I-69, EXIT 309 & US-30",Fort Wayne                              ,IN,370,3.59233333,Fort Wayne,IN,41.0716,-85.1367
151,CUBBYS #2101,"I-80, EXIT 211 & SR-47",Gothenburg,NE,475,3.13233333,Gothenburg,NE,40.940035,-100.154707
159,PILOT TRAVEL CENTER #87,"I-10, EXIT 343",Jacksonville,FL,75,3.859,Jacksonville,FL,30.3163,-81.4175
160,PILOT TRAVEL CENTERS #79,"I-12, EXIT 10 AT MILE 10",Denham Springs                          ,LA,600,3.23233333,Denham Springs,LA,30.5821,-90.9341
164,FLYING J TRAVEL PLAZA #650,"I-94, EXIT 15 B",Lake Station                            ,IN,365,3.809,Lake Station,IN,41.568629,-87.262209
167,FLYING J TRAVEL PLAZA #653,RT 2 & I-65 EXIT 240,Hebron,IN,365,3.43566666,Hebron,IN,41.315537,-87.208791
174,Hop-In Food Stores,US-59 & SR-224,Nacogdoches                             ,TX,618,2.859,Nacogdoches,TX,31.618534,-94.651093
184,SAPP BROS TRAVEL CENTER,"I-29 & I-80, EXIT 1B",Council Bluffs,IA,486,3.719,Council Bluffs,IA,41.252954,-95.880992
186,COFFEE CUP FUEL STOP #5,"I-90, EXIT 154 & US-16",Moorcroft                               ,WY,822,3.239,Moorcroft,WY,44.299932,-104.905904
187,DUDLEYS CORNER,"I-35, EXIT 165 & SR-3",Latimer,IA,433,3.23233333,Latimer,IA,42.759783,-93.351798
191,KUM & GO #0302,"I-35, EXIT 193 & SR 106",Clear Lake,IA,433,3.18566666,Clear Lake,IA,43.140607,-93.384978
192,Brew Stuart Truckstop,"I-80, EXIT 93",Stuart                                  ,IA,320,3.099,Stuart,IA,41.518643,-94.304563
195,PETRO STOPPING CENTER #311,"I-40 & I-55, EXIT 280",West Memphis,AR,435,3.36733333,West Memphis,AR,35.148442,-90.17792
198,SINCLAIR,"I-76, EXIT 115",Atwood,CO,800,3.299,Atwood,CO,40.517432,-103.039301
199,PETRO STOPPING CENTER #366,"I-70, EXIT 252",Salina,KS,523,3.80566666,Salina,KS,38.823802,-97.608787
203,PILOT TRAVEL CENTERS #31,"I-80/94, EXIT 2",Highland,IN,365,3.799,Highland,IN,41.55005,-87.456911
207,MARATHON,SR-32,Sardinia                                ,OH,300,3.56566666,Sardinia,OH,38.983232,-83.796649
216,CIRCLE K #2721593,"I-10, EXIT 50",Ocean Springs,MS,715,3.41566666,Ocean Springs,MS,30.440433,-88.780099
217,NORTH 9TH 24/7,"I-70, EXIT 252",Salina,KS,523,3.02566666,Salina,KS,38.823802,-97.608787
231,DERBY CITYS TRUCK PLAZA,"I-75, EXIT 62 & US-25",Mount Vernon,KY,410,2.999,Mount Vernon,KY,37.336609,-84.354882
235,PILOT TRAVEL CENTERS #92,"I-75, EXIT 358",Ocala,FL,225,3.359,Ocala,FL,29.1981,-82.0974
240,LA 1 SOUTH TRUCKSTOP,"I-10, EXIT 153 & SR-1",Port Allen,LA,600,3.039,Port Allen,LA,30.471983,-91.254088
243,SAVE,US-41 & SR-10,Lake Village,IN,399,3.179,Lake Village,IN,41.138741,-87.445422
244,BIG D TRUCK TRAVEL PLAZA,"I-10, EXIT 92 & SR-95",Duson,LA,725,2.98233333,Duson,LA,30.191216,-92.152455
248,Mardi Gras Truck Stop,"I-10, EXIT 236",New Orleans,LA,725,3.729,New Orleans,LA,29.963071,-90.160953
250,GOLDEN OX TRUCK STOP,"I-70/US-40, EXIT 159 & US-183",Hays,KS,523,3.499,Hays,KS,38.878046,-99.320134
253,LOVES TRAVEL STOP #450,"I-40, EXIT 280 & I-55, EXIT 4",West Memphis,AR,435,3.32566666,West Memphis,AR,35.148442,-90.17792
256,BFS FOODS #66,"I-68/US-40, EXIT 22 & US-219",Grantsville                             ,MD,165,3.899,Grantsville,MD,39.684436,-79.151665
257,PILOT TRAVEL CENTER #917- TOWN PUMP,I-15 & 31ST STREET EXIT 277,Great Falls                             ,MT,815,3.63566666,Great Falls,MT,47.509812,-111.273397
263,CASEYS #3956,I-94 EXIT 16,Bridgman,MI,465,3.559,Bridgman,MI,41.936199,-86.554334
267,CORNER MARKET #117,SR-154 & SR-129,Dodge City,KS,357,3.399,Dodge City,KS,37.756882,-100.024074
269,PILOT TRAVEL CENTERS #24,"I-75, EXIT 15",Monroe                                  ,MI,325,3.249,Monroe,MI,41.92751,-83.404848
278,CARLISLE PLAZA,US-41,Carlisle,IN,510,3.499,Carlisle,IN,38.976297,-87.366738
281,CIRCLE K #4700065,"I-65, EXIT 76 & US-31",Taylorsville,IN,375,3.399,Taylorsville,IN,39.295833,-85.950833
289,LOVES TRAVEL STOP #173,"I-70, MM 209",Lawrence,KS,553,3.229,Lawrence,KS,38.964402,-95.241789
292,PETES #56,US-169 & CR-5000,Cherryvale,KS,307,3.23233333,Cherryvale,KS,37.266828,-95.559019
293,LOVES TRAVEL STOP #176,"I-35, MILE MARKER 97",Matfield Green,KS,336,3.25566666,Matfield Green,KS,38.144768,-96.554105
304,FL Roberts,"I-91, EXIT 4",Springfield,MA,100,3.599,Springfield,MA,42.106,-72.5977
309,QUIKTRIP #231,"I-635, EXIT 3",Kansas City,KS,400,3.199,Kansas City,KS,39.115733,-94.627139
323,SAPP BROS TRAVEL CENTER,"I-80, EXIT 126",Ogallala,NE,475,3.46566666,Ogallala,NE,41.127505,-101.710742
326,FLYING J TRAVEL PLAZA #748,"I-15, EXIT 357",Willard                                 ,UT,835,3.749,Willard,UT,41.398944,-112.031653
341,TA JACKSONVILLE SOUTH TRAVEL CENTER,"I-95, EXIT 329",Saint Johns,FL,75,3.469,Saint Johns,FL,30.095578,-81.621701
347,7-ELEVEN #40514,I-90/80-IN TOLL RD MM 22E,Portage,IN,365,3.99066666,Portage,IN,41.567201,-87.175689
358,TA BINGHAMTON TRAVELCENTER,"I-81N, EXIT 2W & I-81S, EXIT 3",Binghamton,NY,32,3.689,Binghamton,NY,42.146307,-75.886517
361,CIRCLE K #2726293,"I-295, EXIT 25",Jacksonville,FL,75,3.31566666,Jacksonville,FL,30.3163,-81.4175
368,WILTON TRAVEL PLAZA,"I-87, EXIT 16",Gansevoort                              ,NY,12,3.749,Gansevoort,NY,43.180343,-73.705267
372,GAS DEPOT,"I-94, EXIT 5",Hammond,IN,365,3.999,Hammond,IN,41.609929,-87.507911
381,7-Eleven #41830,US-69 & US-135,Jacksonville,TX,630,2.91566666,Jacksonville,TX,31.96177,-95.270328
387,Circle K #2709664,"I-8, EXIT 12",Yuma,AZ,930,3.489,Yuma,AZ,32.701507,-114.642362
388,Pilot Travel Centers #14,"I-71, EXIT 131",Sunbury,OH,315,3.719,Sunbury,OH,40.265499,-82.851051
391,PILOT TRAVEL CENTERS #13,"I-71, EXIT 209",Seville,OH,305,3.699,Seville,OH,41.022731,-81.856199
403,TRUCKOMAT OF HEBRON,"I-70, EXIT 126 & SR-37",Hebron,OH,315,3.429,Hebron,OH,39.953464,-82.491868
407,FUEL MART #641,"I-80 & I-280, EXIT 71",Perrysburg                              ,OH,550,3.499,Perrysburg,OH,41.542926,-83.592727
421,PETRO STOPPING CENTER #316,"I-40 & I-35, EXIT 127",Oklahoma City,OK,483,3.30233333,Oklahoma City,OK,35.3337,-97.4922
424,E EXPRESS,"I-40, EXIT 166",Choctaw,OK,483,2.899,Choctaw,OK,35.471758,-97.272564
425,Neighbors Express,"I-16, EXIT 51",Dublin                                  ,GA,85,3.299,Dublin,GA,32.547794,-82.90368
442,WESTERN COOP,US-385 & SR-2,Alliance,NE,795,3.324,Alliance,NE,42.114943,-102.888045
455,MR FUEL #753,"I-95, EXIT 104 & SR-207",Ruther Glen,VA,180,3.26566666,Ruther Glen,VA,37.945059,-77.47135
456,THE COUNTRY OASIS,US-24,Woodburn                                ,IN,370,3.399,Woodburn,IN,41.136102,-84.892871
458,HAPPY HILLS GAS & COFFEE,I-29 EXIT 110,Rock Port,MO,400,3.399,Rock Port,MO,40.430581,-95.527403
460,TRUCK STOP 44,I-20 EXIT 44,Gilbert,SC,135,3.079,Gilbert,SC,33.95805,-81.39136
461,SPINX #271,"I-26, EXIT 145 & US-601",Orangeburg,SC,42,3.26233333,Orangeburg,SC,33.502545,-80.859282
469,LOAF N JUG #750010,US-160 & SR-17,Alamosa,CO,803,3.259,Alamosa,CO,37.470274,-105.878602
474,KEWANEE 1 STOP,"I-20, EXIT 169 & US-80",Toomsuba,MS,705,3.299,Toomsuba,MS,32.429583,-88.489225
478,GASTRAK OF PEMBINA,"I-29, EXIT 215",Pembina                                 ,ND,355,3.299,Pembina,ND,48.936124,-97.275611
483,ALLSUPS #2387,US-54/SR-136/SR-3 & US-64,Guymon,OK,585,2.97566666,Guymon,OK,36.696052,-101.47778
486,LA NORIA CONV STORES,"I-35 N, EXIT 4",Laredo                                  ,TX,693,3.299,Laredo,TX,27.515538,-99.498579
489,EDDIES CORNER,US-87 & US-191,Moore,MT,815,3.749,Moore,MT,46.989811,-109.653838
491,One9 #403,"I-75, EXIT 117",Heiskell,TN,405,2.999,Heiskell,TN,36.115027,-84.043826
496,PILOT TRAVEL CENTERS #270,"I-40 & I-75, EXIT 374",Knoxville,TN,405,3.439,Knoxville,TN,35.9609,-83.9189
509,LOVES TRAVEL STOPS #256,"I-10, EXIT 140B",Van Horn,TX,640,3.649,Van Horn,TX,31.042879,-104.832249
522,GO MART FOOD STORE #57,"I-70 & ST-285, EXIT 186",Lore City                               ,OH,430,3.179,Lore City,OH,40.045854,-81.447853
523,CIRCLE K #2723322,"I-985, EXIT 20 & SR-60",Gainesville,GA,18,3.26566666,Gainesville,GA,34.307269,-83.825596
525,FASTBREAK,US-45 ALT,West Point,MS,705,3.059,West Point,MS,33.626496,-88.68226
546,PLAZA 30,US-30,Wanatah,IN,365,3.499,Wanatah,IN,41.384477,-86.876439
557,SAPP BROS TRAVEL CENTER,"I-80, EXIT 73",Peru,IL,290,3.289,Peru,IL,41.333021,-89.126478
559,SHELL MORGAN ROAD TRUCK STOP,"I-40, EXIT 142",Maumelle,AR,695,3.20733333,Maumelle,AR,34.849085,-92.405892
566,TA GARY TRAVEL CENTER,"I-80/I-94, EXIT 6",Gary,IN,365,3.83066666,Gary,IN,41.593333,-87.346389
567,TA ELOY TRAVEL CENTER,"I-10 & I-8, EXIT 203",Eloy,AZ,930,3.459,Eloy,AZ,32.750929,-111.583275
572,PILOT TRAVEL CENTERS #881,"I-69, EXIT 309A",Fort Wayne                              ,IN,370,3.879,Fort Wayne,IN,41.0716,-85.1367
576,PETRO STOPPING CENTER #343,"I-10, EXIT 76",Egan,LA,600,3.624,Egan,LA,30.250966,-92.500226
578,LOVES TRAVEL STOP #449,"I-84, EXIT 17",Troutdale,OR,935,3.779,Troutdale,OR,45.525398,-122.373866
579,FLYING J TRAVEL PLAZA #764,"I-80, EXIT 104 & US-191",Rock Springs,WY,835,3.67066666,Rock Springs,WY,41.605957,-109.230047
586,AMERISTAR TRAVEL PLAZA #120,"I-82, EXIT 80",Prosser,WA,925,4.399,Prosser,WA,46.223183,-119.771014
588,TA TUSCALOOSA TRAVEL CENTER,"I-20/I-59, EXIT 77",Cottondale,AL,615,2.964,Cottondale,AL,33.176667,-87.387051
591,TA Concordia Travel Plaza,"I-70, EXIT 58 & SR-23",Concordia,MO,400,3.22566666,Concordia,MO,38.977553,-93.581205
599,Sapp Bros Travel Center,"I-80, EXIT 59 & SR-17J",Sidney,NE,475,3.50066666,Sidney,NE,41.142778,-102.9775
602,JIFFY MART EXIT 18 TRUCK STOP,"I-89/SR-120, EXIT 18 & SR-120",Lebanon,NH,12,3.599,Lebanon,NH,43.642222,-72.252222
614,TA MAYBROOK TRAVEL CENTER,"I-84, EXIT 5",Montgomery,NY,120,4.359,Montgomery,NY,41.53332,-74.253417
628,KWIK FILL #227,"I-90,  EXIT 218",Geneva,OH,305,3.15233333,Geneva,OH,41.802864,-80.947363
636,UNION 76,"I-5, EXIT 233 E",Albany,OR,935,3.379,Albany,OR,44.627722,-123.094409
651,ONE9 #1366,"I-40, EXIT 126 & US-641",Holladay,TN,460,2.98566666,Holladay,TN,35.895143,-88.091183
652,TA KNOXVILLE EAST TRAVEL CENTER,"I-40 & I-75, EXIT 374",Knoxville,TN,405,3.42566666,Knoxville,TN,35.9609,-83.9189
669,PETRO STOPPING CENTER #350,"I-10,  EXIT 4",Canutillo,TX,640,3.499,Canutillo,TX,31.934379,-106.592888
672,CROWN POINT TRUCK STOP,"I-295/US-130,EXIT 22",Thorofare,NJ,150,3.549,Thorofare,NJ,39.859178,-75.176698
680,TA EXPRESS SUMMIT,"I-29, EXIT 207 & US-12",Summit,SD,566,3.20566666,Summit,SD,45.352128,-97.042654
684,7-ELEVEN #35101,"I-86/SR-17, EXIT 16",Randolph,NY,38,4.499,Randolph,NY,42.163143,-78.960034
689,FLYING EAGLE,"I-235, EXIT 4",Wichita,KS,570,3.499,Wichita,KS,37.6898,-97.3415
692,BP,US-63,Ottumwa,IA,489,3.399,Ottumwa,IA,41.015099,-92.413428
739,Arco #364420,US-23,Greenup,KY,255,3.649,Greenup,KY,38.547969,-82.868396
748,QUIKTRIP #4231,US-85,Evans,CO,800,3.17233333,Evans,CO,40.380255,-104.697095
769,AYERCO #26,US-61/US-136,Alexandria,MO,345,3.01566666,Alexandria,MO,40.344514,-91.515437
815,Kwik Trip #1508,"US-18/SR-151, EXIT 58",Barneveld,WI,420,3.489,Barneveld,WI,43.015797,-89.904229
855,SPEEDWAY #7459,US-41 & SR-137,North Chicago,IL,293,3.289,North Chicago,IL,42.318901,-87.847819
863,Ocean Fuel,US-301/SR-73,Sylvania,GA,195,3.499,Sylvania,GA,32.77627,-81.633394
906,PILOT TRAVEL CENTER #429,"I-40, EXIT 280",West Memphis,AR,435,3.291,West Memphis,AR,35.148442,-90.17792
908,CIRCLE K #2704888,"I-65, EXIT 246 & SR-119",Pelham,AL,615,3.46566666,Pelham,AL,33.31046,-86.806176
912,PETRO STOPPING CENTER #319,"I-20/59,  EXIT 100",Mc Calla,AL,615,3.12566666,Mc Calla,AL,33.284546,-87.102379
936,CASEYS #4254,"I-40, EXIT 129",Conway,AR,695,3.03233333,Conway,AR,35.084199,-92.423574
970,CIRCLE K #2702885,"I-17/SR-60, EXIT 199A",Phoenix,AZ,930,3.39233333,Phoenix,AZ,33.451,-112.0685
977,PILOT TRAVEL CENTER #328,"I-10, EXIT 17",Quartzsite,AZ,930,3.959,Quartzsite,AZ,33.5675,-114.2731
981,STINKER #85,"I-15, EXIT 93",Blackfoot,ID,825,3.53233333,Blackfoot,ID,43.194327,-112.361545
982,CIRCLE K #2701948,"I-8, EXIT 7 & SR-195",Yuma,AZ,900,3.56566666,Yuma,AZ,32.701507,-114.642362
1028,FOUR STATES TRUCK STOP,"I-495, EXIT 4 & SR-9",New Castle,DE,243,3.399,New Castle,DE,39.67703,-75.589938
1042,Union 76,US-441 & SR-100A,Lake City,FL,75,3.56233333,Lake City,FL,30.0949,-82.7117
1043,SHELL DBA ONE9 #1401,I-75 EXIT 414  & US-41,Lake City,FL,75,3.244,Lake City,FL,30.0949,-82.7117
1047,TA MARIANNA TRAVEL CENTER,"I-10/SR-8, EXIT 142 & SR-71",Marianna,FL,20,3.60733333,Marianna,FL,30.758587,-85.229367
1075,PILOT TRAVEL CENTERS #68,"I-16 /SR-404, EXIT 51 & US-441",Dublin,GA,85,3.399,Dublin,GA,32.547794,-82.90368
1106,CIRCLE K #2705367,"I-20, EXIT 172",Thomson,GA,16,3.399,Thomson,GA,33.477363,-82.494204
1112,BC AMPRIDE TRUCK PLAZA,US-59/SR-141,Denison,IA,527,3.399,Denison,IA,42.019626,-95.363572
1115,KWIK STAR #704,SR-57/SR-14,Parkersburg,IA,565,3.58233333,Parkersburg,IA,42.571377,-92.768763
1121,TRAVELERS OASIS,"I-84, EXIT 182",Eden,ID,787,3.799,Eden,ID,42.580374,-114.162762
1128,TA CHICAGO NORTH TRAVEL CENTER,"I-94/US-41, EXIT 1",Wadsworth,IL,444,3.769,Wadsworth,IL,42.446032,-87.904048
1132,SPEEDWAY #7423,"I-57, EXIT 83",Ina,IL,293,3.249,Ina,IL,38.152743,-88.889362
1136,PILOT TRAVEL CENTER #171,"I-74, EXIT 206",Oakwood,IL,280,3.399,Oakwood,IL,40.116656,-87.7825
1140,CIRCLE K #4701398,"I-55, EXIT 82 & SR-104",Divernon,IL,280,3.499,Divernon,IL,39.567684,-89.654654
1149,PILOT TRAVEL CENTER #30,"I-70, EXIT 96",Greenfield,IN,375,3.959,Greenfield,IN,39.790204,-85.814102
1151,SPEEDWAY #8061,"I-70, EXIT 115 & SR-109",Knightstown,IN,375,3.759,Knightstown,IN,39.806029,-85.526148
1154,CIRCLE K #2704691,SR-71 & CR-214,Cedar Creek,TX,595,3.199,Cedar Creek,TX,30.096636,-97.497602
1156,CIRCLE K #4700028,"I-74/US-421, EXIT 116 & SR-44",Shelbyville,IN,375,3.599,Shelbyville,IN,39.50434,-85.787515
1157,One9 #297,"I-70, EXIT 11 & SR-46",Terre Haute                             ,IN,510,3.43566666,Terre Haute,IN,39.4667,-87.4068
1158,PILOT TRAVEL CENTER #36,US-30  & SR-49,Valparaiso,IN,365,3.859,Valparaiso,IN,41.475661,-87.075866
1163,SHORT STOP #13,US-54,Emporia,KS,553,2.839,Emporia,KS,38.418405,-96.187145
1176,PILOT TRAVEL CENTERS #353,"I-75, EXIT 129",Georgetown,KY,410,3.20566666,Georgetown,KY,38.211712,-84.556179
1179,PILOT TRAVEL CENTERS #399,"I-65, EXIT 105",Lebanon Junction,KY,415,3.609,Lebanon Junction,KY,37.851054,-85.724641
1196,SOUTHERN BELLE TRUCK STOP,US-61 & SR-964,Saint Francisville,LA,725,3.384,Saint Francisville,LA,30.858658,-91.392266
1199,ALLTOWN MARKETS #306,"I-190, EXIT 7",Leominster,MA,178,3.68233333,Leominster,MA,42.52744,-71.756308
1202,ONE9 #290,"I-95, EXIT 93 & SR-222",Perryville,MD,22,3.599,Perryville,MD,39.564894,-76.059227
1204,PETRO STOPPING CENTER #321,"I-70 & I-57, EXIT 159",Effingham,IL,574,3.349,Effingham,IL,39.121727,-88.561105
1208,D AVENUE FUEL PLAZA,US-131,Kalamazoo,MI,465,3.099,Kalamazoo,MI,42.273565,-85.545653
1210,ROADHAWK TRAVEL CENTER,"I-94, EXIT 56 & SR-51",Paw Paw                                 ,MI,465,3.559,Paw Paw,MI,42.234931,-85.900488
1217,KWIK TRIP #250,"I-90, EXIT 179",Austin,MN,515,3.374,Austin,MN,43.669538,-92.978374
1218,CASEYS #3658,SR-210,Pillager,MN,522,3.299,Pillager,MN,46.398395,-94.392287
1225,AYERCO #35,US-61 & US-61 BUS,Bowling Green,MO,494,3.01566666,Bowling Green,MO,39.334639,-91.196232
1234,Lamar Travel Plaza,US-71 & US-160,Lamar,MO,416,3.199,Lamar,MO,37.500221,-94.270253
1236,AYERCO #44,US-36 & US-24,Palmyra,MO,494,3.01566666,Palmyra,MO,39.791309,-91.536817
1240,TEMP STOP #103,US-65,Sedalia,MO,400,3.199,Sedalia,MO,38.696076,-93.232268
1247,SNAPPY MART #11,US-63 & SR-14,West Plains,MO,535,3.299,West Plains,MO,36.728418,-91.871681
1251,MAPCO #3009,US-72,Corinth,MS,435,3.154,Corinth,MS,34.93236,-88.543884
1256,DOUBLE QUICK #89,US-82/US-278,Greenville,MS,655,3.25566666,Greenville,MS,33.378737,-91.046793
1265,JOE JOES TRAVEL CENTER,US-78 & RED BANKS RD S,Red Banks,MS,435,2.97233333,Red Banks,MS,34.875039,-89.519839
1304,LOVES TRAVEL STOP #667,"I-85, EXIT 152",Mebane,NC,65,3.94733333,Mebane,NC,36.097862,-79.271895
1315,CIRCLE K #2720218,US-421 BUS & US-15/US-501/US-1,Sanford,NC,177,3.08233333,Sanford,NC,35.464148,-79.176446
1325,SCOTCHMAN #3303,US-421 & US-74,Wilmington,NC,245,3.629,Wilmington,NC,34.225304,-77.937856
1326,SPEEDWAY #7949,US-301/US-264 ALT & CR-1674,Wilson,NC,205,3.199,Wilson,NC,35.727022,-77.922733
1333,PUMP & PANTRY #15,US-30,Grand Island,NE,330,3.30733333,Grand Island,NE,40.921858,-98.341062
1340,BORDENTOWN VALERO,"NJ TNPK, EXIT 7 & US-206",Bordentown,NJ,230,3.499,Bordentown,NJ,40.143141,-74.703249
1342,Delta,"I-80, EXIT 47B",Fairfield,NJ,115,3.20233333,Fairfield,NJ,40.882178,-74.296027
1344,BOLLA TRUCK STOP #193,US-202 & SR-17,Mahwah,NJ,115,3.53233333,Mahwah,NJ,41.074473,-74.155974
1348,GLOBAL,SR-73,Palmyra,NJ,150,3.359,Palmyra,NJ,40.003654,-75.025685
1356,LOVES TRAVEL STOP #257,"I-40 & HORIZON, EXIT 79",Milan,NM,580,3.59066666,Milan,NM,35.169722,-107.890278
1364,7- ELEVEN #40507,"I-80/I-90, MM 56 WB",Rolling Prairie,IN,465,3.98233333,Rolling Prairie,IN,41.72286,-86.584092
1372,PILOT TRAVEL CENTER #469,"I-77, EXIT 101 & SR-627",Canton,OH,249,3.62233333,Canton,OH,40.827,-81.3853
1376,FUEL MART #782,"I-75, EXIT 118",Lima                                    ,OH,411,3.08566666,Lima,OH,40.764066,-84.097296
1379,TA LODI TRAVEL CENTER,"I-71, EXIT 209 & I-76/US-224, EXIT 1",Seville,OH,305,3.739,Seville,OH,41.022731,-81.856199
1384,SUNOCO,"I-80/I-90, EXIT 13 & US-20ALT/SR-15",Montpelier,OH,550,3.41566666,Montpelier,OH,41.59821,-84.614703
1391,ONCUE EXPRESS #2045,"I-35, EXIT 203 & SR-15",Billings,OK,500,3.21566666,Billings,OK,36.524609,-97.418889
1395,DOMINO FOOD AND FUEL #1,"I-40, EXIT 66",Clinton                                 ,OK,483,3.099,Clinton,OK,35.511543,-98.979533
1404,ONE9 #339,"I-74, EXIT 4 & SR-63",Covington,IN,375,3.26233333,Covington,IN,40.132618,-87.381876
1414,SAC SHOP #507,"I-70, EXIT 12/161",Breezewood                              ,PA,14,4.099,Breezewood,PA,39.990521,-78.245271
1424,GETTYSBURG TRAVEL PLAZA,US-15 & SR-394,Gettysburg,PA,70,3.899,Gettysburg,PA,39.832044,-77.222313
1428,CIRCLE K #4702408,"I-65, EXIT 168 & SR-38/SR-25",Lafayette,IN,375,3.43233333,Lafayette,IN,40.417743,-86.888358
1432,KWIK FILL #259,"I-81, EXIT 57",Mechanicsburg                           ,PA,70,4.049,Mechanicsburg,PA,40.214167,-77.008889
1444,PILOT TRAVEL CENTERS #346,"I-20, EXIT 92 & US-601",Lugoff,SC,135,3.43233333,Lugoff,SC,34.22961,-80.714712
1445,PILOT TRAVEL CENTERS #402,"I-80, EXIT 367",Cheyenne,WY,795,3.709,Cheyenne,WY,41.143719,-104.796234
1447,HOT SPOT #3005,US-221,Chesnee,SC,210,3.199,Chesnee,SC,35.115398,-81.867827
1453,EXPRESS STOP,US-278/SR-101/SR-6 & SR-113,Rockmart,GA,193,3.319,Rockmart,GA,33.997912,-85.05937
1455,PETRO FLORENCE,"I-95, EXIT 169",Florence,SC,46,3.32566666,Florence,SC,34.18375,-79.772786
1461,CIRCLE K #2705370,"I-26, EXIT 15 & US-176",Inman,SC,210,3.099,Inman,SC,35.052795,-82.054013
1464,CIRCLE K #2723254,"I-20, EXIT 55 & SR-6",Lexington,SC,135,3.199,Lexington,SC,33.981389,-81.236389
1470,CIRCLE K #2705348,US-1,Beech Island,SC,135,3.159,Beech Island,SC,33.427222,-81.891111
1479,TA SPARTANBURG TRAVEL CENTER,"I-85, EXIT 63 & SR-290",Duncan,SC,210,3.43233333,Duncan,SC,34.917645,-82.125821
1487,ROADRUNNER MARKET #6019,"I-81, EXIT 36 NORTH",Greeneville                             ,TN,405,3.499,Greeneville,TN,36.160807,-82.833136
1492,MAPCO #3538,"I-24, EXIT 174",Chattanooga,TN,285,2.899,Chattanooga,TN,35.0455,-85.3081
1507,CIRCLE K #4703941,"I-55, EXIT 5A",Memphis,TN,435,3.189,Memphis,TN,35.0337,-89.9343
1516,LOVES TRAVEL STOP #261,I-27 EXIT 116,Amarillo,TX,585,3.23233333,Amarillo,TX,35.203238,-101.842052
1531,CircleK #4702365,"I-74, EXIT 112 & SR-9",Shelbyville,IN,375,3.509,Shelbyville,IN,39.50434,-85.787515
1533,YESWAY #1157,US-62,Brownfield,TX,700,2.99233333,Brownfield,TX,33.169801,-102.276157
1546,SHELL,"I-35, EXIT 86 & SR-85",Dilley,TX,740,3.099,Dilley,TX,28.678201,-99.174684
1548,TOOT N TOTUM #107,US-287,Dumas,TX,585,3.03233333,Dumas,TX,35.882315,-101.967984
1552,STRIPES #40911,US-59 & SR-16,Freer,TX,625,3.099,Freer,TX,27.879984,-98.606129
1555,SEIBERT TRAVEL PLAZA,"I-70, EXIT 405 & SR-59",Seibert,CO,800,3.499,Seibert,CO,39.318329,-102.882184
1560,CATTREZ,US-20 & SR-5,Irving,NY,38,2.899,Irving,NY,42.573866,-79.059634
1562,I MART #108,"I-40, EXIT 108",Wildersville                            ,TN,435,3.099,Wildersville,TN,35.769772,-88.438794
1567,KUM & GO #4110,"I-235, EXIT 11",Des Moines,IA,320,3.02733333,Des Moines,IA,41.6005,-93.6088
1579,FLYING J TRAVEL PLAZA #924- TOWN PUMP,"I-15, EXIT 122 & I-90 MM220",Butte                                   ,MT,816,3.56566666,Butte,MT,45.991579,-112.517807
1582,LOVES TRAVEL STOP #250,I-40 EXIT 60,Amarillo,TX,585,3.314,Amarillo,TX,35.203238,-101.842052
1585,Stripes 7Fleet #42498,US-385 & CR-1910,Andrews,TX,710,3.369,Andrews,TX,32.320125,-102.540926
1590,ROAD RANGER #240,"I-80 & I-94, EXIT 15-A",Lake Station,IN,365,3.559,Lake Station,IN,41.568629,-87.262209
1596,FLYING J #305,"I-40, EXIT 39",Jamestown,NM,580,3.44233333,Jamestown,NM,35.421667,-108.308333
1597,7-ELEVEN #36156,"I-70 & SR-519, EXIT 25/333",Eighty Four,PA,165,4.999,Eighty Four,PA,40.186821,-80.062695
1599,ONVO TRAVEL PLAZA,"I-81, EXIT 10",Mc Graw,NY,220,3.439,Mc Graw,NY,42.594758,-76.081958
1602,CIRCLE K #2723387,US-98,Beaumont,MS,620,3.56566666,Beaumont,MS,31.136763,-88.905492
1606,DONNAS TRAVEL PLAZA,"I-5, EXIT 202",Marysville,WA,962,4.559,Marysville,WA,48.065639,-122.156168
1610,TA BALTIMORE TRAVEL CENTER,"I-95, EXIT 57",Baltimore                               ,MD,22,4.759,Baltimore,MD,39.17185,-76.648287
1618,GO MART FOOD STORE #33,US-33,Ripley                                  ,WV,44,3.499,Ripley,WV,38.809042,-81.701987
1621,CIRCLE K #2709337,"I-65, EXIT 262B",Birmingham                              ,AL,615,3.489,Birmingham,AL,33.519,-86.8014
1622,RACEWAY #6973,US-380 & SR-114/SR-101,Bridgeport,TX,630,2.78233333,Bridgeport,TX,33.187027,-97.78098
1623,SAPP BROS TRAVEL CENTER,"I-70 & I-270, EXIT 278",Commerce City,CO,800,3.389,Commerce City,CO,39.825875,-104.911349
1625,PILOT TRAVEL CENTERS #60,"I-26, EXIT 159",Bowman                                  ,SC,42,3.43233333,Bowman,SC,33.347466,-80.670868
1632,PILOT TRAVEL CENTERS #266,"I-10, EXIT 139 & SR-292",Las Cruces                              ,NM,640,3.19066666,Las Cruces,NM,32.321641,-106.746034
1633,7-ELEVEN #36302,"I-35, EXIT 144",Von Ormy,TX,740,3.109,Von Ormy,TX,29.274979,-98.667741
1634,PILOT TRAVEL CENTERS #40,"I-94, EXIT 322",Oak Creek,WI,444,3.889,Oak Creek,WI,42.88916,-87.902661
1644,ALLSUPS CONVENIENCE STORE #2414,"I-20, EXIT 235",Roscoe,TX,575,2.929,Roscoe,TX,32.427558,-100.539088
1646,SPEEDWAY #8310,US-6  & US-31,Plymouth,IN,465,3.609,Plymouth,IN,41.333897,-86.324087
1647,SPEEDWAY #8305,US-41 & SR-312,Hammond,IN,290,3.76566666,Hammond,IN,41.609929,-87.507911
1653,ROAD RANGER #187,"I-55, EXIT 289",Chicago,IL,520,3.569,Chicago,IL,41.885847,-87.618123
1654,CEFCO #3,US-77/US190/SR-36,Cameron,TX,670,2.989,Cameron,TX,30.852713,-96.976562
1661,CHEVRON,"I-20, EXIT 101 & SR-151",Calhoun,LA,590,3.159,Calhoun,LA,32.524791,-92.329929
1669,BETTY BEAVERS TRUCKSTOP,"I-90, EXIT 28",Fultonville,NY,12,3.149,Fultonville,NY,42.903601,-74.359765
1670,Petro Stopping Center #54,"I-44, EXIT 4 & SR-3",Joplin,MO,277,3.449,Joplin,MO,37.096858,-94.505144
1671,LOVES TRAVEL STOP #412,"I-95, EXIT 77",Dunn,NC,205,3.699,Dunn,NC,35.316511,-78.615079
1672,HANA TRAVEL PLAZA,"I-40,  EXIT 77",Amarillo,TX,585,2.899,Amarillo,TX,35.203238,-101.842052
1699,ALLENS FOOD MART280,US-280/US-231/SR-53/SR-38 & CR-8/CR-34,Sylacauga,AL,615,3.799,Sylacauga,AL,33.171675,-86.271257
1700,TOPPS FUEL STOPS,US-259/SR-49,Daingerfield,TX,723,3.109,Daingerfield,TX,33.031263,-94.735899
1720,TOOT N TOTUM #120,US-54 & S WESTERN AVE,Liberal,KS,585,3.01566666,Liberal,KS,37.043789,-100.92857
1749,HIGHWAY 96 FUEL STOP,US-96 & SR-62/FM-1004,Buna                                    ,TX,610,3.149,Buna,TX,30.413209,-93.991263
1753,PWI #169,"I-35/US-77, EXIT 359 & CR-1304",Abbott,TX,765,2.899,Abbott,TX,31.891642,-97.067146
1773,M-46 AUTO TRUCK PLAZA,"US-131, EXIT 120 & SR-46",Howard City,MI,344,3.099,Howard City,MI,43.408326,-85.485609
1791,PILOT TRAVEL CENTERS #257,"I-20, EXIT 126 & FM-1788",Midland                                 ,TX,710,3.56566666,Midland,TX,31.989636,-102.06261
1807,LOVES TRAVEL STOP #229,I-40 EXIT 96 & SR-207,Panhandle,TX,585,3.314,Panhandle,TX,35.380841,-101.43037
1810,KENT KWIK #804,US-83,Perryton,TX,585,2.999,Perryton,TX,36.374825,-100.815558
1829,PILOT TRAVEL CENTER #96,"SR- 60 & FL TURNPIKE, EXIT 193",Okeechobee,FL,143,3.699,Okeechobee,FL,27.311532,-80.847853
1832,CORNER FUEL CENTER,US-49,Hattiesburg,MS,620,3.299,Hattiesburg,MS,31.314553,-89.306471
1834,PUMP N PANTRY #15,"I-20, EXIT 617 & US-59",Marshall,TX,766,2.899,Marshall,TX,32.53378,-94.36191
1849,Stripes #42457,US-67/US-277,San Angelo,TX,740,3.244,San Angelo,TX,31.478165,-100.481752
1855,EXIT 76 AUTO TRUCK PLAZA,US-131,Byron Center,MI,344,3.499,Byron Center,MI,42.801614,-85.713602
1858,FLYING J TRAVEL PLAZA #737,"I-10, EXIT 583",San Antonio                             ,TX,740,3.224,San Antonio,TX,29.468525,-98.526352
1859,GO MART FOOD STORE #44,"I-79, EXIT 67 & US-19/SR-4",Sutton,WV,44,3.559,Sutton,WV,38.673855,-80.681072
1860,MR FUEL #278,"I-75/71, EXIT 175 & SR-338",Walton,KY,300,3.019,Walton,KY,38.887491,-84.63277
1861,PETRO STOPPING CENTER #315,"I-40, EXIT 66",Kingman,AZ,910,3.899,Kingman,AZ,35.258379,-114.05689
1866,PRI MART FUEL CENTER,"I-94, EXIT 29",Benton Harbor                           ,MI,465,3.499,Benton Harbor,MI,42.108594,-86.423417
1873,JDS TRUCKSTOP,"US-12 & US-31, EXIT 3",Niles,MI,465,3.749,Niles,MI,41.820168,-86.236789
1874,CIRCLE K #2744529,US-175,Seagoville,TX,630,2.95066666,Seagoville,TX,32.652522,-96.557967
1879,HOLIDAY STATIONSTORE #3552,"I-35, EXIT 81 & SR-70",Lakeville,MN,448,3.549,Lakeville,MN,44.674865,-93.257802
1888,STRIPES 7FLEET #42449,US-87,Sterling City,TX,710,3.28066666,Sterling City,TX,31.835063,-101.001729
1889,TOOT N TOTUM #105,US-54 & US-287,Stratford,TX,585,2.96566666,Stratford,TX,36.33349,-101.988568
1893,MIKE MCDONALD TRUCK STOP,"I-20, EXIT 509",Terrell                                 ,TX,637,2.87066666,Terrell,TX,32.714292,-96.251342
1894,CIRCLE K #2741544,"I-37 & SR-72, EXIT 69",Three Rivers,TX,747,3.06566666,Three Rivers,TX,28.475646,-98.178162
1897,YESWAY #1077,"I-20/US-84, EXIT 278",Tye,TX,575,2.87566666,Tye,TX,32.447728,-99.868434
1905,LUCKY TRUCK STOP,US-82,Whitesboro                              ,TX,630,2.88566666,Whitesboro,TX,33.659021,-96.878984
1909,RALLYSTOP #1,"I-15, EXIT 62",Cedar City,UT,791,3.459,Cedar City,UT,37.689544,-113.074513
1914,LOVES TRAVEL STOP #792,"I-70, EXIT 160",Green River,UT,835,3.709,Green River,UT,39.000243,-110.159817
1921,BELL TRUCK STOP,"I-80, EXIT 146",Park City,UT,835,3.45233333,Park City,UT,40.695724,-111.528021
1923,SCENIC QUIK STOP,"I-70, EXIT 54 & US-89",Salina,UT,835,3.459,Salina,UT,38.956028,-111.881072
1930,CASEYS #3058,"I-35, EXIT 19 & US-160 E",Wellington,KS,570,3.299,Wellington,KS,37.27783,-97.390976
1931,RBS ONE STOP,"I-15, EXIT 320",Woods Cross                             ,UT,835,3.459,Woods Cross,UT,40.887447,-111.902712
1934,CIRCLE K #2723710,"I-77, EXIT 24",Austinville,VA,185,3.24066666,Austinville,VA,36.819461,-80.858322
1936,QUICK STOP MARKET #36,"I-81, EXIT 10 & US-11",Bristol,VA,185,3.399,Bristol,VA,36.618093,-82.182297
1940,7-ELEVEN #40063,"I-81, EXIT 98 & SR-100",Dublin,VA,65,3.199,Dublin,VA,37.098879,-80.669696
1944,LOVES TRAVEL STOPS #399,"I-77, EXIT 1 & SR-620",Lambsburg,VA,65,3.589,Lambsburg,VA,36.577483,-80.760133
1950,7-ELEVEN #34515,"I-81, EXIT 205",King George,VA,180,3.399,King George,VA,38.281142,-77.126023
1951,CIRCLE K #2723713,"I-81, EXIT 205",Staunton,VA,185,3.38566666,Staunton,VA,38.145104,-79.07519
1953,FAS MART #3555,"I-64, EXIT 136 & US-15",Gordonsville,VA,180,3.699,Gordonsville,VA,38.107261,-78.195195
1954,Joe's Kwik Mart #8409,US-58 & CR-645,Suffolk,VA,130,3.03233333,Suffolk,VA,36.866823,-76.559811
1956,PILOT TRAVEL CENTER #4642,"I-81, EXIT 291",Toms Brook,VA,60,3.659,Toms Brook,VA,38.97016,-78.403757
1958,SPEEDWAY #4618,"I-81 & I-77, EXIT 77",Wytheville,VA,185,3.41233333,Wytheville,VA,36.940669,-81.094082
1960,MAPLEWOOD IRVING,"I-89, EXIT 7",Montpelier                              ,VT,170,3.699,Montpelier,VT,44.2574,-72.5698
1962,SUPER QUIK,"I-64, EXIT 172 & SR-1/SR-7",Grayson,KY,255,3.799,Grayson,KY,38.328037,-82.965087
1976,One9 #963,"I-90, EXIT 276",Spokane                                 ,WA,970,3.959,Spokane,WA,47.666485,-117.436527
1977,GEE CEES TRUCK STOP,"I-5, EXIT 57",Toledo,WA,977,3.839,Toledo,WA,46.439552,-122.826559
1983,KWIK TRIP #427,"US-53, EXIT 110 & SR-40",Bloomer,WI,295,3.41566666,Bloomer,WI,45.102477,-91.489974
1985,Camp Douglas BP,"I-90 & I-94, EXIT 55",Camp Douglas                            ,WI,420,3.154,Camp Douglas,WI,43.936705,-90.268861
2000,RIVER CITY TRAVEL PLAZA,US-41,Marinette,WI,360,3.399,Marinette,WI,45.087403,-87.669684
2002,KWIK TRIP #222,US-53/US-2,Superior,WI,334,3.339,Superior,WI,46.701552,-92.091174
2009,KWIK TRIP #139,"I-43, EXIT 120 & CR-V/CR-OK",Sheboygan,WI,444,3.29066666,Sheboygan,WI,43.740981,-87.724667
2020,BFS FOODS #72,"I-68, EXIT 23 & SR-26",Bruceton Mills,WV,165,3.499,Bruceton Mills,WV,39.645394,-79.615941
2021,GO MART FOOD STORE #59,"I-64, EXIT 15 & US-60",Huntington,WV,255,3.499,Huntington,WV,38.409726,-82.442348
2022,GO MART FOOD STORE #86,"I-79, EXIT 40 & SR-16",Ivydale                                 ,WV,44,3.599,Ivydale,WV,38.530476,-81.033506
2029,HOMAX SERVICE,"I-25, EXIT 188",Mills                                   ,WY,790,3.169,Mills,WY,42.840556,-106.365278
2030,GHOST TOWN FUEL STOP,US-26/US-20,Casper,WY,790,3.429,Casper,WY,42.845763,-106.316571
2034,TA CHEYENNE TRAVEL CENTER,"I-80, EXIT 377 & SR-217/CR-140",Cheyenne,WY,795,3.699,Cheyenne,WY,41.143719,-104.796234
2040,Fast Stop Travel Centers #1133,"I-25, EXIT 126 & US-18/20",Douglas,WY,790,3.499,Douglas,WY,42.762558,-105.385484
2041,PINE BLUFFS SINCLAIR,"I-80, EXIT 401 & US-30",Pine Bluffs,WY,795,3.699,Pine Bluffs,WY,41.178799,-104.066591
2044,One9 #1251,"I-80, EXIT 173",Wamsutter,WY,795,3.499,Wamsutter,WY,41.658278,-108.151674
2074,STRIPES #40522,"I-10, EXIT 550",San Antonio,TX,740,3.059,San Antonio,TX,29.468525,-98.526352
2076,ALLSUPS CONVENIENCE STORE #2159,US-283 BUS/US-277 BUS & SR-422,Seymour,TX,770,3.299,Seymour,TX,33.591445,-99.258727
2078,ALLSUPS CONVENIENCE STORE #2366,US-84 & CR-3300,Slaton                                  ,TX,700,2.969,Slaton,TX,33.436795,-101.65192
2084,Main Street Market #112,"I-20, EXIT 73",Wickett,TX,710,2.879,Wickett,TX,31.57,-103.000556
2087,LWS TRUCK STOP,SR-30,Logan,UT,835,3.42566666,Logan,UT,41.747025,-111.822613
2088,FLYING J TRAVEL PLAZA #773,"I-70, EXIT 40",Richfield                               ,UT,835,3.699,Richfield,UT,38.757075,-112.062253
2089,FLYING J TRAVEL PLAZA #774,"I-84, EXIT 7",Snowville                               ,UT,835,3.749,Snowville,UT,41.840321,-112.353391
2115,KWIK TRIP #838,SR-23/SR-33,Reedsburg,WI,420,3.194,Reedsburg,WI,43.5325,-90.0025
2125,BIG D #44,"I-80, EXIT 311 & SR-130",Laramie,WY,795,3.249,Laramie,WY,41.312907,-105.581146
2144,Mountain View Truck Stop,US-15,Thurmont,MD,60,4.099,Thurmont,MD,39.606576,-77.405114
2152,SPEEDWAY #4709,"I-90, EXIT 102",Fairmont,MN,425,3.299,Fairmont,MN,43.637592,-94.45095
2167,PILOT TRAVEL CENTERS #134,"I-94, EXIT 171 (CR 75)",Saint Cloud,MN,451,3.28733333,Saint Cloud,MN,45.552113,-94.128447
2182,PILOT TRAVEL CENTER #4649,"I-64 & I-81, EXIT 205",Raphine,VA,185,3.659,Raphine,VA,37.937353,-79.221903
2192,GO MART FOOD STORE #51,US-19/SR-129,Mount Nebo                              ,WV,44,3.599,Mount Nebo,WV,38.197064,-80.820204
2194,A AND A TRUCKSTOP,US-35 & CR-41,Jackson,OH,315,3.799,Jackson,OH,39.042821,-82.647209
2196,Certified Oil #400410,I-76 EXIT 43,Ravenna,OH,249,3.31566666,Ravenna,OH,41.164886,-81.233656
2204,NATURAL BRIDGE SHELL,US-278 & SR-5,Lynn,AL,615,3.68233333,Lynn,AL,34.052984,-87.539814
2209,Roadrunner #471,"I-40/US-65, EXIT 142 & SR-365",North Little Rock,AR,695,3.03233333,North Little Rock,AR,34.766974,-92.265376
2219,PILOT TRAVEL CENTER #66,"I-85, EXIT 129",Braselton,GA,16,3.27233333,Braselton,GA,34.138941,-83.781162
2223,PO JOS GAS N GO,"I-16 SR-404, EXIT 116 & US-301/SR-73",Register,GA,195,3.23233333,Register,GA,32.338235,-81.872828
2227,SPEEDWAY #7448,SR-59,Naperville,IL,293,3.299,Naperville,IL,41.766198,-88.141038
2231,QUIKTRIP #605,"I-270, EXIT 33",Saint Louis,MO,540,2.899,Saint Louis,MO,38.642574,-90.324189
2255,S&G #36,"I-280, EXIT 2 & SR-795",Millbury,OH,550,3.49233333,Millbury,OH,41.56106,-83.438083
2267,Circle K #4703917,"I-65, EXIT 112 & SR-25",Cross Plains,TN,460,2.949,Cross Plains,TN,36.553068,-86.676088
2283,CIRCLE K #2707321,SR-60,Bartow,FL,225,3.52233333,Bartow,FL,27.895664,-81.812684
2287,SAC SHOP #511,"I-76/I-70, EXIT 146 & I-99/US-220 EXIT 1",Bedford,PA,14,4.099,Bedford,PA,39.990838,-78.526071
2306,SCOTCHMAN #3894,"I-77, EXIT 73 & SR-901",Rock Hill,SC,210,3.079,Rock Hill,SC,34.915068,-81.012904
2310,MAPCO #3686,"I-24, EXIT 175",Chattanooga,TN,285,2.889,Chattanooga,TN,35.0455,-85.3081
2311,SHELL,"I-24 & EPPS MILL RD, EXIT 89",Christiana                              ,TN,460,3.13233333,Christiana,TN,35.740877,-86.407932
2331,PINNERS POINT,SR-135,Portsmouth,VA,130,3.499,Portsmouth,VA,36.808902,-76.36714
2336,FLYING J TRAVEL PLAZA #754,"I-77 & I-81, EXIT 77",Wytheville,VA,185,3.549,Wytheville,VA,36.940669,-81.094082
2340,RSTORE #4478,SR-8 & SR-13,Prentice,WI,395,3.039,Prentice,WI,45.548201,-90.294217
2557,PWI #106,"I-30, EXIT 77B",Royse City,TX,630,2.899,Royse City,TX,32.962778,-96.36484
2602,PILOT TRAVEL CENTERS #9,"I-75, EXIT 36",Franklin,OH,407,3.35233333,Franklin,OH,39.547839,-84.305881
2623,TA JANESVILLE TRAVEL CENTER,"I-90/I-39, EXIT 171B & US-14",Janesville,WI,420,3.299,Janesville,WI,42.691542,-89.033124
2626,WEST END SINCLAIR,"I-80, EXIT 211",Rawlins,WY,838,3.319,Rawlins,WY,41.795131,-107.234883
2629,PILOT TRAVEL CENTERS #253,"I-295 & NJ TRNPK,  EXIT 2B",Penns Grove,NJ,243,3.989,Penns Grove,NJ,39.717938,-75.465623
2635,FLYING J #584,"I-5, EXIT 278",Aurora,OR,935,3.859,Aurora,OR,45.228432,-122.803881
2638,PIT STOP TRAVEL CENTER,US-789,Riverton                                ,WY,790,4.399,Riverton,WY,43.045786,-108.411335
2640,LITTLE NASHVILLE,"I-64, EXIT 50 & SR-127",Nashville,IL,540,3.299,Nashville,IL,38.335208,-89.384058
2644,FREDERICKS TRAVEL CENTER,"I-25/US-87, EXIT 235 & SR-52",Erie,CO,800,3.499,Erie,CO,40.059746,-105.068583
2756,PAR MAR FOOD STORE #89,"I-77/SR-2, EXIT 170 & SR-14 E",Mineral Wells,WV,430,3.499,Mineral Wells,WV,39.21,-81.5305
2761,PONY EXPRESS SERVICE CENTER,US-36 & SR-148,Hanover,KS,316,2.95566666,Hanover,KS,39.89266,-96.868947
2764,LOVES TRAVEL STOP #046,US-64/54 & SR-94,Hooker,OK,585,3.56233333,Hooker,OK,36.847981,-101.190683
2765,LOVES TRAVEL STOP #023,US-50 & US-287,Lamar,CO,525,3.46233333,Lamar,CO,38.084136,-102.619195
2772,PILOT TRAVEL CENTERS #29,"I- 80, EXIT 144; I-69, EXIT 357",Fremont                                 ,IN,465,3.899,Fremont,IN,41.733125,-84.945247
2779,Stinker #121,I-84 & EXIT 208,Heyburn,ID,787,3.56066666,Heyburn,ID,42.559922,-113.770885
2788,JIFFY MART #451,"I-91, EXIT 17 & SR-302",Wells River,VT,39,3.569,Wells River,VT,44.152438,-72.052958
2805,Fast Stop Travel Centers #1145,"I-15,  EXIT 31",Downey,ID,825,3.799,Downey,ID,42.418127,-112.109019
2807,SUDDEN SERVICE #25,"I-24, EXIT 11",Clarksville,TN,460,3.30733333,Clarksville,TN,36.522014,-87.348997
2811,KWIK FILL #22,"I-90, EXIT 40 & SR-34/SR-31",Weedsport,NY,220,3.899,Weedsport,NY,43.048882,-76.542502
2817,Chevron #382354,"I-5/US-12, EXIT 72",Chehalis,WA,977,4.299,Chehalis,WA,46.638193,-122.965764
2848,TA TONOPAH TRAVEL CENTER,"I-10, EXIT 103",Tonopah,AZ,930,3.939,Tonopah,AZ,33.422797,-112.952785
2851,SPEEDWAY #2958,"I-8, EXIT 12",Yuma,AZ,900,3.479,Yuma,AZ,32.701507,-114.642362
2862,TA TALLULAH TRAVEL CENTER,"I-20, EXIT 171 & US-65",Tallulah,LA,760,3.209,Tallulah,LA,32.402127,-91.190066
2864,KUM & GO #0493,I-49 BUS/SR-59,Neosho,MO,535,3.059,Neosho,MO,36.870634,-94.386218
2875,CIRCLE K #2744138,"I-25, EXIT 101 & US-50/SR-47",Pueblo,CO,803,3.399,Pueblo,CO,38.287876,-104.584828
2883,PILOT TRAVEL CENTERS #293,"I-75, EXIT 341 & CR-484",Ocala                                   ,FL,140,3.359,Ocala,FL,29.1981,-82.0974
2885,SP Truckstop & Travel Center,US-84/SR-38,Bainbridge,GA,20,3.599,Bainbridge,GA,30.9355,-84.5809
2889,MOULTON COWBOYS,SR-157,Moulton                                 ,AL,615,3.099,Moulton,AL,34.505836,-87.222385
2891,PETRO STOPPING CENTER #338,"I-80, EXIT 21",Sparks,NV,966,3.949,Sparks,NV,39.547254,-119.755588
2895,EAGLE TRUCK STOP,I-77 EXIT 81,New Philadelphia,OH,249,3.31566666,New Philadelphia,OH,40.484539,-81.435827
2896,NORTH LEWISTON DYNAMART,US-12 & SR 128,Lewiston,ID,970,3.669,Lewiston,ID,46.389457,-116.987714
2897,GAS N GO #15,"I-80, EXIT 41",Lyman,WY,827,3.46566666,Lyman,WY,41.329136,-110.292629
2910,FLYING J TRAVEL PLAZA #685,"I-29 & I- 94, EXIT 349",Fargo                                   ,ND,341,3.569,Fargo,ND,46.900878,-96.793577
2913,ONE9#226,"I-40, EXIT 417 & SR-92",Dandridge,TN,405,3.259,Dandridge,TN,36.001798,-83.404435
2915,TP TRUCK STOP,"I-15, EXIT 80",Fort Hall                               ,ID,825,3.519,Fort Hall,ID,42.988717,-112.459854
2917,GOLDYS TRUCK PLAZA,US-29,Rustburg,VA,185,3.519,Rustburg,VA,37.25454,-79.121507
2922,LOVES TRAVEL STOP #210,"I-40, EXIT 158",Albuquerque,NM,580,3.52066666,Albuquerque,NM,35.0936,-106.6423
2923,LOVES TRAVEL STOPS #435,"I-95, EXIT 104 & SR-207",Ruther Glen,VA,180,3.589,Ruther Glen,VA,37.945059,-77.47135
2924,HWY 190 FUEL STOP,US-190,Jasper                                  ,TX,610,3.13233333,Jasper,TX,30.925348,-94.021481
2926,EXIT 77 TRAVEL PLAZA,"I-81, EXIT 77 & SR-39",Harrisburg,PA,70,3.499,Harrisburg,PA,40.261767,-76.883079
2929,TA EXPRESS STEELE,"I-94, EXIT 200 & SR- 3",Steele,ND,390,3.599,Steele,ND,46.852357,-99.933559
2935,CIRCLE K #2726163,"I-295, EXIT 22",Jacksonville,FL,75,3.299,Jacksonville,FL,30.3163,-81.4175
2937,FLYING J TRAVEL PLAZA #664,"I-75, EXIT 171",Walton,KY,300,3.08566666,Walton,KY,38.887491,-84.63277
2956,PILOT TRAVEL CENTERS #275,"I-85, EXIT 39 I-77, EXIT 13",Charlotte,NC,46,3.55233333,Charlotte,NC,35.2269,-80.8433
2963,SUPERPUMPER #26,"I-94, EXIT 258 & US-281",Jamestown,ND,390,3.629,Jamestown,ND,46.905899,-98.706127
2967,PETRO STOPPING CENTER #317,"I-57, EXIT 71",Perrysburg,OH,550,3.78566666,Perrysburg,OH,41.542926,-83.592727
2968,E-Z MART #4460,"I-20,  EXIT 124",Monroe,LA,719,3.129,Monroe,LA,32.528551,-92.106104
2977,DISCOUNT FUEL,"I-90, EXIT 150 & SR-73",Kadoka,SD,506,3.229,Kadoka,SD,43.84457,-101.552272
2982,CIRCLE K #2723726,"I-59/I-20, EXIT 52 & US-11/US-43/SR-7",Knoxville,AL,705,3.089,Knoxville,AL,32.982423,-87.791855
3003,CHEVRON,"I-20, EXIT 186",Delta                                   ,LA,760,2.994,Delta,LA,32.325556,-90.926944
3008,BUSY BEE,"I-10, EXIT 283 & US-129",Live Oak,FL,10,3.779,Live Oak,FL,30.286622,-83.024994
3022,TA GREENCASTLE TRAVEL CENTER,"I-81, EXIT 5",Greencastle,PA,70,3.959,Greencastle,PA,39.781827,-77.746956
3030,Mr Ts Riverside,US-412,Cardwell                                ,MO,435,3.199,Cardwell,MO,36.04345,-90.290696
3064,PORTS TO PLAINS TRAVEL PLAZA,US-50 & US-287,Lamar,CO,800,3.399,Lamar,CO,38.084136,-102.619195
3086,SPEEDWAY #4638,US-29,Madison Heights,VA,185,3.49566666,Madison Heights,VA,37.453102,-79.114089
3093,RSTORE #4488,US-51,Merrill,WI,395,3.24066666,Merrill,WI,45.180924,-89.690696
3096,HOBO PANTRY #6,US-431/SR-210,Dothan,AL,20,3.959,Dothan,AL,31.202888,-85.418036
3118,MOBIL,"I-87, EXIT 42 & US-11",Champlain,NY,39,3.799,Champlain,NY,44.977292,-73.446603
3128,TA ATLANTA SOUTH TRAVEL CENTER,"I-75, EXIT 201 & SR-36",Jackson,GA,18,3.334,Jackson,GA,33.282006,-83.978391
3138,TA EXPRESS #6264,"I-70, EXIT 26 & US-50",Grand Junction,CO,800,4.049,Grand Junction,CO,39.078326,-108.545692
3139,CHEROKEE TRAVEL MART,"I-40,  EXIT 108",Calumet                                 ,OK,483,3.10566666,Calumet,OK,35.594819,-98.189991
3148,YESWAY #1038,US-60 & SR-86,Neosho,MO,307,3.059,Neosho,MO,36.870634,-94.386218
3155,QUIK MART #18,US-72/SR-157,Tuscumbia                               ,AL,615,3.00733333,Tuscumbia,AL,34.687432,-87.683259
3163,QUIKTRIP #71,"I-44, EXIT 238",Tulsa,OK,560,3.039,Tulsa,OK,36.05566,-96.060229
3164,QUIKTRIP #102,"I-44, EXIT 222A",Tulsa,OK,560,3.039,Tulsa,OK,36.05566,-96.060229
3165,LOVES TRAVEL STOP #213,"I-35, EXIT 211",Tonkawa,OK,500,3.584,Tonkawa,OK,36.68062,-97.30634
3167,JASPER FOOD MART,US-78,Jasper,AL,615,3.229,Jasper,AL,33.871672,-87.249144
3171,One9 #265,"I-40, EXIT 287 & SR-136",Cookeville,TN,405,3.084,Cookeville,TN,36.174261,-85.49531
3176,BP,US-6 & SR-15,New Paris                               ,IN,365,3.65733333,New Paris,IN,41.491652,-85.83383
3178,ERNIES FUEL STOP #1605,SR-167,Kent,WA,977,4.599,Kent,WA,47.3695,-122.1949
3179,MR FUEL #1020,"I-80 & I-94, EXIT 15B",Lake Station,IN,365,3.56566666,Lake Station,IN,41.568629,-87.262209
3191,BUSY CORNER TRUCK STOP AND MARKET,"I-24, EXIT 105 & US-41/SR-2",Manchester,TN,460,3.049,Manchester,TN,35.481667,-86.088611
3205,CROSSROADS TRUCK STOP STATION,"I-29 & SR 34, MM 109",Colman                                  ,SD,530,3.159,Colman,SD,43.955761,-96.818882
3206,PERHAM OASIS,US-10 & SR-78,Perham,MN,250,3.499,Perham,MN,46.603106,-95.581763
3215,SHELL TRUCKSTOP,"I-4, EXIT 44",Polk City,FL,225,3.449,Polk City,FL,28.19867,-81.808282
3216,MAXS #124,"I-24, EXIT 86 & US-41",Oak Grove,KY,460,3.04233333,Oak Grove,KY,36.665225,-87.425514
3221,Southern Travel Plaza,"US-67, EXIT 55 & US-64/US-167 & SR-367",Bald Knob,AR,695,3.391,Bald Knob,AR,35.311331,-91.550197
3222,POMPANO TRUCK STOP,"I-95, EXIT 36B",Pompano Beach,FL,95,3.759,Pompano Beach,FL,26.231529,-80.12346
3226,ONE9 #245,"I-81, EXIT 77 & SR-39",Harrisburg,PA,70,3.609,Harrisburg,PA,40.261767,-76.883079
3227,ONE9 MR FUEL #64,"I-26 & US-17, EXIT 199",Summerville,SC,42,3.219,Summerville,SC,33.028045,-80.173852
3230,STRIPES #40815,US-281 & US-285,Falfurrias,TX,625,3.299,Falfurrias,TX,27.22416,-98.140844
3264,TA WEST MEMPHIS TRAVEL CENTER,"I-40/US-63, EXIT 260 & SR-149",Earle,AR,435,3.36733333,Earle,AR,35.27989,-90.450261
3280,OUTPOST TRUCK STOP,US-85 & US-18/US-20,Lusk,WY,790,3.689,Lusk,WY,42.765953,-104.465076
3281,AMERICAN TRUCK PLAZA,I-80 EXIT 215 & SR-254,Milton,PA,138,3.799,Milton,PA,41.01681,-76.839817
3284,CASEYS #4390,"I-49/US-71, EXIT 77 & US-160",Lamar,MO,416,3.199,Lamar,MO,37.500221,-94.270253
3297,SAPP BROS TRAVEL CENTER,"I-80, EXIT 370",Cheyenne,WY,795,3.70066666,Cheyenne,WY,41.143719,-104.796234
3316,TRUCKOMAT OF N LITTLE ROCK,"I-40, EXIT 161 & SR-391",North Little Rock                       ,AR,695,3.249,North Little Rock,AR,34.766974,-92.265376
3326,MIRABITO #61,"I-81, EXIT 32",Central Square,NY,12,4.299,Central Square,NY,43.308986,-76.184852
3330,TA # 211 GREENLAND TRAVEL CENTER,"I-95, EXIT 3A & US-101",Greenland,NH,34,3.759,Greenland,NH,43.035294,-70.847476
3349,QUEEN CITY TRUCK STOP,"I-20 & I-59, EXIT150",Meridian,MS,705,2.939,Meridian,MS,32.357441,-88.655973
3383,E-Express at Central Truck Stop,"I-35, EXIT 137",Oklahoma City,OK,483,2.879,Oklahoma City,OK,35.3337,-97.4922
3386,LONGMONT TRUCK STOP,"I-25/US-87, EXIT 240 & SR-119",Longmont,CO,800,3.239,Longmont,CO,40.177921,-105.10095
3401,POPS Mart #333,"I-77, EXIT 48 & SR-200",Winnsboro,SC,46,3.09066666,Winnsboro,SC,34.381008,-81.10899
3413,COUNTRY GIRL TRUCK STOP,US-167 & SR-156,Winnfield,LA,590,3.319,Winnfield,LA,31.921389,-92.636646
3415,JAYS EL CHEAPO FUEL STOP,"I-16, EXIT 104",Metter                                  ,GA,195,3.249,Metter,GA,32.401034,-82.060722
3418,Par Mar Store #164,"I-79, EXIT 105 & CR-7",Jane Lew,WV,165,3.999,Jane Lew,WV,39.109989,-80.431059
3421,ERNIES TRUCK STOP,"I-5, EXIT 142",Federal Way,WA,977,4.599,Federal Way,WA,47.3203,-122.311726
3422,PWI #167,"I-10, EXIT 601",Seguin,TX,740,2.889,Seguin,TX,29.561316,-97.962801
3427,JOHNNYS MARKET,"I-69, EXIT 357",Fremont,IN,465,3.699,Fremont,IN,41.733125,-84.945247
3432,PILOT TRAVEL CENTERS #34,"I-65, EXIT 201 & US-231",Remington,IN,365,3.659,Remington,IN,40.766653,-87.15994
3435,PWI #168,"I-35, EXIT 266 & SR-195",Georgetown,TX,740,2.799,Georgetown,TX,30.633038,-97.670704
3444,Acme Truck Stop,US-441/SR-500,Orlando,FL,140,3.449,Orlando,FL,28.498821,-80.58248
3460,CHROME TRUCK STOP,US-18 & US-169,Algona,IA,433,3.499,Algona,IA,43.065976,-94.230638
3464,BOISE PETROLEUM LLC,"I-84,  EXIT 71",Boise,ID,785,3.379,Boise,ID,43.6136,-116.2025
3471,ONE9 MR FUEL #72,"I-16, EXIT 160",Savannah,GA,195,3.119,Savannah,GA,32.067631,-81.102394
3475,PILOT TRAVEL CENTERS #56,"I-85, EXIT 63",Kannapolis,NC,46,3.499,Kannapolis,NC,35.502016,-80.635875
3477,CIRCLE K #4707404,"I-91, EXIT 7",Springfield,VT,170,3.699,Springfield,VT,43.303433,-72.477769
3479,FAST MARKET #4550,"I-75/SR-401, EXIT 136 & US-341",Perry,GA,85,3.099,Perry,GA,32.46051,-83.728258
3493,CIRCLE K #2723675,"I-75, EXIT 290 & SR-20",Cartersville,GA,18,3.08566666,Cartersville,GA,34.186975,-84.820401
3519,PILOT TRAVEL CENTERS #431,"I-10, EXIT 873",Orange,TX,610,3.309,Orange,TX,30.125167,-93.771883
3522,SUNMART #308,US-59,Livingston                              ,TX,610,2.859,Livingston,TX,30.718018,-94.935278
3526,JOE STOP 99,"I-75, EXIT 99 & SR-119",Anna,OH,411,3.064,Anna,OH,40.405105,-84.210344
3530,SPARKYS ONE STOP #22,"I-35, EXIT 111B & US-30",Jefferson,IA,320,3.23233333,Jefferson,IA,42.009325,-94.388768
3536,PETRO STOPPING CENTER #307,I-40 EAST & S LAKESIDE Dr,Amarillo,TX,585,3.279,Amarillo,TX,35.203238,-101.842052
3539,Bigs 211,"I-10, EXIT 620 & SR-123",Seguin,TX,740,3.099,Seguin,TX,29.561316,-97.962801
3545,STOCKMENS TRUCK PLAZA,"I-494, EXIT 64A",South Saint Paul,MN,450,3.499,South Saint Paul,MN,44.888128,-93.046013
3580,STINKER I 80 TRAVEL PLAZA,"I-80, EXIT 221 & SR-76",Sinclair,WY,838,3.759,Sinclair,WY,41.779741,-107.109083
3585,CHEVRON,"I-80, EXIT 129",Lovelock,NV,966,3.499,Lovelock,NV,40.1819,-118.468915
3588,BINGO TRUCK STOP,"I-10, EXIT 829 & SR-124",Winnie                                  ,TX,610,2.999,Winnie,TX,29.815676,-94.339499
3592,TA BRIDGER TRAVEL CENTER #188,"I-80, EXIT 30 & CR-202",Fort Bridger,WY,835,3.71566666,Fort Bridger,WY,41.28282,-110.347428
3593,TA Parowan Travel Center,"I-15, EXIT 78",Parowan,UT,910,3.70566666,Parowan,UT,37.844861,-112.832251
3605,SPEEDYS #6,"I-35, EXIT 33",Saint Joseph,MO,400,3.169,Saint Joseph,MO,39.768755,-94.838488
3608,FUEL MART #787,"I-57, EXIT 212 & US-36",Tuscola,IL,280,3.199,Tuscola,IL,39.799509,-88.281585
3614,PILOT TRAVEL CENTERS #35,"I-80/90, EXIT 72 & US-31",South Bend                              ,IN,465,3.799,South Bend,IN,41.672699,-86.253489
3616,PILOT TRAVEL CENTERS #15,"I-75, EXIT 210",Toledo,OH,550,3.77233333,Toledo,OH,41.642,-83.5438
3619,ROAD RANGER #141,"I-70, EXIT 23",Brazil,IN,375,3.659,Brazil,IN,39.521041,-87.127767
3620,One9 #16,"I-71 & US-68, EXIT 50",Wilmington                              ,OH,315,3.14233333,Wilmington,OH,39.448788,-83.841653
3645,SNOW SHOE TRAVEL PLAZA,"I-80, EXIT 147 & SR-144",Snow Shoe,PA,14,3.469,Snow Shoe,PA,41.037581,-77.95228
3678,TIMES MARKET #299,US-281 BUS,Alice,TX,625,3.099,Alice,TX,27.743171,-98.083622
3688,SPEEDWAY #2314,"I-94, EXIT 243 & SR-29",New Baltimore,MI,342,3.559,New Baltimore,MI,42.675344,-82.780102
3692,CHARLOTTE TRAVEL PLAZA,"I-77,  EXIT 16B",Charlotte,NC,46,3.53233333,Charlotte,NC,35.2269,-80.8433
3699,WARREN TRAVEL PLAZA,"I-69, EXIT 278 & SR-5",Warren,IN,375,3.399,Warren,IN,40.688646,-85.418337
3702,BEARS DEN TRADING POST #101,ST 37 11 MI E OF MASSENA,Hogansburg                              ,NY,39,3.649,Hogansburg,NY,44.982511,-74.662649
3707,SPEEDWAY #4704,"I-90, EXIT 154",Albert Lea,MN,425,3.299,Albert Lea,MN,43.653678,-93.370672
3718,SPEEDWAY #4706,"I-90, EXIT 265",Chamberlain,SD,455,3.299,Chamberlain,SD,43.795295,-99.311819
3719,KEYSTONE TRUCK STOP,US-22 & SR-164,Loretto,PA,14,3.999,Loretto,PA,40.510484,-78.629357
3725,GENEVA TRUCK STOP,"I-79, EXIT 35/141",Cochranton                              ,PA,240,3.81566666,Cochranton,PA,41.520487,-80.057269
3728,PLAZA 23 TRUCK STOP,"I-787, EXIT 2",Albany,NY,12,3.799,Albany,NY,42.6525,-73.7566
3737,JORDAN'S KWIK STOP #70,US-49,West Helena                             ,AR,435,3.399,West Helena,AR,34.549635,-90.654531
3745,PILOT TRAVEL CENTER #906-TOWN PUMP,"I-90, EXIT 408 & SR-78",Columbus,MT,780,3.58066666,Columbus,MT,45.626171,-109.257126
3759,EXXON,US-67 & SR-18,Newport,AR,695,4.13233333,Newport,AR,35.598823,-91.257064
3767,SIMMONS TRAVEL CENTER,"I-95, EXIT 8 & US-301",Emporia,VA,180,3.099,Emporia,VA,36.685689,-77.562953
3772,Brake Time Corner Market,"I-25, EXIT 240",Burlington                              ,CO,800,3.499,Burlington,CO,39.310649,-102.258281
3774,SINCLAIR,"I-70, EXIT 438",Burlington                              ,CO,796,3.889,Burlington,CO,39.310649,-102.258281
3781,REATTA TRAVEL STOP,"I-76, EXIT 149 & SR-55/CR-81",Crook,CO,475,3.38233333,Crook,CO,40.874743,-102.847174
3783,CIRCLE K #2744095,"I-25, EXIT 215",Denver,CO,800,3.299,Denver,CO,39.840562,-105.007985
3794,SPEEDWAY #4701,"I-90, EXIT 73",Jackson,MN,425,3.299,Jackson,MN,43.645732,-94.993827
3817,FAST MARKET,"I-25, EXIT 158",Colorado Springs,CO,803,3.159,Colorado Springs,CO,38.8335,-104.8206
3843,ONCUE EXPRESS #61,"I-35, EXIT 185 & US-77",Perry,OK,500,3.21566666,Perry,OK,36.287468,-97.284175
3868,SHORE STOP #279,US-13,Greenwood,DE,194,3.239,Greenwood,DE,38.817519,-75.593547
3888,Fics Plaza,"I-90, EXIT 184",Deer Lodge                              ,MT,816,3.519,Deer Lodge,MT,46.38807,-112.747589
3889,CIRCLE K #2701686,"I-75, EXIT 220",Bradenton,FL,225,3.439,Bradenton,FL,27.502778,-82.513889
3907,SUNOCO,US-46 & SR-93,Palisades Park,NJ,105,3.279,Palisades Park,NJ,40.846238,-73.995436
3908,SEMINOLE TRUCK STOP,"I-75, EXIT 354",Fort Lauderdale,FL,95,3.699,Fort Lauderdale,FL,26.121561,-80.128778
3927,MICCOSUKEE SERVICE PLAZA,"I-75, EXIT 49 & SR-84",Fort Lauderdale                         ,FL,95,3.66566666,Fort Lauderdale,FL,26.121561,-80.128778
3936,Uncle Petes Truck  Stop,"I-40, EXIT 239 & US-70/SR-26",Lebanon,TN,460,2.989,Lebanon,TN,36.209792,-86.302367
3946,Fast Lane,US-24 & US-63,Moberly,MO,310,3.469,Moberly,MO,39.420239,-92.435793
3949,SUNSTOP #337,"I-10/SR-8, EXIT 303 & US-441",Lake City,FL,75,3.699,Lake City,FL,30.0949,-82.7117
3956,CIRCLE K #2707451,US-27/SR-25 & SR-70,Lake Placid,FL,225,3.399,Lake Placid,FL,27.294474,-81.364918
3964,SPEEDWAY #6604,"I-94, EXIT 66",Mattawan,MI,465,3.489,Mattawan,MI,42.245069,-85.794281
3970,EXXON - Pilot #1293,"I-30, EXIT 61",Garland,TX,630,2.84233333,Garland,TX,32.922744,-96.624804
3973,LOVES TRAVEL STOP #205,"I-35 & I-44, EXIT 137",Oklahoma City,OK,483,3.319,Oklahoma City,OK,35.3337,-97.4922
3974,LOVES TRAVEL STOP #201,I-40 EXIT 41,Elk City,OK,483,3.12566666,Elk City,OK,35.410359,-99.421086
3975,SUNSTOP #334,"I-10, EXIT 335 & SR-121",Macclenny,FL,75,3.459,Macclenny,FL,30.273671,-82.132475
3979,PETRO GARY 369,"I-80 & I-94, EXIT 9",Gary,IN,365,3.83066666,Gary,IN,41.593333,-87.346389
4006,MISSILE MART #1,US-167 & SR-7,El Dorado,AR,635,3.499,El Dorado,AR,33.20735,-92.662856
4008,BALDWIN TRAVEL PLAZA,"I-94, EXIT 19 & US HWY 63",Baldwin                                 ,WI,295,3.503,Baldwin,WI,44.9657,-92.365498
4025,BP,"I-85, EXIT 21  & US-178",Anderson,SC,30,2.909,Anderson,SC,34.526051,-82.630436
4035,PILOT TRAVEL CENTER #430,"I-40,  EXIT 84",Russellville,AR,695,3.375,Russellville,AR,35.284208,-93.131476
4062,DUDLEYS TRUCK STOP RESTAURANT,US-220,Rocky Mount,VA,185,3.299,Rocky Mount,VA,36.989101,-79.883959
4063,STUCKEY'S,"I-59, EXIT 67 & US-49",Hattiesburg,MS,620,2.999,Hattiesburg,MS,31.314553,-89.306471
4080,SHELL DBA PILOT DEALER #874,US-41,Miami,FL,176,3.699,Miami,FL,25.779,-80.1982
4101,E-Z MART #4411,HIGHWAY 69 & COBBLESTONE DR,Pryor,OK,560,3.099,Pryor,OK,36.292112,-95.312942
4113,ASAP GENERAL STORE #330,US-412/SR-15,Enid,OK,500,3.08233333,Enid,OK,36.402842,-97.862257
4115,QUIKTRIP #707,"I-85 , EXIT 96",Atlanta,GA,18,3.34066666,Atlanta,GA,33.749788,-84.31685
4119,JET FOOD STORE #82,US-441 & CR-13,Douglas,GA,10,3.44066666,Douglas,GA,31.497287,-82.846468
4156,PETRO STOPPING CENTER #305,"I-10, EXIT 582",San Antonio,TX,740,3.20733333,San Antonio,TX,29.468525,-98.526352
4161,EL CHEAPO,I-95 & EXIT 76,Midway                                  ,GA,195,3.52566666,Midway,GA,31.801803,-81.390897
4164,CIRCLE K #2723897,"I-75, EXIT 138",Thomasville,GA,20,3.23566666,Thomasville,GA,30.8665,-83.9233
4169,TA KINGMAN TRAVEL CENTER,"I-40, EXIT 48 & US-93",Kingman,AZ,910,3.899,Kingman,AZ,35.258379,-114.05689
4171,PETRO SERVE USA #11,US-2 & US-71,Bemidji,MN,355,3.499,Bemidji,MN,47.488071,-94.848809
4172,FLYING J TRAVEL PLAZA #639,"I-90, EXIT 2",Post Falls,ID,970,3.76233333,Post Falls,ID,47.720475,-116.935349
4179,CIRCLE K #2705352,"I-95/SR-405, EXIT 109 & SR-30/SR-21",Port Wentworth                          ,GA,195,3.099,Port Wentworth,GA,32.92380187716535,-83.6176606503937
4187,FLYING J TRAVEL PLAZA #632,"I-75, EXIT 320",Resaca,GA,285,3.29566666,Resaca,GA,34.591996,-84.916251
4193,TIGER MART #63,"I-20, EXIT 454",Grand Prairie,TX,630,3.599,Grand Prairie,TX,32.76488,-97.01121
4199,PWI #574,"I-70, EXIT 193/US-40",Bunker Hill,KS,357,2.959,Bunker Hill,KS,38.835704,-98.678285
4204,PILOT TRAVEL CENTER #415,"I-59, EXIT 4",Rising Fawn,GA,285,3.819,Rising Fawn,GA,34.853491,-85.471078
4211,FLYING J #513,"I-15, EXIT 1",Jean,NV,910,3.73233333,Jean,NV,35.854839,-115.469154
4220,KENNETT TRUCK STOP,"I-275, EXIT 16",Lawrenceburg                            ,IN,300,3.424,Lawrenceburg,IN,39.140123,-84.865819
4222,Circle K #4703906,"I-24, EXIT 24 & SR-49",Pleasant View,TN,460,2.899,Pleasant View,TN,36.378281,-87.03948
4223,TA PEMBROKE TRAVEL CENTER,"I-90, EXIT 48A",Corfu,NY,38,3.829,Corfu,NY,42.977734,-78.392906
4227,LOVES TRAVEL STOP #203,"I-40, EXIT 140",Oklahoma City,OK,483,3.35566666,Oklahoma City,OK,35.3337,-97.4922
4233,QUIKTRIP #7220,"I-20, EXIT 8",Shreveport,LA,745,2.89233333,Shreveport,LA,32.503743,-93.748696
4239,SPEEDWAY #8256,"I-64, EXIT 94 & SR-1958 & US-60",Winchester,KY,410,2.92233333,Winchester,KY,37.987161,-84.178894
4241,EXXON,"I-285, EXIT 53",Conley,GA,18,3.999,Conley,GA,33.644722,-84.325833
4267,CONOCO,US-30 & SR-41,Gap,PA,160,3.799,Gap,PA,40.002018,-75.997801
4292,KUM & GO #0032,"I-80/US-6, EXIT 155 & SR-117",Colfax,IA,320,3.08233333,Colfax,IA,41.678785,-93.258816
4301,TIGER DISCOUNT TRUCKSTOP,"I-94, EXIT 64 & I-94 BUS",Dickinson,ND,807,3.51566666,Dickinson,ND,46.887289,-102.787595
4311,Saveway Truck Plaza,"I-65, EXIT 164 & US-31",Hope Hull,AL,720,3.139,Hope Hull,AL,32.224256,-86.393189
4331,KWIK STOP C STORES,US-61/US-151,Dubuque,IA,335,3.559,Dubuque,IA,42.514977,-90.681914
4332,PILOT TRAVEL CENTER #468,"I-57, EXIT 283 & US-24",Gilman,IL,280,3.399,Gilman,IL,40.767987,-87.993336
4335,HIGHWAY 20  AUTO TRUCK PLAZA,US-20,Peosta,IA,335,3.489,Peosta,IA,42.443535,-90.809372
4339,ROAD RANGER #273,I-69E/US-77 & SR-107,Combes,TX,639,3.049,Combes,TX,26.248333,-97.733611
4349,ROAD RANGER #144,"I-380, EXIT 68US-20, EXIT 68",Evansdale,IA,565,3.729,Evansdale,IA,42.475453,-92.281158
4363,EL CHEAPO #4,"I-95, EXIT 87",Richmond Hill,GA,195,3.09566666,Richmond Hill,GA,31.896152,-81.294026
4368,HOODS SERVICE CENTER,"I-44, EXIT 61",Bois D Arc,MO,535,3.074,Bois D Arc,MO,37.221417,-93.544722
4372,GRADYS TRUCKSTOP,"I-16, EXIT 111",Pulaski                                 ,GA,195,3.46566666,Pulaski,GA,32.39,-81.956944
4373,KUM & GO #0043,"I-35, EXIT 43 & SR-207/CRG76",New Virginia,IA,320,3.114,New Virginia,IA,41.160063,-93.711312
4389,TAYLOR QUIK-PIK,"I-29, EXIT 75 & US-30",Missouri Valley,IA,486,3.399,Missouri Valley,IA,41.564399,-95.891346
4395,BREAK TIME #3147,"I-55, EXIT 67 & US-62",Sikeston,MO,275,3.499,Sikeston,MO,36.891111,-89.58197
4417,TA MORIARITY TRAVEL CENTER,"I-40, EXIT 194",Moriarty,NM,580,3.21733333,Moriarty,NM,34.988878,-106.060871
4419,CASEYS #3081,"I-35, EXIT 92 & US-136",Bethany,MO,400,3.06066666,Bethany,MO,40.260055,-94.018863
4427,CASEYS #2654,"I-80/US-6, EXIT 93 & CR-P28",Stuart,IA,320,3.099,Stuart,IA,41.518643,-94.304563
4431,CASEYS #2653,"US-63 & US-30, EXIT 202",Toledo,IA,320,3.349,Toledo,IA,42.007696,-92.566206
4437,UNDERWOOD TRUCK STOP I 80,"I-80, EXIT 17",Underwood                               ,IA,319,3.00066666,Underwood,IA,41.360294,-95.626997
4441,PILOT TRAVEL CENTERS #51,"I-81 BAILEYTON RD, EXIT 36",Greeneville,TN,405,3.56233333,Greeneville,TN,36.160807,-82.833136
4442,Minuteman Food Mart #58,US-74/US-76,Delco,NC,245,3.50733333,Delco,NC,34.327419,-78.19169
4445,TA Rogers,"I-94/US-52, EXIT 207 & SR-101",Rogers,MN,448,3.274,Rogers,MN,45.171484,-93.581445
4446,LOVES TRAVEL STOP #200,I-40 EXIT 74,Amarillo,TX,585,3.209,Amarillo,TX,35.203238,-101.842052
4451,PRAIRIE JUNCTION TRUCK STOP,"I-29, EXIT 109 & SR-34",Colman,SD,530,3.099,Colman,SD,43.955761,-96.818882
4452,CASEYS #2867,US-63 & US-20,Waterloo,IA,380,3.499,Waterloo,IA,42.477784,-92.366099
4458,KUM & GO #1443,"I-80, EXIT 216",Williamsburg,IA,380,3.13066666,Williamsburg,IA,41.639308,-92.024011
4460,EXIT 62 TRUCKSTOP,"I-71, EXIT 62 & US-127",Glencoe,KY,415,3.16566666,Glencoe,KY,38.722946,-84.811552
4463,QUIKTRIP #7901,"I-20, EXIT 556 & US-69",Lindale,TX,710,2.80733333,Lindale,TX,32.517152,-95.429932
4482,FLYING J FUEL STOP #777,"I-84, EXIT 54(FEDERAL WAY)",Boise,ID,785,3.76566666,Boise,ID,43.6136,-116.2025
4492,3 MILE CORNER TRUCK STOP,US-2 & US-95,Bonners Ferry,ID,970,3.734,Bonners Ferry,ID,48.730642,-116.332178
4525,STINKER #42,US-12/US-95 & SR-128,Lewiston,ID,970,3.69733333,Lewiston,ID,46.389457,-116.987714
4528,WENATCHEE VALLEY TRUCK STOP,US-97 ALT,Wenatchee,WA,920,4.089,Wenatchee,WA,47.425269,-120.327345
4533,SPEEDWAY #1449,"I-65, EXIT 262B",Birmingham                              ,AL,615,2.97566666,Birmingham,AL,33.519,-86.8014
4544,BIG CHARLIES TRUCK PLAZA,"I-64, EXIT 282 & US-13",Virginia Beach,VA,130,3.489,Virginia Beach,VA,36.8527,-75.9783
4555,PILOT TRAVEL CENTERS #406,"I-65, EXIT 22 & US-31A/SR-11",Cornersville,TN,460,3.799,Cornersville,TN,35.34088,-86.82862
4560,FAST STOP TRAVEL CENTERS #1109,"I-15, EXIT 392",Plymouth,UT,835,3.58233333,Plymouth,UT,41.875556,-112.143333
4563,PILOT TRAVEL CENTERS #299,"I-55/I-74/US-51, EXIT 160 & US-150/SR-9",Bloomington                             ,IL,280,3.399,Bloomington,IL,40.478295,-88.989318
4568,ONVO TRAVEL PLAZA,"I-90, EXIT 28",Fultonville,NY,12,3.159,Fultonville,NY,42.903601,-74.359765
4569,METROPOLIS TRUCK STOP,"I-24, EXIT 37 & US-45",Metropolis,IL,490,3.599,Metropolis,IL,37.175348,-88.725179
4574,Circle K #4701432,"I-74, EXIT 174",Mahomet,IL,280,3.669,Mahomet,IL,40.196437,-88.39283
4582,BIG CHIEF TRUCK STOP,"I-94/US-52, EXIT 61 & US-59/CR-82",Fergus Falls,MN,250,3.23566666,Fergus Falls,MN,46.289723,-96.064338
4605,PILOT DEALER #898 SADLERS TRUCK STOP,"I-95, EXIT 11B & US-58",Emporia,VA,180,3.799,Emporia,VA,36.685689,-77.562953
4618,OUTPOST TRAVEL CENTER,"I-20, EXIT 5 & US-80",Greenwood,LA,745,2.899,Greenwood,LA,32.424025,-93.969252
4620,PILOT TRAVEL CENTERS #95,"I-75, EXIT 329 & SR-44",Wildwood                                ,FL,225,3.22566666,Wildwood,FL,28.845353,-82.03473
4622,TA LEE HI TRAVEL PLAZA,"I-81,  EXIT 195",Lexington,VA,185,3.659,Lexington,VA,37.788463,-79.458111
4628,QUARLES #4601,US-29/US-17/US-15,Warrenton,VA,60,3.32233333,Warrenton,VA,38.7063,-77.8159
4637,THORNTONS #369 DBA PILOT TRAVEL CENTER #514,"I-55, EXIT 126 & SR-10",Lincoln                                 ,IL,318,3.399,Lincoln,IL,40.14508,-89.368376
4642,MARSHAL JUNCTION,"I-70, EXIT 147 & SR-1",Marshall                                ,IL,510,3.199,Marshall,IL,39.421999,-87.692261
4644,CIRCLE K #4706703,"I-80, EXIT 145A",Mokena,IL,290,3.339,Mokena,IL,41.53421,-87.891121
4654,7-ELEVEN #35087,"I-490, EXIT 2 & SR-33 & SR-19",Bergen,NY,190,4.029,Bergen,NY,43.086937,-77.96033
4655,QUICKLEES TRAVEL CENTER,"I-86, EXIT 30 & CR-20",Belmont,NY,190,3.999,Belmont,NY,42.233409,-78.01103
4690,PWI #401,"I-20 & I-30, EXIT 1B",Aledo,TX,630,2.799,Aledo,TX,32.700351,-97.603885
4700,A C TRUCKSTOP,"I-80, EXIT 290",Laramie                                 ,WY,795,3.079,Laramie,WY,41.312907,-105.581146
4704,THE RIDGE,"I-68/US-219, EXIT 14 & US-40",Accident,MD,165,4.199,Accident,MD,39.635504,-79.308467
4707,SMITHTON TRUCKSTOP,"I-70, EXIT 39 & SR-3059",Smithton,PA,165,3.899,Smithton,PA,40.144267,-79.731277
4729,MINIT MART #600244,"I-70, EXIT 131",Straughn,IN,457,3.859,Straughn,IN,39.831946,-85.272406
4742,FLYING J TRAVEL PLAZA #684,"I-94, EXIT 1 & SR-16",Beach,ND,807,3.96566666,Beach,ND,46.932381,-103.98429
4750,BROOKE TRAVEL PLAZA,"I-80, EXIT 259",West Liberty,IA,380,2.98733333,West Liberty,IA,41.570055,-91.266847
4762,TA MONROE TRAVEL CENTER,"I-75, EXIT 15",Monroe,MI,325,3.249,Monroe,MI,41.92751,-83.404848
4806,TRACK AND TRAVEL,"I-20, EXIT 406",Weatherford,TX,630,2.91733333,Weatherford,TX,32.8435,-97.7047
4818,PILOT TRAVEL CENTERS #350,"I-84 & US-20, EXIT 95",Mountain Home,ID,785,3.759,Mountain Home,ID,43.139223,-115.696334
4819,Alta Convenience #6333,"I-25, EXIT 11",Trinidad,CO,803,3.399,Trinidad,CO,37.175475,-104.500715
4826,I-20 Truck Stop,"I-20, EXIT 165",Lincoln,AL,615,2.999,Lincoln,AL,33.605913,-86.111152
4827,PETRO BEAUMONT #304,"I-10, EXIT 848",Beaumont,TX,610,3.33066666,Beaumont,TX,30.068805,-94.103896
4837,SHELL,US-10 & SR-210,Motley,MN,522,3.399,Motley,MN,46.321568,-94.628086
4856,PILOT TRAVEL CENTER #910- TOWN PUMP,"I-90, EXIT 274 & US-287",Three Forks,MT,786,3.59733333,Three Forks,MT,45.881068,-111.543643
4858,PILOT TRAVEL CENTER #1346,"I-135, EXIT 31",Newton,KS,570,3.3115,Newton,KS,38.045067,-97.343457
4860,PILOT TRAVEL CENTER #476,"I-74, EXIT 32 & SR-17",Woodhull,IL,270,3.899,Woodhull,IL,41.184887,-90.283282
4872,TA COMMERCE TRAVEL CENTER,"I-85, EXIT 149 & US-441",Commerce,GA,16,3.21566666,Commerce,GA,34.2216,-83.3874
4874,PWI #110,"I-20, EXIT 112 & FM-1936",Odessa,TX,710,3.049,Odessa,TX,31.8465,-102.3663
4878,SHELL DBA ONE9 #1426,"I-84, EXIT 35",Nampa                                   ,ID,785,3.374,Nampa,ID,43.58342,-116.584818
4881,PETRO STOPPING CENTER #14,"I-295, EXIT 56",Bordentown,NJ,230,4.029,Bordentown,NJ,40.143141,-74.703249
4885,LOVES TRAVEL STOP #384,"I-70, EXIT 45",Greenville,IL,540,3.689,Greenville,IL,38.893338,-89.405185
4887,SUNOCO,"I-80 & I-90, EXIT 3",Wauseon                                 ,OH,550,3.699,Wauseon,OH,41.566796,-84.153745
4894,CLOVERDALE TRAVEL PLAZA,"I-70, EXIT 41 & US-231",Cloverdale,IN,375,3.699,Cloverdale,IN,39.543442,-86.814021
4905,HY-MILER #2204,SR-250,Sandusky,OH,550,3.53233333,Sandusky,OH,41.434878,-82.70633
4909,CIRCLE K #2723916,US-441/US-301/US/27/SR-500,Ocala,FL,140,3.459,Ocala,FL,29.1981,-82.0974
4910,PILOT TRAVEL CENTER #892,"I-70 EXIT 164, & US-50",Green River,UT,835,3.68566666,Green River,UT,39.000243,-110.159817
4918,PILOT TRAVEL CENTERS #219,"I-40, EXIT 398",Knoxville,TN,405,3.699,Knoxville,TN,35.9609,-83.9189
4920,TA LAPLACE,"I-10, EXIT 209 & US-5",La Place,LA,600,3.22733333,La Place,LA,30.077718,-90.489544
4921,PILOT TRAVEL CENTERS #231,"I-75, EXIT 29",Corbin,KY,410,3.609,Corbin,KY,36.934429,-84.10208
4927,CIRCLE K #2704886,"I-65, EXIT 205 & US-31/SR-22",Clanton,AL,720,3.20733333,Clanton,AL,32.835532,-86.642472
4933,VILLAGE TRUCK STOP,"I-81, EXIT 18",Rural Retreat                           ,VA,185,3.299,Rural Retreat,VA,36.883616,-81.287872
4977,KWIK TRIP #331,SR-54,Wisconsin Rapids,WI,395,3.26233333,Wisconsin Rapids,WI,44.375803,-89.806229
4981,JOHNNYS MARKET,"I-94, EXIT 110 & US-27",Marshall,MI,385,3.499,Marshall,MI,42.272047,-84.95828
4983,KWIK TRIP #603,"I-94, EXIT 28 & SR-128",Wilson,WI,451,3.549,Wilson,WI,44.94658,-92.196538
4996,ZIP TRIP #54,"I-90, EXIT 452",Billings,MT,780,3.59066666,Billings,MT,45.774489,-108.500452
5003,TRAILWAY TRUCK STOP,US-301/SR-304,Centreville                             ,MD,22,3.259,Centreville,MD,39.056423,-76.044975
5006,SUNOCO,US-1/US-9,Linden,NJ,79,3.799,Linden,NJ,40.635366,-74.255567
5024,I 55 MOTOR PLAZA,"I-55,  EXIT 180",Pevely,MO,540,2.99066666,Pevely,MO,38.279911,-90.411075
5030,YESWAY #1030,US-63 & E MARY ST,Ottumwa,IA,320,3.399,Ottumwa,IA,41.015099,-92.413428
5044,TA MOUNT VERNON TRAVEL CENTER,"I-44, EXIT 46 & SR-39/SR265",Mount Vernon,MO,535,3.409,Mount Vernon,MO,37.104466,-93.797632
5050,ROCK PORT TRUCK PLAZA,"I-29 & US-136, EXIT 110",Rock Port,MO,400,3.099,Rock Port,MO,40.430581,-95.527403
5056,TREX MART #16,"I-35, EXIT, 61 & US-69",Winston,MO,276,3.119,Winston,MO,39.84995,-94.148747
5057,PHILLIPS 66,"I-35, EXIT 54 & I-35 BUS/US-36",Cameron,MO,276,3.099,Cameron,MO,39.730892,-94.243723
5060,CRAZY FREDS TRUCK SHOP,"I-40, EXIT 44 & US-66",Kingman,AZ,910,3.539,Kingman,AZ,35.258379,-114.05689
5064,CLARK OIL #44,"I-59, EXIT 97",Laurel                                  ,MS,620,2.879,Laurel,MS,31.705444,-89.131155
5079,FASTLANE TAYLOR 63,US-61 & SR-6,Taylor,MO,494,3.01566666,Taylor,MO,39.914486,-91.527834
5085,K AN T TRUCKSTOP,"I-79, EXIT 137 & SR-310",Fairmont,WV,165,3.399,Fairmont,WV,39.472677,-80.146041
5111,CIRCLE K #2723385,"I-59, EXIT 67 & US-49/SR-42",Hattiesburg,MS,620,3.149,Hattiesburg,MS,31.314553,-89.306471
5117,CIRCLE K #4702361,"I-65, EXIT 130 & SR-334",Whitestown,IN,375,3.29233333,Whitestown,IN,40.00002,-86.350716
5128,CASEYS #2769,"I-80, EXIT 220 & SR-149",Williamsburg,IA,380,3.14233333,Williamsburg,IA,41.639308,-92.024011
5131,TRAILS END TRUCK STOP,"I-29, EXIT 110 & US-136",Rock Port,MO,486,3.40566666,Rock Port,MO,40.430581,-95.527403
5132,Travel Centers of America,"I-44, EXIT 208 & SR-19",Cuba,MO,574,3.26566666,Cuba,MO,38.092553,-91.40814
5160,FUEL MART #727,"I-70, EXIT 193",Quaker City                             ,OH,249,3.16566666,Quaker City,OH,39.986576,-81.289883
5163,Blue Sky #733,"US-78, EXIT 81 & SR-178",Belden,MS,742,2.939,Belden,MS,34.278663,-88.816011
5165,ONE9 #046,"I-65, EXIT 6 & SR-100",Franklin,KY,415,3.08566666,Franklin,KY,36.725353,-86.570043
5167,SPEEDWAY #7575,"I-65, EXIT 255",Hobart,IN,290,3.63233333,Hobart,IN,41.526281,-87.252499
5170,FLYING J #516,"I-76, EXIT 161 & I-70",Breezewood,PA,14,5.099,Breezewood,PA,39.990521,-78.245271
5183,PETRO STOPPING CENTER #74,I-95 & EXIT 106,Kenly,NC,205,3.709,Kenly,NC,35.607742,-78.138227
5191,NORTH POINT PLAZA,"I-90 & I-94, EXIT 115",Poynette,WI,420,3.17233333,Poynette,WI,43.401342,-89.418857
5202,Chevron #306185,US-30,Montpelier,ID,825,3.699,Montpelier,ID,42.35199,-111.31946
5203,OASIS TRAVEL CENTER,"I-10, EXIT 53",Robertsdale,AL,715,3.469,Robertsdale,AL,30.561608,-87.637268
5207,JJ TRAVEL PLAZA,"I-70, EXIT 70 & US-83",Oakley,KS,525,3.61566666,Oakley,KS,39.112102,-100.858048
5227,PILOT TRAVEL CENTERS #900,"I-95, EXIT 75",Dunn,NC,205,3.709,Dunn,NC,35.316511,-78.615079
5230,ONE9 #496,"I-80, EXIT 265",Atalissa,IA,270,3.01566666,Atalissa,IA,41.561443,-91.174764
5232,CM EUNICE,US-190,Eunice,LA,730,3.399,Eunice,LA,30.51158,-92.398474
5234,SINCLAIR,SR-37,Monett,MO,277,3.29066666,Monett,MO,36.921242,-93.925766
5236,FLYING J #875,"I-95,  EXIT 109",Elkton,MD,243,4.199,Elkton,MD,39.626434,-75.84584
5245,CASEYS #3842,US-36 & US-283,Norton,KS,357,3.15733333,Norton,KS,39.840706,-99.887832
5247,EDGERTON TRAVEL PLAZA,"I-90, EXIT 160 & US-51",Edgerton,WI,420,3.199,Edgerton,WI,42.838605,-89.064157
5249,Taylor's Stateline Travel Center,US-67 & SR-278,Neelyville,MO,275,2.999,Neelyville,MO,36.571005,-90.499491
5254,TA CANDLER TRAVEL CENTER,"I-40, EXIT 37",Candler,NC,210,3.799,Candler,NC,35.537626,-82.700081
5255,7-ELEVEN #35788,"I-35, EXIT 215",Olathe,KS,400,3.339,Olathe,KS,38.8822,-94.8178
5258,PT TRUCK STOP,"I-12, EXIT 42",Hammond                                 ,LA,623,3.249,Hammond,LA,30.51908,-90.487856
5282,CASEYS #3548,US-54 & US-61,Pratt,KS,357,3.14066666,Pratt,KS,37.650219,-98.73003
5285,TULLO TRUCK STOP,"I-95, EXIT 15E & US-1/US-9",Kearny,NJ,79,3.799,Kearny,NJ,40.76466,-74.147108
5297,ERNIES TRUCK STOP,"I-90,  EXIT 179 & I-90 BUS/SR-17",Moses Lake,WA,920,3.949,Moses Lake,WA,47.137363,-119.289149
5299,Sudden Service #62,"I-65, EXIT 6 & SR-100",Franklin,KY,460,3.084,Franklin,KY,36.725353,-86.570043
5302,ONE9 #258,"I-81, EXIT 150 & US-220 ALT & US-11",Troutville,VA,185,3.03233333,Troutville,VA,37.401855,-79.878636
5306,PILOT TRAVEL CENTERS #11,"I-76, EXIT 232",North Lima                              ,OH,573,3.799,North Lima,OH,40.964866,-80.654911
5309,NEWBORN TRUCK STOP,I-20 EXIT 5,Tallapoosa,GA,48,3.40733333,Tallapoosa,GA,33.760174,-85.300047
5310,FLYING J #576,"I-35, EXIT 69",Northfield,MN,515,3.859,Northfield,MN,44.458724,-93.166826
5324,HY-MILER #2245,SR-53,Fremont,OH,550,3.38233333,Fremont,OH,41.349792,-83.118095
5341,KWIK STAR #1160,"US-75, EXIT 118 & SR-3",Le Mars,IA,408,3.299,Le Mars,IA,42.79623,-96.170386
5349,JET FOOD STORE #17,US-1/SR=4/SR-540 & US-220/SR-47,Wrens,GA,135,3.41566666,Wrens,GA,33.210397,-82.380962
5363,SPEEDWAY #6767,"I-75, EXIT 20",Manheim,PA,70,4.499,Manheim,PA,40.170229,-76.416794
5389,FLYING J TRAVEL PLAZA #744,"I-15, EXIT 343",Ogden,UT,835,3.749,Ogden,UT,41.2443,-112.0072
5391,PWI #605,"I-10, EXIT 378",San Simon,AZ,640,2.959,San Simon,AZ,32.208167,-109.367152
5399,FLYING J TRAVEL PLAZA #750,"I-81 & I-77, EXIT 80",Max Meadows,VA,185,3.549,Max Meadows,VA,36.91708,-80.921391
5407,CASEYS #4535,US 81,Concordia                               ,KS,570,2.91233333,Concordia,KS,39.559427,-97.662735
5414,One9 #1216,"I-10 ,EXIT 200 & SR-84",Eloy,AZ,930,3.199,Eloy,AZ,32.750929,-111.583275
5419,USA TRAVEL CENTER,"I-40, EXIT 48 & US-93",Kingman,AZ,910,3.399,Kingman,AZ,35.258379,-114.05689
5422,K AND H TRUCK PLAZA,"I-57, EXIT 283 & US-24",Gilman,IL,290,3.099,Gilman,IL,40.767987,-87.993336
5424,WK TRUCK STOP,"US-231 & SR-9001, EXIT 75",Beaver Dam,KY,340,3.399,Beaver Dam,KY,37.386958,-86.872932
5435,MEADE AUTO AND TRUCK PLAZA,US-54,Meade                                   ,KS,525,3.799,Meade,KS,37.282137,-100.336378
5436,PARKWAY MARATHON,"US-79, EXIT 94",Caneyville,KY,415,3.73233333,Caneyville,KY,37.422168,-86.470207
5446,PETRO STOPPING CENTER #308,"I-20, EXIT 8 & SR-526",Shreveport,LA,745,3.17566666,Shreveport,LA,32.503743,-93.748696
5462,BOOZER KWIK STOP,"I-15, EXIT 118",Idaho Falls                             ,ID,825,3.44733333,Idaho Falls,ID,43.517679,-111.990626
5464,PILOT TRAVEL CENTERS #48,"I-65, EXIT 86",Glendale,KY,415,3.609,Glendale,KY,37.603398,-85.892101
5474,One9 #88,"I-95/SR-9, EXIT 201 & SR-520",Cocoa,FL,143,3.37566666,Cocoa,FL,28.367183,-80.746455
5477,CHEVRON #383766,"I-5, EXIT 216",Halsey,OR,935,3.099,Halsey,OR,44.386151,-123.125103
5479,PILOT TRAVEL CENTERS #94,"I-75, EXIT 161",Punta Gorda,FL,225,3.799,Punta Gorda,FL,26.915163,-82.053166
5491,49ER FUEL CENTER,"I-75, EXIT 49",East Bernstadt                          ,KY,410,2.999,East Bernstadt,KY,37.190779,-84.145676
5492,BFS FOODS #68,"I-70, EXIT 3",Hancock                                 ,MD,22,4.129,Hancock,MD,39.699083,-78.176246
5522,ONE9 #301,"I-55,  EXIT 40",Marston,MO,275,3.109,Marston,MO,36.508448,-89.628819
5523,TA LIMON TRAVEL CENTER,"I-70, EXIT 359 & US-24",Limon,CO,800,3.92066666,Limon,CO,39.263889,-103.691667
5529,FLYING J #549,"I-77, EXIT 100 & 101",Mount Airy,NC,65,3.599,Mount Airy,NC,36.500739,-80.611871
5537,HUCKS TRAVEL CENTER #51 DBA FLYING J #889,"I-57/I-64, EXIT 95 & SR-15",Mount Vernon,IL,574,3.359,Mount Vernon,IL,38.317014,-88.910525
5554,Southfork TRUCK STOP,"I-30, EXIT 63 & SR-53",Gurdon,AR,635,3.459,Gurdon,AR,33.912493,-93.141691
5560,MIDWAY TRAVEL PLAZA,I-70 EXIT 121 & US-40,Columbia,MO,310,3.539,Columbia,MO,38.938176,-92.304865
5569,TA EXPRESS NORWOOD #0450,US-60,Norwood,MO,535,3.449,Norwood,MO,37.068696,-92.408209
5570,PETRO STOPPING CENTER #310,"I-12, EXIT 40 & US-51 BUS",Hammond,LA,725,3.249,Hammond,LA,30.51908,-90.487856
5579,SAPP BROS TRAVEL CENTER,US-30,Columbus,NE,486,3.219,Columbus,NE,41.437225,-97.356469
5592,TA COLUMBIA NORTH,"I-20, EXIT 71 & US-21",Columbia,SC,46,3.439,Columbia,SC,34.072613,-81.179617
5597,CM LAKE CHARLES FUEL STOP 36,"I-10, EXIT 36 & SR-397",Lake Charles,LA,690,3.299,Lake Charles,LA,30.228453,-93.187966
5601,BP,"I-24, EXIT 16",Paducah,KY,490,3.429,Paducah,KY,37.063377,-88.663204
5603,TA NORTH CANTON TRAVEL CENTER,"I-77, EXIT 111",North Canton,OH,249,3.624,North Canton,OH,40.889919,-81.413464
5606,FLYING J #511,"I-94, EXIT 147",Mandan,ND,273,3.95233333,Mandan,ND,46.830649,-100.909175
5607,RICE MART,"I-45 & FM 1603, EXIT 238",Rice,TX,630,3.019,Rice,TX,32.225788,-96.460613
5608,SHOP A LOTT  #3,US-84 & US-171,Mansfield                               ,LA,766,3.13566666,Mansfield,LA,32.023863,-93.698045
5613,CHEVRON #381108,"I-82, EXIT 36",Yakima,WA,925,3.999,Yakima,WA,46.606991,-120.477336
5618,MCCLURE OIL #52,"I-65/US-52, EXIT 140 & SR-32",Lebanon                                 ,IN,375,3.584,Lebanon,IN,40.044894,-86.464074
5649,Fast Stop,"I-10, EXIT 182 & SR-22",Sorrento                                ,LA,623,3.699,Sorrento,LA,30.185388,-90.86314
5651,LOVES TRAVEL STOP #303,"I-64, EXIT 43 & SR-395",Waddy,KY,415,3.749,Waddy,KY,38.105445,-85.12883
5659,TEX-BEST #526,US-59 & US-281,George West,TX,625,3.299,George West,TX,28.320388,-98.116159
5660,Pride Convenience Store,"I-90, EXIT 51 & I-291",Chicopee,MA,100,3.509,Chicopee,MA,42.162046,-72.607962
5661,TA Express #287,"I-40, EXIT 288 & SR-111",Cookeville,TN,460,3.299,Cookeville,TN,36.174261,-85.49531
5667,PILOT TRAVEL CENTERS #393,"I-40, EXIT 24 & SR-209",Waynesville                             ,NC,210,3.759,Waynesville,NC,35.488611,-82.988889
5669,KWIK TRIP #497,I-90 EXIT 266 & CR-12,Dakota,MN,515,3.474,Dakota,MN,43.914806,-91.39404
5670,TA MOUNT VERNON TRAVEL CENTER,"I-57 & I-64, EXIT 95",Mount Vernon,IL,574,3.449,Mount Vernon,IL,38.317014,-88.910525
5674,TA MADISON TRAVEL CENTER,"I-20, EXIT 114 & US-441",Madison,GA,16,3.89066666,Madison,GA,33.594681,-83.461781
5677,YESWAY #1178,CR-13,Kadoka,SD,506,3.189,Kadoka,SD,43.84457,-101.552272
5691,Pilot Travel Center #666,"I-94, EXIT 30",Benton Harbor,MI,465,3.059,Benton Harbor,MI,42.108594,-86.423417
5700,BEACON & BRIDGE #18,US-131 BUS,Big Rapids,MI,456,3.319,Big Rapids,MI,43.689679,-85.479705
5718,TOOT N TOTUM #104,US-287,Dalhart,TX,585,3.199,Dalhart,TX,36.073183,-102.517658
5721,TA BALTIMORE SOUTH TRAVEL CENTER,"I-95, EXIT 41A & SR-175 & US-1",Jessup,MD,22,4.599,Jessup,MD,39.148399,-76.792239
5729,MENOMONIE FARMERS UNION,"I-94, EXIT 45 & CR-B",Menomonie,WI,295,3.649,Menomonie,WI,44.87182,-91.92651
5730,SCOTTS QUICK STOP,SR-53 & SR-46,Marlette,MI,342,3.399,Marlette,MI,43.339882,-83.057253
5739,PILOT TRAVEL CENTERS #284,"I-75, EXIT 18",Monroe                                  ,MI,325,3.249,Monroe,MI,41.92751,-83.404848
5751,TA LAKE PARK TRAVEL CENTER,"I-75,  EXIT 2",Lake Park,GA,20,3.31566666,Lake Park,GA,30.690615,-83.175293
5754,ROAD TRIP OASIS PERRY,"I-69, EXIT 105 & SR-52",Perry,MI,406,3.699,Perry,MI,42.820012,-84.231346
5758,SPEEDY Q MARKET #8206,"I-94, EXIT 274",Port Huron                              ,MI,325,3.899,Port Huron,MI,42.995843,-82.459938
5770,Kwik Trip # 1281,"I-43, EXIT 107",Belgium                                 ,WI,444,3.25566666,Belgium,WI,43.499465,-87.850908
5771,DUNES AUTO TRUCK PLAZA,"I-94, EXIT 12",Sawyer,MI,465,3.499,Sawyer,MI,41.882866,-86.588508
5774,PJ TRAVEL PLAZA,"I-80, EXIT 192 & SR-880",Loganton,PA,138,3.479,Loganton,PA,41.028317,-77.320397
5780,BILLS TRUCKSTOP,"I-85, EXIT 86                 ",Linwood                                 ,NC,65,3.449,Linwood,NC,35.75623,-80.374895
5799,STAPLES OIL,"I-90, EXIT 146",Alden,MN,425,3.299,Alden,MN,43.646586,-93.582307
5801,TA WYTHEVILLE TRAVEL CENTER,"I-81, EXIT 72 & I-77, EXIT 41",Wytheville,VA,185,3.519,Wytheville,VA,36.940669,-81.094082
5821,TA PORTLAND TRAVEL CENTER,"I-5,  EXIT 278",Aurora,OR,935,4.03233333,Aurora,OR,45.228432,-122.803881
5823,ENMARKET #863,"I-95, EXIT 8 & SR-88",Hardeeville,SC,195,3.08233333,Hardeeville,SC,32.263512,-81.066865
5830,115 TRUCKSTOP #5001,"I-94, EXIT 115",Marshall,MI,431,3.429,Marshall,MI,42.272047,-84.95828
5842,PETRO STOPPING CENTER #6367,"I-57,  EXIT 335",Monee,IL,290,3.399,Monee,IL,41.419133,-87.77484
5860,SPEEDWAY #4610,"I-35, EXIT 59 & SR-21",Faribault,MN,448,3.759,Faribault,MN,44.294457,-93.28179
5873,SOUTHERN VALLEY COOP,ST 14 BYPASS,Mankato                                 ,MN,425,3.499,Mankato,MN,44.153809,-93.996044
5901,ROTHSAY TRUCK STOP,"I-94, EXIT 38",Rothsay,MN,341,3.209,Rothsay,MN,46.509412,-96.288726
5903,Circle K #2746447,I-94/US-52 EXIT 127 & US-71/SR-28,Sauk Centre,MN,250,3.189,Sauk Centre,MN,45.728079,-94.968166
5907,SPEEDWAY #4035,CR-101,Shakopee,MN,448,3.599,Shakopee,MN,44.7793,-93.519748
5909,SINCLAIR,"I-90, EXIT 233",Saint Charles,MN,515,3.529,Saint Charles,MN,43.958481,-92.051738
5927,HARRISONBURG TRAVEL CENTER,"I-81,  EXIT 243 & US-11",Harrisonburg,VA,185,2.899,Harrisonburg,VA,38.448864,-78.871438
5935,WESTHAMPTON VALERO,I-295 EXIT 47A,Mount Holly                             ,NJ,160,3.329,Mount Holly,NJ,39.993028,-74.795522
5942,EXPRESS MART TRUCK STOP,"I-55, EXIT 185 & US-67/US-61",Barnhart,MO,540,2.99733333,Barnhart,MO,38.338425,-90.41417
5944,LAKE MILLS TRAVEL PLAZA,"I-94, EXIT 259 & SR- 89/CR-G",Lake Mills,WI,420,3.36066666,Lake Mills,WI,43.081576,-88.913335
5946,PILOT TRAVEL CENTERS #918,I-90 EXIT 55,Rapid City,SD,506,3.999,Rapid City,SD,44.077041,-103.200259
5949,EXXON,US-59 & LOOP 151,Texarkana                               ,TX,723,3.16566666,Texarkana,TX,33.407371,-94.118245
5951,ROAD RANGER #157,I-64 EXIT 41,Okawville,IL,540,3.799,Okawville,IL,38.431862,-89.523045
5963,OZONA ONE STOP,"I-10, EXIT 372",Ozona                                   ,TX,710,2.98233333,Ozona,TX,30.716369,-101.238802
5965,TRUCK TOWNE,I-29 EXIT 47 & SR-46,Beresford                               ,SD,572,3.159,Beresford,SD,43.087409,-96.781256
5971,WACO TRAVEL CENTER,SR-19,Perry,FL,20,3.699,Perry,FL,30.097489,-83.585021
5979,TA LAFAYETTE TRAVEL CENTER,"I-10 & SR-182, EXIT 101",Lafayette,LA,600,3.134,Lafayette,LA,30.236141,-92.008261
5980,THRIFT MART TRUCK PLAZA,"I-85/US-460, EXIT 63A & US-1/US-460 BUS",Petersburg,VA,180,3.199,Petersburg,VA,37.220001,-77.432594
5990,360 TRUCK STOP,US-360,Amelia Court House,VA,180,3.599,Amelia Court House,VA,37.35017,-77.955177
5996,Fast Stop Travel Centers #1134,"I-80/US-30, EXIT 99 & US-191/SR-373",Rock Springs,WY,827,3.499,Rock Springs,WY,41.605957,-109.230047
5999,PILOT TRAVEL CENTER #492,"I-30, EXIT 78 & SR-7",Arkadelphia,AR,635,3.499,Arkadelphia,AR,34.11525,-93.068989
6001,ALLSUPS #2392,US-70 & US-285,Roswell,NM,700,3.199,Roswell,NM,33.388504,-104.525857
6009,CASEYS #2652,US-65 & US-36,Chillicothe,MO,400,3.289,Chillicothe,MO,39.796569,-93.550887
6010,SEGOVIA TRUCK STOP,"I-10, EXIT 465",Junction,TX,739,2.999,Junction,TX,30.47544,-99.74731
6018,TA BLOOMINGTON TRAVEL CENTER,"I-55, I-74 & I-39 , EXIT 160",Bloomington,IL,280,3.449,Bloomington,IL,40.478295,-88.989318
6033,EMERY'S,US-54,Deerfield,MO,277,3.349,Deerfield,MO,37.82109,-94.484845
6037,CRYSTAL OIL,"I-129/US-20/US-75,  EXIT 2",South Sioux City,NE,527,3.549,South Sioux City,NE,42.465615,-96.418161
6041,COCKERHAM FUEL CENTER #4,"I-77, EXIT 14 & US-58/US-221",Hillsville,VA,185,3.28233333,Hillsville,VA,36.744225,-80.71973
6047,FAST LANE #26,US-61,Eolia,MO,494,3.099,Eolia,MO,39.243097,-91.009322
6051,CIRCLE K #2709846,"I-25, EXIT 240",Longmont,CO,800,3.05733333,Longmont,CO,40.177921,-105.10095
6057,PILOT TRAVEL CENTER #903,"I-70/US-40, EXIT 252",Salina,KS,523,3.759,Salina,KS,38.823802,-97.608787
6058,MOTOR INN AUTO TRUCK STOP,I-75 EXIT 110,Mendon,OH,370,3.199,Mendon,OH,40.677737,-84.51515
6068,AYERCO #24,US-61 & CR MM,Hannibal,MO,494,3.099,Hannibal,MO,39.70636,-91.38387
6082,Palmetto Truck Plaza,US-27/SR-25 & SR-826,Hialeah,FL,95,3.399,Hialeah,FL,25.905,-80.3049
6083,BP,"I-35, EXIT 33",Holt                                    ,MO,400,3.049,Holt,MO,39.428867,-94.368876
6087,BREAK TIME #3173,US-54 & CR-HH,Fulton,MO,310,3.299,Fulton,MO,38.851821,-91.96055
6093,ONE9 #901,"I-80 & US-183, EXIT 257",Elm Creek,NE,330,2.96566666,Elm Creek,NE,40.730079,-99.372786
6096,Waverly Travel Center,US-23,Waverly                                 ,OH,315,3.41566666,Waverly,OH,39.126445,-83.004874
6097,SAPP BROS TRAVEL CENTER,"I-80, EXIT 263",Elm Creek,NE,330,3.18733333,Elm Creek,NE,40.730079,-99.372786
6106,TA HUNTINGTON,"I-84, EXIT 353",Huntington,OR,982,3.639,Huntington,OR,44.381113,-117.309691
6111,HAWGS EXXON,US-167/SR-25,Batesville                              ,AR,418,3.359,Batesville,AR,35.782614,-91.63519
6150,CIRCLE K #2723707,"I-81,  EXIT 150",Troutville,VA,65,3.06566666,Troutville,VA,37.401855,-79.878636
6154,TA MOBILE TRAVEL CENTER,"I-10,  EXIT 4",Grand Bay,AL,715,3.13566666,Grand Bay,AL,30.498288,-88.32825
6164,PILOT TRAVEL CENTER #268,"I-80/US-6, EXIT 284",Walcott,IA,270,3.859,Walcott,IA,41.645309,-90.725603
6165,TEMP STOP #117,I-70 & GRAIN VALLEY RD EXIT 24,Grain Valley,MO,400,2.959,Grain Valley,MO,39.027361,-94.20874
6167,PILOT TRAVEL CENTERS #167,US-71,Nevada,MO,277,3.49566666,Nevada,MO,37.840853,-94.357127
6172,SPEEDWAY #2319,"I-96, EXIT 77",Portland,MI,431,3.549,Portland,MI,42.862414,-84.913933
6173,PILOT TRAVEL CENTERS #21,"I-94, EXIT 167",Dexter,MI,325,3.579,Dexter,MI,42.35832,-83.900028
6175,ONVO TRAVEL PLAZA - MIFFLINTOWN,US-322/US-22 & SR-35,Mifflintown,PA,138,3.479,Mifflintown,PA,40.572666,-77.376119
6179,HENDERSON TRAVEL PLAZA,"I-10, EXIT 115 & SR-347",Breaux Bridge                           ,LA,690,3.38566666,Breaux Bridge,LA,30.274955,-91.905899
6180,Circle #4703923,"I-24, EXIT 180B & US-27",Chattanooga,TN,285,2.78566666,Chattanooga,TN,35.0455,-85.3081
6182,Exxon,"I-20, EXIT 205 & SR-46",Heflin,AL,587,3.01566666,Heflin,AL,33.611515,-85.588471
6188,SIGNAL FOOD STORE #112,US-65 & SR-J,Ozark,MO,535,2.999,Ozark,MO,37.016926,-93.202211
6198,DAVIS TRAVEL CENTER #102,"I-95/US-301, EXIT 33 & SR-602",Stony Creek,VA,180,3.06566666,Stony Creek,VA,36.936132,-77.444276
6200,KWIK FILL #388,"I-80, EXIT 29 & SR-8",Harrisville,PA,165,3.404,Harrisville,PA,41.163087,-79.979639
6206,PETRO PORTAGE,"I-90 & I-94, EXIT 108-A",Portage,WI,420,3.80733333,Portage,WI,43.550145,-89.47139
6212,MR FUEL,"I-55, EXIT 180",Pevely,MO,540,3.01566666,Pevely,MO,38.279911,-90.411075
6214,PIONEER Travel Plaza,"I-41, EXIT 60 & SR-145",Richfield,WI,444,3.21566666,Richfield,WI,43.273925,-88.215467
6215,FUEL HUB,"I-87, EXIT 21B",West Coxsackie,NY,12,3.599,West Coxsackie,NY,42.415055,-73.817033
6218,LOVES TRAVEL STOP #215,"I-40, EXIT 16 & US-40 BUS/US-66",Gallup,NM,580,3.43733333,Gallup,NM,35.506475,-108.741352
6219,SCHATZ CROSSROADS,US-2 /US-52,Minot,ND,452,3.549,Minot,ND,48.22914,-101.298476
6221,LOVES TRAVEL STOP #214,I-10 EXIT 37,El Paso,TX,640,3.07566666,El Paso,TX,31.758411,-106.478311
6222,QUIKTRIP #236,"I-29/US-71, EXIT 18 & SR-92",Platte City,MO,400,2.999,Platte City,MO,39.360171,-94.788972
6227,MARLOWS FUEL CENTER,"I-20, EXIT 479",Dallas                                  ,TX,630,3.24066666,Dallas,TX,32.996848,-96.792113
6229,FUEL MART #764,"I-70, EXIT 66 & SR- 54",South Vienna                            ,OH,315,3.129,South Vienna,OH,39.94732,-83.615704
6232,OASIS TRUCK STOP,"I-44 & SR-133, MM 145",Richland,MO,416,3.324,Richland,MO,37.852752,-92.396245
6242,TA FORISTELL TRAVEL CENTER,"I-70, EXIT 203",Foristell,MO,540,3.019,Foristell,MO,38.762557,-90.934328
6243,GARDEN INN TRAVEL PLAZA,US-60/US-63,Cabool,MO,535,3.299,Cabool,MO,37.131366,-92.114409
6251,BREAUX BRIDGE VALERO #1408,"I-10 & SR-347, EXIT 115",Breaux Bridge,LA,730,3.499,Breaux Bridge,LA,30.274955,-91.905899
6252,PILOT TRAVEL CENTERS #12,I-80 & I-90 EXIT 71,Perrysburg,OH,550,3.759,Perrysburg,OH,41.542926,-83.592727
6258,CASEYS #6342,"I-29, EXIT 144 & US-169",Saint Joseph,MO,400,3.169,Saint Joseph,MO,39.768755,-94.838488
6271,TA DENTON TRAVEL CENTER,"I-35, EXIT 471 & US-77",Denton,TX,630,3.254,Denton,TX,33.22893,-97.131436
6275,TA SEATTLE EAST TRAVEL CENTER,"I-90, EXIT 34",North Bend,WA,962,3.859,North Bend,WA,47.475546,-121.757142
6284,7-ELEVEN #40513,I-90/80-IN TOLL RD MM 22W,Portage,IN,365,3.999,Portage,IN,41.567201,-87.175689
6286,APPLE MARKET #526,"I-64, EXIT 94",Winchester,KY,410,2.91566666,Winchester,KY,37.987161,-84.178894
6290,FUEL KING NAPOLEON TRAVEL CENTER,"US-6/US-24/SR/CR-3, EXIT 41",Napoleon,OH,550,3.439,Napoleon,OH,41.390969,-84.143271
6293,PETRO STOPPING CENTER #313,"I-40, EXIT 79",Milan,NM,580,3.57066666,Milan,NM,35.169722,-107.890278
6296,GRAY TRUCK STOP,US-71/US-136,Maryville,MO,400,3.26566666,Maryville,MO,40.343399,-94.873479
6299,HWY 34 TRUCKSTOP,"US-34, EXIT 258",West Burlington                         ,IA,345,3.374,West Burlington,IA,40.832081,-91.179894
6305,I-95 Fuel Stop,"I-95, EXIT 126 & US-17/US-1",Fredericksburg,VA,180,3.264,Fredericksburg,VA,38.299538,-77.477152
6307,QUIKTRIP #608,"I-70, MID RIVERS MALL",Saint Peters,MO,540,2.904,Saint Peters,MO,38.78024,-90.622765
6308,Pilot Travel Centers #354,"I-64, EXIT 28",Simpsonville,KY,415,3.759,Simpsonville,KY,38.231186,-85.354797
6309,WINNERS CIRCLE #1,"I-30 & US-270, EXIT 98A",Malvern,AR,695,3.35233333,Malvern,AR,34.355715,-92.829162
6310,CIRCLE K #2707515,US-27/SR-25 & US-98/US-700/SR-700/SR-66,Sebring,FL,140,3.389,Sebring,FL,27.492391,-81.435712
6315,AYERCO #25,US-24,Taylor,MO,494,3.01566666,Taylor,MO,39.914486,-91.527834
6318,Chisholm Corner #15,"I-35, EXIT 72 & US-19",Pauls Valley                            ,OK,569,3.38733333,Pauls Valley,OK,34.738506,-97.219501
6326,KANZA TRAVEL PLAZA,"I-35, EXIT 231 AND US-177",Braman,OK,500,3.02733333,Braman,OK,36.933054,-97.308231
6327,PETRO STOPPING CENTER #312,"I-40 & I-75, EXIT 369",Knoxville,TN,405,3.42566666,Knoxville,TN,35.9609,-83.9189
6330,TA EDINBURG TRAVEL CENTER,I-69C/US-281 & FM-2812,Edinburg,TX,639,3.01066666,Edinburg,TX,26.304221,-98.156922
6334,231 PLAZA AND TRUCK STOP,US-231/SR-75 & SR-20,Youngstown,FL,20,3.494,Youngstown,FL,30.326913,-85.516881
6341,TA RAWLINS TRAVEL CENTER,"I-80, EXIT 214",Rawlins,WY,795,3.72233333,Rawlins,WY,41.795131,-107.234883
6346,SPEEDWAY #4710,US-71/SR-60,Windom,MN,425,3.299,Windom,MN,43.879022,-95.151531
6351,FLYING J TRAVEL PLAZA #608,"I-10, EXIT 1",Ehrenberg,AZ,930,3.959,Ehrenberg,AZ,33.604167,-114.524444
6356,CIRCLE K #2721536,ST 6 EAST,Batesville,MS,435,3.24066666,Batesville,MS,34.331651,-89.91418
6370,TA ROCKWALL TRAVEL CENTER,"I-30/US-67, EXIT 68 & SR-205",Rockwall,TX,630,3.13733333,Rockwall,TX,32.931111,-96.459444
6374,TA ELGIN WEST TRAVEL CENTER,I-90 &  US-20,Hampshire,IL,290,3.459,Hampshire,IL,42.080748,-88.517033
6387,FLYING J FRANCHISE #966,"I-80, EXIT 229",Battle Mountain,NV,966,3.79233333,Battle Mountain,NV,40.621985,-116.955439
6391,TOOT N TOTUM #106,US-287,Dumas,TX,585,3.00566666,Dumas,TX,35.882315,-101.967984
6393,PILOT TRAVEL CENTER #478,"I-64, EXIT 92",Leavenworth                             ,IN,415,3.959,Leavenworth,IN,38.194244,-86.359862
6401,CIRCLE K #2723457,"I-10, EXIT 34-B",Gulfport,MS,715,2.989,Gulfport,MS,30.382556,-89.097618
6434,AMPRIDE ALL ROUND TRUCK STOP,US-20,Fort Dodge,IA,343,3.299,Fort Dodge,IA,42.508817,-94.180737
6441,GRAND OIL,"I-75, EXIT 41 & SR-80",London                                  ,KY,410,3.499,London,KY,37.101605,-84.097498
6442,CLARK OIL #49,US-84,Laurel,MS,620,2.999,Laurel,MS,31.705444,-89.131155
6448,CIRCLE K #2723392,"I-59, EXIT 97 & US-84",Laurel,MS,620,2.95233333,Laurel,MS,31.705444,-89.131155
6462,ARCO #471770,US-281 & SR-5,Dunseith,ND,452,3.499,Dunseith,ND,48.84801,-100.031105
6468,TA SAYRE TRAVEL CENTER,"I-40 & CEMETARY RD, EXIT 26",Sayre,OK,483,3.064,Sayre,OK,35.304722,-99.642928
6480,FLYING J #934,"I-84, EXIT 265",La Grande,OR,982,3.53566666,La Grande,OR,45.330435,-118.085228
6492,FLICKS,US-49,Richland,MS,760,2.999,Richland,MS,32.215224,-90.156231
6496,SPEEDY EXPRESS #38,"I-35, EXIT 305",Mathis,TX,625,3.199,Mathis,TX,28.080208,-97.809659
6502,SQUAW CREEK TRAVEL PLAZA,"I-29, EXIT 79 & US-159",Forest City,MO,400,3.339,Forest City,MO,39.989708,-95.191594
6517,HARDYS #5,"I-80, EXIT 4   4",Wendover,UT,835,3.499,Wendover,UT,40.597396,-113.993573
6518,TOWN PUMP FOOD STORE #310,"I-15, EXIT 164",Boulder,MT,816,3.559,Boulder,MT,46.230647,-112.113757
6526,TULIP CITY TRUCK STOP,"I-196 & SR-40, EXIT 49",Holland,MI,344,3.739,Holland,MI,42.7875,-86.108889
6527,ZIP TRIP #50,"I-90, EXIT 426",Park City,MT,780,3.584,Park City,MT,45.632864,-108.929279
6547,FLYING J TRAVEL PLAZA #762,"I-90, EXIT 126 & SR-59",Gillette,WY,836,3.899,Gillette,WY,44.282009,-105.497442
6562,PILOT #1323,"I-29, EXIT 35                 ",Faucett                                 ,MO,400,3.27233333,Faucett,MO,39.589124,-94.791276
6563,Road Ranger #282,"I-35, EXIT 500",Gainesville,TX,630,3.17566666,Gainesville,TX,33.625943,-97.103208
6564,FLYING J FRANCHISE #970,US-395,Pasco                                   ,WA,925,4.599,Pasco,WA,46.249183,-119.104387
6565,TA Greeneville Travel Center,"I-81,  EXIT 36",Greeneville,TN,405,3.55233333,Greeneville,TN,36.160807,-82.833136
6567,YELLOWSTONE TRUCK SHOP,"I-90, EXIT 330",Livingston,MT,786,3.649,Livingston,MT,45.654587,-110.560907
6577,AC & T TRAVEL CENTER,"I-81, EXIT 5 W",Hagerstown,MD,70,3.659,Hagerstown,MD,39.632022,-77.737215
6578,PILOT TRAVEL CENTER #909- TOWN PUMP,"I-15 & US-2, EXIT 363",Shelby                                  ,MT,815,3.63566666,Shelby,MT,48.503666,-111.839122
6588,TOWN PUMP FOOD STORE #4300,"I-90, EXIT 249",Whitehall,MT,786,3.659,Whitehall,MT,45.877146,-112.124535
6593,LITTLE AMERICA TRAVEL CENTER,"I-40, EXIT 198",Flagstaff,AZ,930,3.539,Flagstaff,AZ,35.185911,-111.661979
6607,TRANSIT TRUCK STOP,"I-97, EXIT 10",Millersville,MD,22,3.46566666,Millersville,MD,39.104102,-76.61902
6608,7-ELEVEN #35560,SR-16,Charlotte,NC,46,3.999,Charlotte,NC,35.2269,-80.8433
6628,FLYING J TRAVEL PLAZA #682,"I-85, EXIT 150",Haw River,NC,65,3.94233333,Haw River,NC,36.055085,-79.334557
6632,TA SAVANNAH TRAVEL CENTER,"I-95/SR-405,  EXIT 87 & US-17/SR-25",Richmond Hill,GA,195,3.35066666,Richmond Hill,GA,31.896152,-81.294026
6633,BAKER TRUCK CORRAL,"I-84, EXIT 304",Baker City,OR,982,3.42566666,Baker City,OR,44.780102,-117.828631
6640,PETRO STOPPING CENTER JOHNSTOWN,"I-25, EXIT 254",Johnstown                               ,CO,800,3.42733333,Johnstown,CO,40.335526,-104.923558
6642,TA VERO BEACH TRAVEL CENTER #197,"I-95/SR-9, EXIT 147 & SR-60",Vero Beach,FL,95,3.484,Vero Beach,FL,27.632985,-80.403075
6646,FAMILY EXPRESS #35 (DISCOUNT AVAILABLE),"I-65, EXIT 215 & SR-114",Rensselaer                              ,IN,365,3.13233333,Rensselaer,IN,40.947731,-87.133733
6655,BP DBA TA ELKTON TRAVEL CENTER,"I-95,  EXIT 109B",Elkton,MD,150,4.969,Elkton,MD,39.626434,-75.84584
6659,GURNEE TRUCK STOP,US-41,Gurnee                                  ,IL,290,3.289,Gurnee,IL,42.366906,-87.945232
6661,TA FRANKLIN TRAVEL CENTER,"I-65, EXIT 61",Franklin,TN,460,3.839,Franklin,TN,35.932782,-86.878833
6663,TA of Mocksville,"I-40, EXIT 170 & US-601",Mocksville,NC,46,3.699,Mocksville,NC,35.922007,-80.536965
6677,ROADWAY TRAVEL CENTER,"I-29, EXIT 73",Sioux Falls                             ,SD,530,3.199,Sioux Falls,SD,43.488,-96.7343
6693,SAPP BROS TRAVEL CENTER,US-77,Fremont,NE,486,3.34566666,Fremont,NE,41.441637,-96.494468
6701,JACKS TRUCK STOP,"I-65, EXIT 304 & SR-69",Cullman,AL,615,3.999,Cullman,AL,34.176146,-86.829777
6704,FL Roberts,"I-91, EXIT 24",Whately,MA,100,3.559,Whately,MA,42.439722,-72.635278
6716,MARATHON,"I-29/US-81, EXIT 65 & I-94 BUS/US-10",Fargo,ND,341,3.449,Fargo,ND,46.900878,-96.793577
6721,STAMART 1222,"I-29, EXIT 64",Fargo,ND,341,3.38566666,Fargo,ND,46.900878,-96.793577
6725,TA EXPRESS GRAND FORKS #948,"I-29, EXIT 141 & US-2",Grand Forks,ND,355,3.539,Grand Forks,ND,47.901041,-97.04463
6734,TOMAHAWK TRUCK STOP,"I-25, EXIT 128",Fountain,CO,803,3.299,Fountain,CO,38.699563,-104.700469
6736,EAGLEVILLE TRAVEL CENTER,"I-35 & ROUTE N, EXIT 106",Eagleville,MO,320,2.93566666,Eagleville,MO,40.491197,-93.995058
6742,Holiday #3810,"I-94/US-52, EXIT 178 & SR-24",Clearwater,MN,453,3.22066666,Clearwater,MN,45.387694,-94.045246
6744,FLYING J #550,US-2/US-52,Minot,ND,273,3.93566666,Minot,ND,48.22914,-101.298476
6745,TIGER TRUCK STOP,"I-10, EXIT 139",Grosse Tete,LA,600,3.059,Grosse Tete,LA,30.387935,-91.43829
6755,PETRO STOPPING CENTER #326,"I-40, EXIT 161 & SR-391",North Little Rock,AR,695,3.20733333,North Little Rock,AR,34.766974,-92.265376
6760,BETTY BEAVERS TRUCKSTOP,"I-87, EXIT 32",Lewis,NY,12,3.619,Lewis,NY,44.307507,-73.549129
6765,CIRCLE C TRAVEL PLAZA,"I-95, EXIT 68 & SR-61",Walterboro,SC,195,3.079,Walterboro,SC,32.897367,-80.679225
6806,Onvo Travel Plaza,"I-78/US-22, EXIT 45 & SR-863",Kutztown,PA,90,3.32733333,Kutztown,PA,40.521354,-75.777395
6810,TA RICHMOND,"I-95, EXIT 89 & SR-802",Ashland,VA,180,3.60566666,Ashland,VA,37.73948,-77.478373
6811,PUMP & PANTRY #24,US-6/CR-74,Hastings,NE,330,3.399,Hastings,NE,40.587654,-98.391146
6823,PETRO STOPPING CENTER #301,"I-10, EXIT 37",El Paso,TX,640,3.124,El Paso,TX,31.758411,-106.478311
6840,PETRO DEMING,"I-10, EXIT 68",Deming,NM,640,3.38566666,Deming,NM,32.231808,-107.746559
6842,FLYNNS TRUCK PLAZA,"US-20, EXIT 11 & SR-140",Shrewsbury,MA,175,3.61566666,Shrewsbury,MA,42.284801,-71.720503
6845,NEBRASKALAND TIRE SHOP,"I-80, EXIT 237 & US-283",Lexington,NE,330,2.999,Lexington,NE,40.785002,-99.751515
6850,BROKEN WHEEL TRUCK STOP,"I-25, EXIT 135",Douglas,WY,790,3.759,Douglas,WY,42.762558,-105.385484
6857,TA SPARKS TRAVEL CENTER,"I-80, EXIT 19 & SR-659",Sparks,NV,966,3.899,Sparks,NV,39.547254,-119.755588
6859,PRIME STOP,US-81,Norfolk,NE,470,3.229,Norfolk,NE,42.032914,-97.422898
6864,JJS TRUCK STOP,"I-30, EXIT 106",Malvern,AR,695,3.31566666,Malvern,AR,34.355715,-92.829162
6869,TA WHEELING TRAVEL CENTER,"I-70, EXIT 11 & CR-41",Valley Grove,WV,165,3.529,Valley Grove,WV,40.094649,-80.555059
6883,PILOT TRAVEL CENTERS #517,US- 22 & SR-322,Duncannon,PA,70,4.199,Duncannon,PA,40.408678,-77.047254
6885,GO MART FOOD STORE #31,"I-77, EXIT 95 & SR-61",Charleston                              ,WV,44,3.499,Charleston,WV,38.349,-81.630606
6886,PWI #535,"I-70, EXIT 47",Palisade,CO,800,3.379,Palisade,CO,39.103178,-108.367977
6897,Speedee Mart #2890,US-20 & US-83,Valentine,NE,475,3.329,Valentine,NE,42.806166,-100.621542
6901,PRIME STOP,US-275,Wisner,NE,470,3.259,Wisner,NE,41.997994,-96.916975
6915,FLITE LINE SUNOCO,"I-95, EXIT 3",Portsmouth,NH,34,3.69566666,Portsmouth,NH,43.066524,-70.780412
6927,TORCH 85 TRUCK PLAZA,"I-85, EXIT 42",Tuskegee,AL,720,3.27233333,Tuskegee,AL,32.431623,-85.68606
6944,CROSSROADS TRUCK STOP,"I-82, EXIT 1 & US-730",Umatilla,OR,982,3.239,Umatilla,OR,45.915725,-119.313715
6948,PILOT #4563,"I-8I, EXIT 77",Harrisburg,PA,70,3.869,Harrisburg,PA,40.261767,-76.883079
6951,ARROWHEAD TRAVEL PLAZA,"I-84, EXIT 216 & SR 331,",Pendleton,OR,982,3.259,Pendleton,OR,45.660535,-118.783104
6954,BOLLA MARKET #198,SR-17MAHWA,Mahwah,NJ,115,3.58566666,Mahwah,NJ,41.074473,-74.155974
6960,FLYING J TRAVEL PLAZA #761,"I-80 & US-189, EXIT 3",Evanston,WY,835,3.699,Evanston,WY,41.260947,-110.963067
6961,LITTLE AMERICA,"I-80, EXIT 358 & I-25, EXIT 9 & US-30",Cheyenne,WY,795,3.709,Cheyenne,WY,41.143719,-104.796234
6962,LITTLE AMERICA TRAVEL CENTER,"I-80, EXIT 68 & SR-374",Little America,WY,835,3.52566666,Little America,WY,41.543611,-109.858333
6963,Atlantis Fresh Market #553,"I-84, EXIT 1",Montague,NJ,120,3.509,Montague,NJ,41.302259,-74.753956
6968,R STORE #4513,US-41,Fond Du Lac,WI,360,3.299,Fond Du Lac,WI,43.770446,-88.429149
6970,TA Twin City East Travel Center,I-94  EXIT 4 & US-12,Hudson,WI,450,3.54733333,Hudson,WI,44.984187,-92.727062
6971,KWIK TRIP #1013,"I-41, EXIT 57 & SR-167",Richfield,WI,444,3.39066666,Richfield,WI,43.273925,-88.215467
6975,TRUCKERS INN STOP,"I-90/I-94, EXIT 132 & US-51",De Forest,WI,420,3.199,De Forest,WI,43.235748,-89.329652
6976,MOASIS TRUCK CENTER,US-41,Little Chute,WI,444,3.199,Little Chute,WI,44.284248,-88.311989
6980,TA MADISON TRAVEL CENTER,"I-90/I-94/I-39, EXIT 132 & US-51",De Forest,WI,420,3.839,De Forest,WI,43.235748,-89.329652
6981,Kwik Trip #1197,"US-151, EXIT 26",Belmont,WI,335,3.564,Belmont,WI,42.730784,-90.335881
6984,TA HURRICANE TRAVEL CENTER,"I-64, EXIT 39 & SR-34",Hurricane,WV,255,3.63233333,Hurricane,WV,38.425741,-81.994329
6986,LOVES TRAVEL STOP #448,"I-5, EXIT 136B, SR-509",Tacoma,WA,977,4.589,Tacoma,WA,47.2764,-122.7583
6987,One9 #965,"I-90, EXIT 109 & US-97",Ellensburg                              ,WA,977,3.839,Ellensburg,WA,46.999632,-120.516274
6992,FLYING J #1169,"I-5, EXIT 99",Tumwater,WA,977,4.599,Tumwater,WA,46.9542,-123.025
6994,FLYING J FRANCHISE #967,"I-90, EXIT 286",Spokane,WA,970,3.929,Spokane,WA,47.666485,-117.436527
6999,SIMMONS TRAVEL CENTER,"I-85, EXIT 4 & SR-93/SR-903",Bracey,VA,180,3.099,Bracey,VA,36.576295,-78.105862
7003,TA ASHLAND TRAVEL CENTER,"I-95, EXIT 92 & SR-54",Ashland,VA,180,3.64233333,Ashland,VA,37.73948,-77.478373
7004,FRANKS TRUCKING CENTER,"I-264, EXIT 13B",Chesapeake,VA,130,3.449,Chesapeake,VA,36.735246,-76.23843
7005,PETRO STOPPING CENTER,"I-81 & I-64, EXIT 205",Raphine,VA,185,3.659,Raphine,VA,37.937353,-79.221903
7007,KUM & GO #0201,"I-80, EXIT 242",Coralville,IA,380,3.294,Coralville,IA,41.693666,-91.590608
7013,ERNIES TRUCK PLAZA,"I-15, EXIT 112",Beaver,UT,910,3.399,Beaver,UT,38.28071,-112.629916
7016,TA SALT LAKE CITY TRAVEL CENTER,"I-80, EXIT 99",Tooele,UT,835,3.769,Tooele,UT,40.545445,-112.300214
7018,FLYING J TRAVEL PLAZA #746,"I-15 & I-80 SR 201, EXIT 305",Salt Lake City,UT,835,3.73233333,Salt Lake City,UT,40.755851,-111.896657
7023,TA AMARILLO WEST TRAVEL CENTER,"I-40, EXIT 74",Amarillo,TX,585,3.279,Amarillo,TX,35.203238,-101.842052
7037,SAMS TRUCK STOP,"I-10, EXIT 138",Van Horn,TX,640,3.999,Van Horn,TX,31.042879,-104.832249
7045,BUBBLE CITY TRUCK STOP,US-64,Farmington,NM,614,3.70566666,Farmington,NM,36.706514,-108.199531
7051,PILOT #887,US-84 & US-180,Snyder,TX,575,3.24566666,Snyder,TX,32.715105,-100.907485
7056,TA SWEETWATER TRAVEL CENTER,"I-20, EXIT 242",Sweetwater,TX,575,3.15233333,Sweetwater,TX,32.472589,-100.397908
7058,YESWAY #1125,"I-27, EXIT 1C",Lubbock,TX,700,2.969,Lubbock,TX,33.586527,-101.860634
7059,TA BIG SPRING TRAVEL CENTER,"I-20, EXIT 177 & US-87",Big Spring,TX,612,3.699,Big Spring,TX,32.241767,-101.467517
7064,SPEEDWAY #9804,"I-10, EXIT 25",El Paso,TX,640,3.41566666,El Paso,TX,31.758411,-106.478311
7066,REFUEL #328,"I-35,  EXIT 204",San Marcos,TX,595,2.999,San Marcos,TX,29.875359,-97.940418
7072,TA ANTIOCH TRAVEL CENTER,"I-24, EXIT 62",Antioch,TN,460,3.50566666,Antioch,TN,36.06,-86.672222
7077,THE TENNESSEAN TRUCKSTOP,"I-65, EXIT 22 & US-31 ALT/SR-11",Cornersville,TN,460,3.799,Cornersville,TN,35.34088,-86.82862
7078,TA DENMARK TRAVEL CENTER,"I-40 & SR-138, EXIT 68",Denmark,TN,435,3.539,Denmark,TN,35.557059,-88.975892
7080,ONE9 #1422,"I-40, EXIT 197",Moriarty,NM,580,3.11566666,Moriarty,NM,34.988878,-106.060871
7082,Chevron,"I-65, EXIT 6",Ardmore,TN,460,3.599,Ardmore,TN,35.057445,-86.879555
7084,Holiday StationStore #2746500,US-12 & US-281,Aberdeen,SD,248,3.114,Aberdeen,SD,45.466109,-98.485642
7087,PILOT #599,"I-90, EXIT 192 & I-90 BUS/US-83",Murdo,SD,506,3.799,Murdo,SD,43.896115,-100.712107
7088,FLYING J FRANCHISE #931,"I-90, EXIT 61",Rapid City,SD,506,3.15733333,Rapid City,SD,44.077041,-103.200259
7092,LOVES TRAVEL STOP #445,I-90 EXIT 399 & SR 115,Sioux Falls,SD,530,3.889,Sioux Falls,SD,43.488,-96.7343
7095,TA MANNING TRAVEL CENTER,"I-95, EXIT 119",Manning,SC,135,3.51733333,Manning,SC,33.667716,-80.222078
7106,PILOT DEALER #1163,"I-80, EXIT 42",Emlenton,PA,165,4.03566666,Emlenton,PA,41.202769,-79.746996
7112,TA HARRISBURG TRAVEL CENTER,"I-81, EXIT 77 & SR-39",Harrisburg,PA,70,3.81566666,Harrisburg,PA,40.261767,-76.883079
7116,TA MILESBURG TRAVEL CENTER,"I-80, EXIT 158",Milesburg,PA,14,4.049,Milesburg,PA,40.941667,-77.785278
7121,TA BLOOMSBURG TRAVEL CENTER,"I-80, EXIT 232",Bloomsburg,PA,138,3.95733333,Bloomsburg,PA,41.011528,-76.438379
7126,SAPP BROS TRAVEL CENTER,"I-80, EXIT 120",Clearfield,PA,14,3.899,Clearfield,PA,41.02103,-78.443488
7128,FLYING J #518,"I-78, EXIT 10 (PA 645)",Myerstown,PA,208,3.869,Myerstown,PA,40.378949,-76.314328
7129,TA BROOKVILLE TRAVEL CENTER,"I-80 EXIT 78, & SR-36",Brookville,PA,14,4.029,Brookville,PA,41.159986,-79.064101
7131,TA BREEZEWOOD TRAVEL CENTER,"I-76 & US30, EXIT 161",Breezewood,PA,14,4.299,Breezewood,PA,39.990521,-78.245271
7132,Terrible Herbst dba/One9 #1395,"I-15, EXIT 12",Jean,NV,910,3.459,Jean,NV,35.854839,-115.469154
7135,PETRO STOPPING CENTER #336,"I-81, EXIT 52 & I-76, EXIT 226",Carlisle,PA,70,4.149,Carlisle,PA,40.203877,-77.199526
7136,TA LAMAR TRAVEL CENTER,"I-80, EXIT 173 & SR-64",Lamar,PA,14,4.03566666,Lamar,PA,41.016111,-77.531389
7137,TA BARKEYVILLE TRAVEL CENTER,"I-80, EXIT 29 & SR-8",Harrisville,PA,165,4.044,Harrisville,PA,41.163087,-79.979639
7147,JUBITZ TRAVEL PLAZA,"I-5, EXIT 307",Portland,OR,935,3.859,Portland,OR,45.442919,-122.615092
7148,TA TROUTDALE TRAVEL CENTER,"I-84, EXIT 17",Troutdale,OR,935,3.93233333,Troutdale,OR,45.525398,-122.373866
7154,TA OKLAHOMA CITY WEST TRAVEL CENTER,"I-40, EXIT 140",Oklahoma City,OK,483,3.30233333,Oklahoma City,OK,35.3337,-97.4922
7156,TA OKLAHOMA CITY EAST TRAVEL CENTER,"I-40, EXIT 142",Oklahoma City,OK,483,3.30066666,Oklahoma City,OK,35.3337,-97.4922
7166,TA London Travel Center,"I-70 & US-42, EXIT 79",London,OH,315,3.49233333,London,OH,39.900074,-83.443899
7169,TA YOUNGSTOWN TRAVEL CENTER,"I-80 & SR 46, EXIT 223",Youngstown,OH,573,3.444,Youngstown,OH,41.0986,-80.6474
7170,TRUCK WORLD TRUCKSTOP,"I-80, EXIT 234",Hubbard,OH,573,3.259,Hubbard,OH,41.162401,-80.576192
7172,TA TOLEDO EAST TRAVEL CENTER,"I-80 & I-280, EXIT 71",Perrysburg,OH,550,3.78066666,Perrysburg,OH,41.542926,-83.592727
7173,SPEEDWAY #9954,"SR-17, EXIT 66",Apalachin,NY,32,3.999,Apalachin,NY,42.055579,-76.15194
7176,TA DAYTON TRAVEL CENTER,"I-70,  EXIT 10 & US-127",Eaton,OH,317,3.40066666,Eaton,OH,39.742572,-84.650849
7179,JIMS TRUCK PLAZA,"I-90, EXIT 52E",Buffalo                                 ,NY,38,3.659,Buffalo,NY,42.896659,-78.884575
7180,TA HebronTravel Center,"I-70, EXIT 126 & SR-37",Hebron,OH,315,3.38233333,Hebron,OH,39.953464,-82.491868
7183,TA KINGSVILLE TRAVEL CENTER,"I-90, EXIT 235 & SR-193",Kingsville,OH,305,3.88233333,Kingsville,OH,41.872311,-80.660092
7184,TA JEFFERSONVILLE EAST TRAVEL CENTER,"I-71, EXIT 65 & SR-435 & US-35",Jeffersonville,OH,315,3.32733333,Jeffersonville,OH,39.65896,-83.56873
7189,S and R Truck Plaza,"I-94, EXIT 260",Jamestown,ND,390,3.58566666,Jamestown,ND,46.905899,-98.706127
7190,Tower Travel Center,"I-94, EXIT 307",Tower City,ND,341,3.51566666,Tower City,ND,46.911873,-97.659392
7196,SALUDA TRUCK PLAZA,"I-26, EXIT 28",Saluda                                  ,NC,210,3.099,Saluda,NC,35.238341,-82.330595
7197,7-ELEVEN #35115,"I-90, EXIT 42",Phelps,NY,190,4.019,Phelps,NY,42.958178,-77.047264
7198,LOVES TRAVEL STOP #507,"I-85, EXIT 71",Salisbury,NC,46,3.51066666,Salisbury,NC,35.651498,-80.488945
7212,ONVO TRAVEL PLAZA,"I-90 & RTE 22, EXIT B-3",Canaan,NY,12,3.399,Canaan,NY,42.413168,-73.415889
7213,SENECA ONE STOP,"I-90, EXIT 58",Irving                                  ,NY,38,2.899,Irving,NY,42.573866,-79.059634
7215,TA FULTONVILLE TRAVEL CENTER,"I-90, EXIT 28",Fultonville,NY,12,4.039,Fultonville,NY,42.903601,-74.359765
7216,ONVO TRAVEL PLAZA - LOUNSBERRY,"SR-17, EXIT 63",Nichols,NY,220,3.399,Nichols,NY,42.031961,-76.361039
7220,CUMBERLAND FARMS #001662,US-9W/SR-32,Glenmont,NY,12,3.749,Glenmont,NY,42.597147,-73.795884
7222,TA SANTA ROSA TRAVEL CENTER,"I-40/US-54, EXIT 277 & US-84",Santa Rosa,NM,580,3.45233333,Santa Rosa,NM,34.933276,-104.682155
7225,LOVES TRAVEL STOP #329,US-60,Clovis,NM,593,4.089,Clovis,NM,34.412585,-103.221391
7226,TA LAS CRUCES TRAVEL CENTER,"I-10, EXIT 139",Las Cruces,NM,640,3.14066666,Las Cruces,NM,32.321641,-106.746034
7227,NATIONAL TRUCK STOP,"I-10, VADO EXIT 155",Vado                                    ,NM,640,2.999,Vado,NM,32.115,-106.663333
7228,MAVERIK COUNTRY STORE #638,"I-40, EXIT 159D & I-25/US-85, EXIT 227",Albuquerque,NM,580,3.20733333,Albuquerque,NM,35.0936,-106.6423
7229,TA GALLUP TRAVEL CENTER,"I-40, EXIT 16 & HWY 66",Gallup,NM,580,3.43233333,Gallup,NM,35.506475,-108.741352
7230,DEMING TRUCK STOP,"I-10, EXIT 81",Deming,NM,640,2.899,Deming,NM,32.231808,-107.746559
7231,TA ALBUQUERQUE TRAVEL CENTER,"I-25, EXIT 227 OR 225",Albuquerque,NM,580,3.58733333,Albuquerque,NM,35.0936,-106.6423
7234,TA BLOOMSBURY TRAVEL CENTER,"I-78/US-22, EXIT 7 & SR-173",Bloomsbury,NJ,115,3.79066666,Bloomsbury,NJ,40.64366,-75.09664
7237,TA COLUMBIA TRAVEL CENTER,"I-80, EXIT 4 & SR-94",Columbia,NJ,115,4.099,Columbia,NJ,40.938805,-75.054983
7239,TA PAULSBORO TRAVELCENTER,"I-295, EXIT 18A",Paulsboro,NJ,150,3.999,Paulsboro,NJ,39.831157,-75.224233
7240,Pilot Travel Centers #190,"I-78, EXIT 12 & US-22",Hampton                                 ,NJ,105,3.809,Hampton,NJ,40.677351,-74.962221
7244,TA LAS VEGAS TRAVEL CENTER,"I-15, EXIT 33",Las Vegas,NV,910,3.73566666,Las Vegas,NV,36.172082,-115.122366
7248,WILD WILD WEST TRAVEL PLAZA,"I-15, EXIT 37",Las Vegas,NV,910,3.76733333,Las Vegas,NV,36.172082,-115.122366
7263,FLYING J #904,"I-80, EXIT 107",Big Springs,NE,475,3.48233333,Big Springs,NE,41.069621,-102.093273
7264,TA GRAND ISLAND WEST TRAVEL CENTER,"I-80, EXIT 305",Alda,NE,330,3.169,Alda,NE,40.856923,-98.455135
7265,Fast Stop Travel Centers #1151,"I-80, EXIT 164 & CR-56C",Hershey,NE,475,3.499,Hershey,NE,41.155303,-101.001157
7267,TA OGALLALA TRAVEL CENTER,"I-80, EXIT 126",Ogallala,NE,475,3.46566666,Ogallala,NE,41.127505,-101.710742
7268,SAPP BROS TRAVEL CENTER,"I-80, EXIT 440 & SR-50, EXIT 440",Omaha,NE,486,3.28066666,Omaha,NE,41.261,-95.9376
7269,GRAND ISLAND TRAVEL CENTER,"I-80, EXIT 312 & US-281/US-34",Grand Island,NE,330,3.26566666,Grand Island,NE,40.921858,-98.341062
7282,ALLTOWN FRESH,"I-87, EXIT 17N & US-9",Fort Edward,NY,12,3.759,Fort Edward,NY,43.265321,-73.582169
7284,MURALTS TRUCK PLAZA,"I-90, EXIT 96 & US-93/SR-200",Missoula,MT,820,3.609,Missoula,MT,46.856274,-114.025207
7285,SENECA ONE STOP,"SR-17, EXIT 20",Salamanca                               ,NY,38,3.309,Salamanca,NY,42.16035,-78.73042
7286,TA MISSOULA,"I-90, EXIT 96 & US-93",Missoula,MT,820,3.699,Missoula,MT,46.856274,-114.025207
7288,TA LAUREL,"I-90, EXIT 437",Laurel,MT,780,3.61233333,Laurel,MT,45.67451,-108.769008
7289,TA STRAFFORD,"I-44, EXIT 88 & SR-125",Strafford,MO,535,3.36566666,Strafford,MO,37.279718,-93.10663
7291,TA OAK GROVE TRAVEL CENTER,"I-70, EXIT 28",Oak Grove,MO,400,3.22233333,Oak Grove,MO,38.998456,-94.139946
7293,TA Matthews Travel Center,"I-55, EXIT 58 & SR-80",Matthews,MO,574,3.20566666,Matthews,MO,36.807528,-89.576833
7299,GASPERS - FAST LANE,"I-70, EXIT 148 & US-54",Kingdom City,MO,392,2.959,Kingdom City,MO,38.95508,-91.952008
7300,B AND D AUTO TRUCK PLAZA,"I-44, EXIT 127",Lebanon,MO,416,3.099,Lebanon,MO,37.685049,-92.655029
7310,AAA HOSPITALITY,"I-55, EXIT 220",Tillatoba,MS,435,2.784,Tillatoba,MS,33.985229,-89.894461
7312,208 FUEL PLAZA,"I-70, EXIT 208",Belmont,OH,430,3.419,Belmont,OH,40.03202,-81.006564
7314,TA MERIDIAN TRAVEL CENTER,"I-20 & I-59, EXIT 160",Meridian,MS,705,2.91233333,Meridian,MS,32.357441,-88.655973
7323,TRUCKERS INN,"I-94/US-52, EXIT 127 & US-71",Sauk Centre,MN,453,3.22566666,Sauk Centre,MN,45.728079,-94.968166
7326,PETRO STOP #398,"I-35 & I-90, EXIT 11",Albert Lea,MN,515,4.099,Albert Lea,MN,43.653678,-93.370672
7327,TA TEKONSHA,"I-69,EXIT 25 & SR-60",Tekonsha,MI,385,3.589,Tekonsha,MI,42.086326,-84.992602
7331,SPEEDWAY #9266,US-52 & SR-234,Ironton,OH,255,3.699,Ironton,OH,38.529429,-82.665351
7332,FLYING J #895,"I-75, EXIT 32A",Trenton,MI,325,3.249,Trenton,MI,42.134304,-83.218142
7335,TA SAWYER TRAVEL CENTER,"I-94, EXIT 12",Sawyer,MI,465,3.689,Sawyer,MI,41.882866,-86.588508
7337,TA BATTLE CREEK,"I-94, EXIT 104",Battle Creek,MI,385,3.979,Battle Creek,MI,42.3053,-85.1389
7341,INTERSTATE TRAVEL PLAZA,"I-495, EXIT 14A & US-1",Wrentham,MA,175,3.699,Wrentham,MA,42.061746,-71.339568
7344,BEST QUICK STOP,US-1,Peabody,MA,178,3.61566666,Peabody,MA,42.532579,-70.961194
7353,DYSARTS SERVICE,"I-95, EXIT 44",Bangor,ME,26,3.799,Bangor,ME,44.824199,-68.791839
7354,CIRCLE K #4707065,"I-95, EXIT 2",Kittery,ME,125,3.899,Kittery,ME,43.092128,-70.742876
7357,TA SLIDELL TRAVEL CENTER,"I-10, EXIT 266 & US-190",Slidell,LA,725,3.154,Slidell,LA,30.278411,-89.771192
7360,KINGS TRUCK STOP,ST 103,Port Barre                              ,LA,600,3.189,Port Barre,LA,30.547788,-91.928576
7364,Petro Stopping Center,"I-80, EXIT 226",Girard,OH,573,3.45233333,Girard,OH,41.161136,-80.693305
7370,TA SMITHS GROVE,"I-65, EXIT 38 & SR-101",Smiths Grove,KY,415,3.43233333,Smiths Grove,KY,37.058104,-86.193757
7371,One9 #392,"I-65, EXIT 81 & SR-84",Sonora,KY,415,3.19566666,Sonora,KY,37.52207,-85.922969
7372,TA WALTON #28,"I-75/I-71, EXIT 175 & SR-338",Walton,KY,300,3.00233333,Walton,KY,38.887491,-84.63277
7379,KEYSTOP TRAVEL CENTER,"I-65, EXIT 2 & US-31W",Franklin,KY,460,2.899,Franklin,KY,36.725353,-86.570043
7382,TA FLORENCE TRAVEL CENTER,"I-75, EXIT 181",Florence,KY,300,3.07066666,Florence,KY,38.998889,-84.626667
7385,WAKEENEY 24 7 STORE #3,"I-70/US-40, EXIT 127 & US-283",Wakeeney,KS,525,3.09066666,Wakeeney,KS,39.011415,-99.881824
7387,TA Oakley,"I-70, EXIT 76 & US-40/US-83",Oakley,KS,525,3.649,Oakley,KS,39.112102,-100.858048
7389,GO MART FOOD STORE #58,"I-77, EXIT 1 & SR-7",Marietta,OH,430,3.799,Marietta,OH,39.428141,-81.464438
7396,7-ELEVEN #36180,US-20/SR-18,Monroeville,OH,550,3.614,Monroeville,OH,41.218074,-82.70233
7398,FLYING J TRAVEL PLAZA #913,"I-80, EXIT 142 & US-65",Altoona                                 ,IA,320,3.34233333,Altoona,IA,41.647549,-93.472415
7403,FUEL MART #714,"I-75, EXIT 168",North Baltimore                         ,OH,550,3.11233333,North Baltimore,OH,41.186703,-83.680581
7406,PILOT TRAVEL CENTER #594,"I-29, EXIT 143",Sioux City,IA,527,3.60566666,Sioux City,IA,42.497223,-96.40292
7407,TA IOWA 80 TRAVEL PLAZA,"I-80, EXIT 284",Walcott,IA,270,3.90233333,Walcott,IA,41.645309,-90.725603
7408,FRIENDSHIP FOOD MART #99,US-224 & SR-61/SR-598,Willard,OH,249,3.63233333,Willard,OH,41.053056,-82.726389
7410,PILOT TRAVEL CENTER #373,"I-35 & I-80, EXIT 126",Urbandale                               ,IA,320,3.34233333,Urbandale,IA,41.629479,-93.723042
7412,PETRO STOPPING CENTER #374,"I-69, EXIT 245 & SR-28",Gaston,IN,457,3.53566666,Gaston,IN,40.29479,-85.489842
7416,GOOD TO GO #40,"I-65, EXIT 215 & SR-114",Rensselaer,IN,290,3.20066666,Rensselaer,IN,40.947731,-87.133733
7417,SKY CITGO,US-30 & SR-23,Grovertown,IN,365,3.499,Grovertown,IN,41.321969,-86.528905
7418,JJS TRAVEL PLAZA,US-31 & US-24,Peru,IN,370,3.444,Peru,IN,40.749203,-86.068044
7421,MIDLAND #1901,"I-70, EXIT 137 AT MILE 137",Cambridge City,IN,375,3.43233333,Cambridge City,IN,39.818171,-85.168455
7425,Petro Brazil,"I-70,  EXIT 23",Brazil,IN,375,3.989,Brazil,IN,39.521041,-87.127767
7429,TA CLAYTON,"I-70, EXIT 59 & SR-39",Clayton,IN,375,3.939,Clayton,IN,39.668154,-86.495921
7435,PETRO STOPPING CENTER #375,"I-65, EXIT 201 & US-231/US-24",Remington,IN,365,3.699,Remington,IN,40.766653,-87.15994
7436,TA WHITESTOWN,"I-65/US-52, EXIT 130",Whitestown,IN,375,3.57066666,Whitestown,IN,40.00002,-86.350716
7437,PETRO STOPPING CENTER #379,"I-74,  EXIT 143",Greensburg,IN,375,3.999,Greensburg,IN,39.331223,-85.473532
7457,TA EFFINGHAM TRAVEL CENTER,"I-57 & I-70, EXIT 160",Effingham,IL,574,3.349,Effingham,IL,39.121727,-88.561105
7459,TA Morris Travel Center,"I-80, EXIT 112 & SR-47",Morris,IL,290,3.849,Morris,IL,41.367233,-88.417769
7466,PILOT #595,"I-57, EXIT 54B & SR-13",Marion,IL,540,3.759,Marion,IL,37.725662,-88.929447
7469,PILOT TRAVEL CENTER #313,"I-70/I-55, EXIT 4 & SR-203",East Saint Louis,IL,540,3.379,East Saint Louis,IL,38.631538,-90.138066
7471,ROAD RANGER #185,"I-55, EXIT 145 & US-136",Mc Lean,IL,280,3.349,Mc Lean,IL,40.328159,-89.164483
7482,TA BOISE TRAVEL CENTER,"I-84, EXIT 54",Boise,ID,785,3.77066666,Boise,ID,43.6136,-116.2025
7492,Mobil dba One9 #1365,"I-85, EXIT 70",Cusseta,AL,720,2.999,Cusseta,AL,32.803194,-85.215791
7495,RACETRAC #2574,"I-75, EXIT 237, SR-331 & US-41",Forest Park,GA,18,3.109,Forest Park,GA,33.621111,-84.365833
7504,TEXACO,"I-75, EXIT 306 & SR-140",Adairsville,GA,193,3.10566666,Adairsville,GA,34.359527,-84.917634
7506,CHAPMANS TRUCK STOP,"I-85 & SR-219, EXIT 13",Lagrange,GA,50,3.91566666,Lagrange,GA,33.034025,-85.039511
7523,EXPRESS STOP FOOD STORE #4644,"I-75, EXIT 181",Pinconning,MI,260,3.639,Pinconning,MI,43.849079,-84.008162
7533,TA WILDWOOD TRAVEL CENTER,"I-75, EXIT 329 & SR-44",Wildwood,FL,225,3.214,Wildwood,FL,28.845353,-82.03473
7534,TA BALDWIN TRAVEL CENTER,"I-10, EXIT 343 & US-301",Jacksonville,FL,75,3.899,Jacksonville,FL,30.3163,-81.4175
7535,GIANT #198,"I-4/SR-400, EXIT 7 & US-301/SR-41",Tampa,FL,225,3.25733333,Tampa,FL,28.0879,-82.4593
7543,TA NEW HAVEN TRAVEL CENTER,"I-95, EXIT 56",Branford,CT,100,5.069,Branford,CT,41.279991,-72.810643
7545,CITGO,"I-95, EXIT 40",Milford,CT,100,3.399,Milford,CT,41.217466,-73.054948
7546,SHELL DBA PILOT DEALER #882,"I-95, EXIT 93 & SR-216",North Stonington,CT,73,4.299,North Stonington,CT,41.453113,-71.872701
7551,PWI #525,"I-70, EXIT 295",Watkins,CO,800,3.139,Watkins,CO,39.762317,-104.583391
7552,TA DENVER WEST TRAVEL CENTER,"I-70, EXIT 266",Wheat Ridge,CO,800,3.41566666,Wheat Ridge,CO,39.774036,-105.096195
7553,BRUSH TRAVEL PLAZA,"I-76, EXIT 90B & SR-71",Brush,CO,800,3.699,Brush,CO,40.260255,-103.62788
7574,108 FOOD AND FUEL,"I-40, EXIT 108 & US-66/US-281 BUS",Calumet,OK,483,3.13566666,Calumet,OK,35.594819,-98.189991
7611,LOVES TRAVEL STOP #167,"I-44, EXIT 83",Chickasha                               ,OK,483,3.16566666,Chickasha,OK,35.026751,-97.951847
7615,HOPI TRAVEL PLAZA CONOCO DBA ONE9 #1270,"I-40, EXIT 292",Holbrook,AZ,930,3.139,Holbrook,AZ,34.908451,-110.143412
7617,TUCSON TRUCK TERMINAL,"I-10, EXIT 268",Tucson,AZ,980,3.22233333,Tucson,AZ,32.213873,-110.969445
7622,COPAN TRUCK STOP,US-75,Copan                                   ,OK,307,3.119,Copan,OK,36.906181,-95.912987
7624,WILLCOX TRUCK PLAZA,"I-10, EXIT 340",Willcox,AZ,980,3.34066666,Willcox,AZ,32.372977,-109.863111
7625,LOVES TRAVEL STOP #248,"I-40, EXIT 71",Clinton,OK,483,3.17233333,Clinton,OK,35.511543,-98.979533
7627,DAVIS TRADING POST,"I-35, EXIT 55",Davis                                   ,OK,569,2.979,Davis,OK,34.495301,-97.10843
7629,ARNOLDS TRUCK STOP,US-72/SR-20/SR-157 & CR-59,Tuscumbia                               ,AL,615,3.169,Tuscumbia,AL,34.687432,-87.683259
7635,TA MONTGOMERY TRAVEL CENTER,"I-65, EXIT 168 & US-80/US-82/SR-6/SR-8",Montgomery,AL,720,3.25233333,Montgomery,AL,32.3743,-86.3118
7636,PILOT TRAVEL CENTER #76,"I-20 & I-59, EXIT 76",Tuscaloosa,AL,615,2.999,Tuscaloosa,AL,33.196891,-87.562666
7655,LOVES TRAVEL STOP #253,I-40 EXIT 7 & SR 30,Erick,OK,483,3.20566666,Erick,OK,35.228586,-99.863463
7705,FLYING J TRAVEL PLAZA #610,"I-40, EXIT 53",Kingman,AZ,910,3.88233333,Kingman,AZ,35.258379,-114.05689
7708,PILOT TRAVEL CENTER #352,"I-75, EXIT 139",Fort Myers                              ,FL,225,3.799,Fort Myers,FL,26.620403,-81.8725
7715,LONDON AUTO TRUCK CENTER,"I-75, EXIT 41 & SR-80",London,KY,405,3.399,London,KY,37.101605,-84.097498
7718,MR FUEL #717,"I-44, EXIT 251",Villa Ridge,MO,540,3.01566666,Villa Ridge,MO,38.460108,-90.882198
7719,FLYING J TRAVEL PLAZA #674,"I-70, EXIT 188",Warrenton,MO,540,3.11566666,Warrenton,MO,38.805042,-91.174047
7721,TRAIL STAR TRUCK STOP,"ST 16, EXIT 213",Glendive,MT,807,3.459,Glendive,MT,47.100813,-104.728716
7722,SAPP BROS TRAVEL CENTER,"I-80, EXIT 353 & US-81",York,NE,330,3.324,York,NE,40.866678,-97.582482
7724,FUEL MART #767,US-6 & US-23,Bradner,OH,550,3.40733333,Bradner,OH,41.329789,-83.4456
7725,BELL STORES #48,US-30 & SR-94,Dalton,OH,249,3.38566666,Dalton,OH,40.779326,-81.70078
7733,FLYING J TRAVEL PLAZA #723,"I-40, EXIT 76",Amarillo,TX,585,3.26566666,Amarillo,TX,35.203238,-101.842052
7746,PILOT TRAVEL CENTER #888,"I-27, EXIT 74",Tulia,TX,585,3.34066666,Tulia,TX,34.540258,-101.762864
7753,LOVES TRAVEL STOP #166,SR-351,Muskogee,OK,560,3.33733333,Muskogee,OK,35.730661,-95.375491
7767,FLYING J TRAVEL PLAZA #759,"I-25, EXIT 7",Cheyenne,WY,795,3.709,Cheyenne,WY,41.143719,-104.796234
7768,BIG D #30,"I-25/US-87, EXIT 9 & I-80, EXIT 359C & I-80 BUS/US-30",Cheyenne,WY,795,3.204,Cheyenne,WY,41.143719,-104.796234
7792,FLYING J TRAVEL PLAZA #630,"I-75/SR-401, EXIT 201 & SR-36",Jackson,GA,67,3.384,Jackson,GA,33.282006,-83.978391
7798,CIRCLE K #2745100,"I-95, EXIT 7",Woodbine,GA,75,3.23233333,Woodbine,GA,30.943692,-81.678313
7825,PILOT TRAVEL CENTERS #356,"I-65, EXIT 121",Shepherdsville,KY,415,3.609,Shepherdsville,KY,38.004515,-85.688767
7838,PILOT #581,"US-52/SR-55, & 117TH ST, MM300",Inver Grove Heights,MN,515,3.579,Inver Grove Heights,MN,44.841966,-93.034746
7871,STRIPES 7FLEET #42454,"US-60, US-70 & US-84",Texico,NM,700,3.829,Texico,NM,34.395795,-103.061544
7873,One9 #387,"I-80, EXIT 280 & SR- 278",Carlin                                  ,NV,835,3.439,Carlin,NV,40.717216,-116.108208
7886,PETRO STOPPING CENTER #357,"I-70, EXIT 156B & US-40",New Paris,OH,317,3.48733333,New Paris,OH,39.861718,-84.779337
7930,I 24 TRUCK PLAZA,"I-24, EXIT 114 & US-41",Manchester,TN,460,3.099,Manchester,TN,35.481667,-86.088611
7946,PILOT TRAVEL CENTERS #289,"I-90/I-39, EXIT 158 & I-43/SR-81, EXIT 1",Beloit                                  ,WI,520,3.799,Beloit,WI,42.522871,-89.039897
7959,SPF #45,"I-25/US-87, EXIT 7 & US-212",Cheyenne,WY,795,3.22566666,Cheyenne,WY,41.143719,-104.796234
8840,LOVES TRAVEL STOP #211,"I-35, EXIT 120",Oklahoma City,OK,483,3.25566666,Oklahoma City,OK,35.3337,-97.4922
8895,PAULS VALLEY TRAVEL CENTER,"I-35, EXIT 72  & SR-19",Pauls Valley,OK,569,2.999,Pauls Valley,OK,34.738506,-97.219501
8927,LOVES TRAVEL STOP #219,"I-40, EXIT 200",Seminole,OK,560,3.36233333,Seminole,OK,35.224444,-96.670278
8936,CIRCLE K #107,US-220 & CR-902,Ridgeway,VA,65,3.399,Ridgeway,VA,36.5874,-79.86859
8948,PARK N PUMP CIRCLE C,"I-15, EXIT 222",Nephi,UT,835,3.449,Nephi,UT,39.692275,-111.8359
8961,FLYING J TRAVEL PLAZA #736,"I-20, EXIT 42 & US-285",Pecos,TX,710,3.46566666,Pecos,TX,31.414384,-103.508129
8977,LOVES TRAVEL STOP #168,"I-44, EXIT 20",Walters                                 ,OK,253,3.194,Walters,OK,34.360526,-98.313983
8987,LOVES TRAVEL STOP #255,"I-40, EXIT 287 & SR-100",Webbers Falls,OK,645,3.789,Webbers Falls,OK,35.513787,-95.165881
9160,PILOT TRAVEL CENTERS #912,"I-80, EXIT 300 & SR-40D",Wood River,NE,330,3.28233333,Wood River,NE,40.810635,-98.606509
9161,TREXLER PLAZA TRUCK STOP,I-78/US-22,Allentown,PA,160,3.63233333,Allentown,PA,40.602729,-75.470955
9206,CIRCLE K #4707005,US-2 & SR-4,Farmington,ME,170,3.899,Farmington,ME,44.665339,-70.132878
9216,309 TRUCK STOP,SR-309,Coopersburg                             ,PA,90,3.759,Coopersburg,PA,40.507553,-75.388778
9241,7-ELEVEN #40286,"I-76,  EXIT 23/312",Elverson,PA,160,3.889,Elverson,PA,40.156781,-75.786563
9280,ONVO TRAVEL PLAZA - LAKEWOOD,"I-84, EXIT 20 & SR-507",Greentown,PA,200,3.54566666,Greentown,PA,41.332145,-75.281911
9289,ONVO EXPRESS,"I-81, EXIT 217 & SR-547",Harford,PA,200,3.609,Harford,PA,41.779891,-75.678632
9340,LANCASTER TRAVEL PLAZA,US-30,Ronks,PA,208,3.899,Ronks,PA,40.020754,-76.166132
9354,BFS FOODS TRUCK PLAZA,"I-79, EXIT 1",Mount Morris,PA,165,4.499,Mount Morris,PA,39.744289,-80.096763
9365,FLYING J TRAVEL PLAZA #713,"I-95, EXIT 181",Latta,SC,63,3.349,Latta,SC,34.339829,-79.441704
9381,SCOTT FUEL TRAVEL PLAZA,"I-81, EXIT 199",Dalton                                  ,PA,200,3.599,Dalton,PA,41.539496,-75.703737
9382,PILOT TRAVEL CENTERS #286,"I-70, EXIT 10 & SR-127",Eaton,OH,317,3.46233333,Eaton,OH,39.742572,-84.650849
9383,PILOT TRAVEL CENTERS #285,"I-70, EXIT 126 & SR-37",Hebron,OH,315,3.44566666,Hebron,OH,39.953464,-82.491868
9386,PETRO STOPPING CENTER #325,"I-75,  EXIT 167",North Baltimore,OH,550,3.27066666,North Baltimore,OH,41.186703,-83.680581
9403,PILOT TRAVEL CENTERS #280,"I-78, EXIT 7 & SR-173",Bloomsbury                              ,NJ,105,3.809,Bloomsbury,NJ,40.64366,-75.09664
9415,7-ELEVEN #40287,"I-76, EXIT 24A/326",Wayne,PA,160,3.889,Wayne,PA,40.0435,-75.388
9423,PETRO STOPPING CENTER #318,"I-70, EXIT 148",Kingdom City,MO,540,3.05733333,Kingdom City,MO,38.95508,-91.952008
9449,CORNER PANTRY #127,"I-26, EXIT 115 & US-321",West Columbia,SC,135,3.41233333,West Columbia,SC,33.995024,-81.088836
9451,TA BETO JUNCTION TRAVEL CENTER,"I-35, EXIT 155 & US-75",Lebo,KS,336,3.23066666,Lebo,KS,38.416085,-95.822174
9467,TA PORTER TRAVEL CENTERS,"I-94, EXIT 22B & US-20",Chesterton,IN,365,3.849,Chesterton,IN,41.603949,-87.050196
9468,TA LAKE STATION,"I-80 & I-94, EXIT 15B",Lake Station,IN,365,3.849,Lake Station,IN,41.568629,-87.262209
9469,TA EXPRESS COWPENS #477,"I-85, EXIT 83 & SR-110",Cowpens,SC,210,3.399,Cowpens,SC,35.038979,-81.822019
9485,PILOT TRAVEL CENTER #4559,"I-20, EXIT 26",Villa Rica,GA,18,3.389,Villa Rica,GA,33.71729,-84.929697
9513,CIRCLE K #2705350,"I-20, EXIT 5 & US-25",North Augusta,SC,135,3.159,North Augusta,SC,33.517766,-81.934794
9525,SCOTCHMAN #3891,"I-77, EXIT 65 & SR-9",Richburg,SC,46,3.109,Richburg,SC,34.682185,-80.989061
9528,GO MART FOOD STORE #43,"I-64, EXIT 39 & SR-34",Teays,WV,44,3.499,Teays,WV,38.441667,-81.953056
9542,SPINX #266,"I-26, EXIT 104",Columbia,SC,135,3.13233333,Columbia,SC,34.072613,-81.179617
9550,Mauston Interstate BP,"I-90/I-94, EXIT 69 & SR-82",Mauston,WI,420,3.22733333,Mauston,WI,43.793383,-90.064085
9553,LYNDON STATION BP,I-90 & 94 EXIT 79,Lyndon Station,WI,420,3.177,Lyndon Station,WI,43.689875,-89.891543
9554,BIG D OIL #2,US-85 & US-34,Belle Fourche                           ,SD,506,3.22733333,Belle Fourche,SD,44.672281,-103.839601
9614,DITTYS,"I-90, EXIT 284 & SR-45",Kimball,SD,455,3.089,Kimball,SD,43.712881,-98.934305
9618,FLYING J #477,US-75,Anna,TX,630,3.239,Anna,TX,33.344516,-96.563862
9638,PILOT TRAVEL CENTERS #62,"I-95, EXIT 170 & SR-327",Florence,SC,46,3.349,Florence,SC,34.18375,-79.772786
9668,COFFEE CUP FUEL STOP #4,"I-90, EXIT 310 & SR-281",Plankinton                              ,SD,455,3.02733333,Plankinton,SD,43.737287,-98.469395
9675,FLYING J TRAVEL PLAZA #722,"I-75 & I-40, EXIT 369",Knoxville,TN,405,3.439,Knoxville,TN,35.9609,-83.9189
9699,SPEEDWAY #9400,US-30/US-62 & SR-297,Canton,OH,249,3.369,Canton,OH,40.827,-81.3853
9703,PILOT TRAVEL CENTERS #2,"I-90, EXIT 223 & SR-45",Austinburg                              ,OH,305,3.859,Austinburg,OH,41.75536,-80.858422
9712,TA GREENSBORO TRAVEL CENTER,"I-40 & I-85, EXIT 138 & SR-61",Whitsett,NC,65,3.99733333,Whitsett,NC,36.032981,-79.597151
9713,TA Express Vermillion #275,"I-29, EXIT 26 & SR-50",Burbank,SD,572,3.099,Burbank,SD,42.763798,-96.846569
9717,COFFEE CUP FUEL STOP #8,"I-90, EXIT 212 & SR-83",Vivian                                  ,SD,455,3.09733333,Vivian,SD,43.95352,-100.285989
9724,One9 #1339,"I-81,  EXIT 34",Parish,NY,190,3.799,Parish,NY,43.415295,-76.100023
9746,TA MILL CITY TRAVEL CENTER,"I-80, EXIT 151",Imlay,NV,966,3.794,Imlay,NV,40.652217,-118.02115
9747,GOOD TO GO TRAVEL CENTER,"I-80, EXIT 353 & US-81",York,NE,350,3.31733333,York,NE,40.866678,-97.582482
9763,DELUXE TRUCK STOP,SR-759,Saint Joseph,MO,400,3.149,Saint Joseph,MO,39.768755,-94.838488
9783,KANGAROO CROSSING #1101,"I-55, EXIT 144",Pickens                                 ,MS,705,3.099,Pickens,MS,32.890519,-89.973707
9803,TA KNOXVILLE WEST TRAVEL CENTER,"I-40 & I-75, EXIT 369",Knoxville,TN,405,3.42566666,Knoxville,TN,35.9609,-83.9189
9808,TA ANN ARBOR TRAVEL CENTER,"I-94, EXIT 167",Dexter,MI,325,3.499,Dexter,MI,42.35832,-83.900028
9812,LEES FOOD MART #1398,"I-40, EXIT 398",Knoxville,TN,405,3.299,Knoxville,TN,35.9609,-83.9189
9818,CIRCLE K #4707002,"I-95, EXIT 157",Newport,ME,170,3.899,Newport,ME,44.839264,-69.267498
9821,PILOT TRAVEL CENTERS #52,"I-24, EXIT 64",La Vergne                               ,TN,460,3.47233333,La Vergne,TN,36.012714,-86.559969
9842,Petes #03,US-59 & US-54,Moran,KS,336,3.26566666,Moran,KS,37.934159,-95.164733
9843,MAPLE HILL TRUCK STOP,"I-70, EXIT 341",Maple Hill,KS,553,3.05233333,Maple Hill,KS,39.069456,-96.018727
9851,KWIK STOP #86,US-151/US-52/US-61,Dubuque                                 ,IA,335,3.489,Dubuque,IA,42.514977,-90.681914
9855,PILOT TRAVEL CENTER #37,"I-65, EXIT 95",Whiteland,IN,375,3.959,Whiteland,IN,39.555313,-86.093476
9860,PARADISE AUTO TRUCK PLAZA,US-31,Rochester,IN,370,3.40566666,Rochester,IN,41.065493,-86.231007
9862,PILOT TRAVEL CENTERS #271,"I-80, EXIT 6",Gary,IN,365,3.799,Gary,IN,41.593333,-87.346389
9887,7-ELEVEN #40354,"I-95, EXIT 173",Palm Bay,FL,140,3.21566666,Palm Bay,FL,28.014605,-80.599087
9941,FLYING J TRAVEL PLAZA #609,"I-10, EXIT 208-A",Eloy,AZ,930,3.45233333,Eloy,AZ,32.750929,-111.583275
9945,CIRCLE K #2706690,"I-85/US-29, EXIT 62 & US-280/US-431/SR-38/SR-1",Opelika,AL,50,2.999,Opelika,AL,32.627771,-85.358629
9959,FLYING J #876,"I-95, EXIT 104",Ruther Glen,VA,180,3.619,Ruther Glen,VA,37.945059,-77.47135
9962,STRIPES #40673,"I-45, EXIT 179",Mcallen,TX,639,3.289,Mcallen,TX,26.21544,-98.235871
9971,TA DANSVILLE TRAVEL CENTER,"I-390 & COMMERCE, EXIT 5",Dansville,NY,190,4.499,Dansville,NY,42.569975,-77.710907
9973,BOLLA MARKET,"I-287, EXIT 66",Mahwah,NJ,115,3.53233333,Mahwah,NJ,41.074473,-74.155974
9990,JIMS  BEST STOP,US-45 & US-64,Selmer,TN,435,3.174,Selmer,TN,35.169124,-88.595832
9995,LOVES TRAVEL STOP #411,"I-35 & I-80, EXIT 125 & US-6",Clive,IA,320,3.34066666,Clive,IA,41.606729,-93.745749
9997,Circle K #2723687,"I-20, EXIT 11 & US-27/SR-1",Bremen,GA,193,3.08733333,Bremen,GA,33.730872,-85.128638
10006,FLINT HILLS FUEL MART,US-50 & US-77,Florence,KS,336,3.499,Florence,KS,38.241536,-96.934561
10007,CIRCLE K #2705346,SR-307,Savannah,GA,195,3.03233333,Savannah,GA,32.067631,-81.102394
10014,Sudden Service #6604,"I-40, EXIT 212",Nashville,TN,460,3.399,Nashville,TN,36.167028,-86.778441
10015,Loves Travel Stop #429,"I-65 & I-24, EXIT 87",Nashville,TN,460,3.46233333,Nashville,TN,36.167028,-86.778441
10020,Maplefields,"US-4, EXIT 2 & SR-22A",Fair Haven,VT,39,3.599,Fair Haven,VT,43.62345,-73.270068
10024,MILLERS TRAVEL CENTER,US-6 & US-50,Wellington,UT,835,3.659,Wellington,UT,39.537257,-110.736954
10028,GOOD TO GO #10,US-35,Winamac,IN,290,3.914,Winamac,IN,41.056242,-86.630697
10030,LOVES TRAVEL STOP #715,I-77 EXIT 58 & SR-666 & US-52,Bastian,VA,185,3.59733333,Bastian,VA,37.15742,-81.198855
10033,SHELL,"I-95, EXIT 133 & US-17 BUS",Fredericksburg,VA,180,3.25566666,Fredericksburg,VA,38.299538,-77.477152
10047,TOWN PUMP FOOD STORE #8929,"I-15, EXIT 339",Conrad                                  ,MT,815,3.599,Conrad,MT,48.178346,-111.939665
10053,BECKS #27,"I-39/US-51, EXIT 72 & US-34",Mendota,IL,270,3.269,Mendota,IL,41.544308,-89.10828
10057,Flying J Travel Plaza #649,"I-465, EXIT 4",Indianapolis,IN,375,3.899,Indianapolis,IN,39.938417,-86.13894
10058,CITGO,US-431/SR-1 & SR-27,Abbeville                               ,AL,10,3.399,Abbeville,AL,31.575479,-85.279044
10065,ROAD MART,US-71/US-59,Ashdown,AR,723,3.299,Ashdown,AR,33.678711,-94.135102
10077,FLYING J TRAVEL PLAZA #607,"I-55, EXIT 4 & I-40, EXIT 280",West Memphis,AR,435,3.15066666,West Memphis,AR,35.148442,-90.17792
10085,EL CENTRO TRAVEL CENTER,"I-8, EXIT 115 & SR-86",El Centro                               ,CA,900,4.499,El Centro,CA,32.789332,-115.566508
10101,PILOT TRAVEL CENTERS #65,"I-20, EXIT 194",Augusta                                 ,GA,135,3.859,Augusta,GA,33.511692,-82.099505
10104,GEO H GREEN OIL,"I-85/SR-403, EXIT 41 & US-27 ALT",Newnan,GA,18,3.199,Newnan,GA,33.389404,-84.816952
10109,GIT N GO CONVENIENCE STORE #34,"US-30, EXIT 185 & SR-14",Marshalltown,IA,320,3.119,Marshalltown,IA,42.040482,-92.91269
10110,JACKSON'S FOODS DBA ONE9 #1427,"I-84, EXIT 36",Nampa,ID,785,3.37066666,Nampa,ID,43.58342,-116.584818
10116,Petro Stopping Center #359,"I-39/US-51, EXIT 99 & SR-38",Rochelle,IL,520,3.759,Rochelle,IL,41.928156,-89.071035
10122,LOVES TRAVEL STOP #417,"I-80 & I-94, EXIT 9A",Gary,IN,365,3.809,Gary,IN,41.593333,-87.346389
10126,PILOT TRAVEL CENTERS #152,"I-65, EXIT 16 & MEMPHIS RD",Memphis,IN,415,3.959,Memphis,IN,38.464181,-85.777501
10128,PETES #20,US-54/SR-7 & US-69,Fort Scott,KS,307,3.199,Fort Scott,KS,37.834159,-94.704221
10135,YESWAY #1116,"I-35, EXIT 60",Mcpherson,KS,434,3.259,Mcpherson,KS,38.373732,-97.654989
10142,PILOT TRAVEL CENTERS #438,"I-65, EXIT 6 & SR-100",Franklin,KY,415,3.169,Franklin,KY,36.725353,-86.570043
10144,PILOT TRAVEL CENTERS #358,"I-24 & US-305, EXIT 3",Paducah,KY,490,3.699,Paducah,KY,37.063377,-88.663204
10146,PILOT TRAVEL CENTERS #437,"I-75, EXIT 11 & SR-92",Williamsburg,KY,410,3.609,Williamsburg,KY,36.735535,-84.143592
10150,PILOT TRAVEL CENTERS #300,"I-12, EXIT 40",Hammond,LA,725,3.23233333,Hammond,LA,30.51908,-90.487856
10154,I 49 TRUCK STOP,"I-49, EXIT 23 & US-167",Opelousas                               ,LA,600,3.199,Opelousas,LA,30.51442,-92.089668
10157,J AND  H OIL,"US-131, EXIT 72",Byron Center,MI,344,3.499,Byron Center,MI,42.801614,-85.713602
10161,SPEEDWAY #8740,"I-69, EXIT 87",Dewitt,MI,342,3.599,Dewitt,MI,42.842784,-84.579654
10168,Express Stop,"I-94, EXIT 145",Jackson                                 ,MI,385,3.589,Jackson,MI,42.254522,-84.387476
10172,EXPRESS STOP FOOD STORE #4647,"I-75, EXIT 151 & SR- 81",Saginaw,MI,260,3.399,Saginaw,MI,43.404692,-83.915626
10181,QUIKTRIP #611,I-55 EXIT 178,Herculaneum,MO,540,2.99066666,Herculaneum,MO,38.260087,-90.387095
10184,CIRCLE K #2721544,"I-55, EXIT 243 & US-278/SR-6",Batesville,MS,435,3.309,Batesville,MS,34.331651,-89.91418
10192,INTERSTATE STATION #8,"I-55, EXIT 78                 ",Natchez                                 ,MS,760,3.399,Natchez,MS,31.54924,-91.364214
20000,BIG BOYS TRUCK STOP,"I-95, EXIT 105",Kenly,NC,205,3.299,Kenly,NC,35.607742,-78.138227
20003,PILOT #7976,"I-77, EXIT 42",Troutman,NC,46,3.659,Troutman,NC,35.686271,-80.882229
20006,CENEX C STORE,US-52,Kenmare,ND,452,3.46733333,Kenmare,ND,48.673149,-102.071745
20009,BIG SPRINGS TRUCK AND TRAVEL,"I-80, EXIT 107",Big Springs,NE,475,3.074,Big Springs,NE,41.069621,-102.093273
20011,CUBBYS #111,US-81,Norfolk,NE,470,3.209,Norfolk,NE,42.032914,-97.422898
20012,FLYING J TRAVEL PLAZA #686,"I-80, EXIT 432",Gretna,NE,319,3.28233333,Gretna,NE,41.134458,-96.245837
20014,SIMONS EXIT 16,"I-89, EXIT 16",Enfield                                 ,NH,39,3.499,Enfield,NH,43.625584,-72.127014
20019,SUNOCO,"I-295, EXIT 2C & SR-140",Penns Grove,NJ,150,3.459,Penns Grove,NJ,39.717938,-75.465623
20024,LOVES TRAVEL STOP #259,"I-10 & AIRPORT RD, EXIT 132",Las Cruces,NM,640,3.214,Las Cruces,NM,32.321641,-106.746034
20027,LOVES TRAVEL STOP #262,"I-40, EXIT 333",Tucumcari,NM,585,3.889,Tucumcari,NM,35.168003,-103.717935
20028,MORTONS TRUCK STOP,"I-15, EXIT 46",North Las Vegas,NV,910,3.399,North Las Vegas,NV,36.4475,-114.851389
20031,FLYING J TRAVEL PLAZA #770,"I-80, EXIT 176",Winnemucca                              ,NV,966,3.77733333,Winnemucca,NV,40.966418,-117.746693
20033,LOVES TRAVEL STOP #772,"I-86 & SR-17, EXIT 37",Bath,NY,190,4.489,Bath,NY,42.345451,-77.323255
20036,SMOKIN JOES,I-90 EXIT 24,Sanborn                                 ,NY,38,3.699,Sanborn,NY,43.141879,-78.878522
20042,FLYING J TRAVEL PLAZA #700,I-80 & I-90 EXIT 71,Perrysburg,OH,550,3.759,Perrysburg,OH,41.542926,-83.592727
20043,FRIENDSHIP FOOD MART #70,SR-2 & SR-53,Port Clinton,OH,550,3.939,Port Clinton,OH,41.521535,-82.909368
20045,PILOT TRAVEL CENTERS #281,"I-80, EXIT 226",Girard,OH,573,3.45233333,Girard,OH,41.161136,-80.693305
20049,LOVES TRAVEL STOP #263,"I-44, EXIT 45 & SR-49",Lawton,OK,569,3.21733333,Lawton,OK,34.591467,-98.369783
20050,LOVES TRAVEL STOP #260,"I-35, EXIT 106 & SR-9 W",Norman,OK,483,3.254,Norman,OK,35.2212,-97.4448
20054,Jacksons Food Stores,"I-84, EXIT 261",La Grande,OR,925,3.687,La Grande,OR,45.330435,-118.085228
20062,PILOT TRAVEL CENTERS #298,"I-80, EXIT 256 & SR-93",Drums,PA,200,3.97566666,Drums,PA,41.025525,-75.97676
20066,KWIK FILL #228,"I-90, EXIT 45 & US-20",North East,PA,240,4.089,North East,PA,42.200793,-79.833179
20070,ONVO TRAVEL PLAZA - PROMISED LAND,"I-84, EXIT 26 & SR-390",Tafton,PA,200,3.54566666,Tafton,PA,41.369445,-75.101598
20072,PILOT TRAVEL CENTERS #310,"I-85, EXIT 63 & SR-290",Duncan,SC,210,3.43233333,Duncan,SC,34.917645,-82.125821
20079,PETRO KINGSTON SPRINGS #349,"I-40, EXIT 188",Kingston Springs,TN,460,3.23233333,Kingston Springs,TN,36.095324,-87.115646
20082,GOLDEN EXPRESS TRUCK STOP,US-287/US-81 & CR-1595,Alvord,TX,637,3.049,Alvord,TX,33.36982,-97.688488
20083,FLYING J TRAVEL PLAZA #724,"I-10, EXIT 0",Anthony                                 ,TX,640,3.459,Anthony,TX,31.990718,-106.597625
20086,LOVES TRAVEL STOP #609,"I-35, EXIT 471 & US-77",Denton,TX,630,3.24733333,Denton,TX,33.22893,-97.131436
20105,CEFCO #1050,"I-30, EXIT 146 & US-37",Mount Vernon,TX,723,2.94233333,Mount Vernon,TX,33.170204,-95.218106
20108,TEX-BEST #501,"I-37, EXIT 125",Elmendorf                               ,TX,740,2.949,Elmendorf,TX,29.230793,-98.371982
20109,PILOT TRAVEL CENTERS #306,"I-10, EXIT 582",San Antonio                             ,TX,740,3.214,San Antonio,TX,29.468525,-98.526352
20114,CROSSROADS,"I-10, EXIT 829 & SR-124",Winnie                                  ,TX,610,4.249,Winnie,TX,29.815676,-94.339499
20118,KWIK TRIP #648,"I-94, EXIT 116 & SR-54",Black River Falls,WI,395,3.23733333,Black River Falls,WI,44.292101,-90.847952
20119,FREMONT CITGO,US-10 & SR-110,Fremont,WI,444,3.399,Fremont,WI,44.237884,-88.844852
20121,GO MART FOOD STORE #50,"I-77/I-64, EXIT 44 & SR-3",Beckley,WV,44,3.599,Beckley,WV,37.793214,-81.206084
44228,I-69 TRUCKSTOP TRAVEL CENTER,"I-69, EXIT 184 & SR-19",Memphis,MI,342,3.499,Memphis,MI,42.905955,-82.769623
52040,REBEL TRUCK STOP,"I-5, EXIT 27",Kalama,WA,935,4.499,Kalama,WA,46.011229,-122.816588
52048,PILOT TRAVEL CENTER #302,"I-10, EXIT 13 & CR-30",Theodore,AL,715,3.159,Theodore,AL,30.544374,-88.180748
52052,EXPRESSWAY MOBIL,US-63 & US-167,El Dorado,AR,635,3.599,El Dorado,AR,33.20735,-92.662856
52065,76 DBA ONE9 #1415,"I-75, EXIT 49",Lake Panasoffkee,FL,225,3.17233333,Lake Panasoffkee,FL,28.795261,-82.136279
52067,PETRO STOPPING CENTER #322,"I-285, EXIT 12",Atlanta,GA,18,3.44566666,Atlanta,GA,33.749788,-84.31685
52070,FRIENDLY EXPRESS #31,US-1 & US-301,Folkston,GA,75,3.099,Folkston,GA,30.850838,-82.011617
52081,MCCLURE OIL #9,US-31 & SR-18,Kokomo,IN,375,3.839,Kokomo,IN,40.49884,-86.145273
52085,RUSSELL 24/7,"I-70, EXIT 184",Russell,KS,357,3.00733333,Russell,KS,38.880563,-98.859451
52088,CASEYS #4459,"I-64, EXIT 265",Mayfield,KY,490,3.249,Mayfield,KY,36.732686,-88.650637
52089,SHELL,US-84 & SR-28,Jonesville,LA,719,3.399,Jonesville,LA,31.636486,-91.845812
52090,SHOP A LOTT #10,"I-49, EXIT 138 & SR-6",Natchitoches                            ,LA,766,3.12566666,Natchitoches,LA,31.761688,-93.091572
52099,BEACON & BRIDGE #7,"I-75, EXIT 126",Mount Morris,MI,342,3.379,Mount Morris,MI,43.11601,-83.689523
52103,SPRINT MART #27,US-45 & US-72,Corinth,MS,435,3.05566666,Corinth,MS,34.93236,-88.543884
52104,BLUE SKY #734,SR-1,Saltillo                                ,MS,435,3.08233333,Saltillo,MS,34.383128,-88.66736
52106,FLYING J TRAVEL PLAZA #923 -TOWN PUMP,"I-90, EXIT 455",Billings                                ,MT,780,3.58066666,Billings,MT,45.774489,-108.500452
52107,PILOT #7983,"I-85,  EXIT 71",Salisbury,NC,46,3.499,Salisbury,NC,35.651498,-80.488945
52112,SROKAS SERVICE CENTER,SR-149,Fort Ann,NY,12,3.799,Fort Ann,NY,43.428457,-73.478381
52128,Sudden Service #8087,I-40 EXIT 238,Lebanon,TN,460,3.199,Lebanon,TN,36.209792,-86.302367
52140,Sinclair,"I-82, EXIT 69",Sunnyside,WA,925,4.599,Sunnyside,WA,46.321273,-120.012631
52142,PILOT TRAVEL CENTERS #296,"I-94 & BAKER RD, EXIT 167",Dexter,MI,325,3.499,Dexter,MI,42.35832,-83.900028
52143,One9 #319,"I-75, EXIT 328",Dalton,GA,285,3.01566666,Dalton,GA,34.7697,-84.9702
52145,Pilot Travel Center #318,"I-465/I-74/US-52/US-40/SR-67, EXIT 4 & SR-37",Indianapolis,IN,375,3.899,Indianapolis,IN,39.938417,-86.13894
52146,FLYING J TRAVEL PLAZA #758,"I-25, EXIT 185 & SR-258",Casper,WY,790,3.999,Casper,WY,42.845763,-106.316571
52149,PILOT TRAVEL CENTERS #321,"I-75/71, EXIT 175 & SR-338",Walton,KY,300,3.08566666,Walton,KY,38.887491,-84.63277
52150,PILOT TRAVEL CENTERS #311,"I-90, EXIT 27 & SR-97",Erie,PA,240,4.21566666,Erie,PA,42.125962,-80.08601
52152,PILOT TRAVEL CENTERS #308,"I-80 , EXIT 310",Laramie,WY,795,3.609,Laramie,WY,41.312907,-105.581146
52153,PILOT TRAVEL CENTER #1412,"I-94 & RUSSELL RD, EXIT 1",Wadsworth,IL,444,3.769,Wadsworth,IL,42.446032,-87.904048
52155,TA SOUTHINGTON TRAVEL CENTER,"I-84, EXIT 28 & US-65",Milldale,CT,100,5.199,Milldale,CT,41.565833,-72.892222
52163,PILOT TRAVEL CENTERS #67,"I-75, EXIT 296",Cartersville,GA,18,3.549,Cartersville,GA,34.186975,-84.820401
52212,FLYING J TRAVEL PLAZA #763,"I-80, EXIT 209",Rawlins,WY,795,3.749,Rawlins,WY,41.795131,-107.234883
52221,FLYING J TRAVEL PLAZA #726,"I-20, EXIT 472",Dallas,TX,630,3.18233333,Dallas,TX,32.996848,-96.792113
52222,FLYING J TRAVEL PLAZA #735,"I-10, EXIT 873 & SR-62",Orange,TX,610,3.309,Orange,TX,30.125167,-93.771883
52230,ONE9 #294,"I-15 & I-84, EXIT 344 SR-39",Ogden                                   ,UT,835,3.32566666,Ogden,UT,41.2443,-112.0072
52233,SPEEDWAY #2953,"US-80, EXIT 3",Yuma,AZ,900,3.46566666,Yuma,AZ,32.701507,-114.642362
52235,PETRO STOPPING CENTER #303,"I-80, EXIT 310",Laramie,WY,795,3.57566666,Laramie,WY,41.312907,-105.581146
52236,CHEVRON,US-60,Globe,AZ,930,4.299,Globe,AZ,33.402426,-110.789247
52239,PILOT TRAVEL CENTERS #192,"I-75, EXIT 60",Tifton,GA,10,3.599,Tifton,GA,31.450278,-83.508611
52241,Rocket,"I-25/US-85/US-87, EXIT 161 & SR-105",Monument                                ,CO,803,3.195,Monument,CO,39.100726,-104.85416
52250,PILOT TRAVEL CENTERS #222,I-84 EXIT 1,Sturbridge,MA,215,4.159,Sturbridge,MA,42.112619,-72.084233
52255,GREATER CHICAGO I 55,"I-55, EXIT 267 & SR-53",Bolingbrook,IL,290,3.319,Bolingbrook,IL,41.697605,-88.087315
52262,CIRCLE K #2721577,US-84 & SR-21,Monroeville,AL,715,3.434,Monroeville,AL,31.51533,-87.340993
52278,NEIGHBORS EXPRESS,US-25/SR-121/SR-23/SR-67,Millen                                  ,GA,135,3.38233333,Millen,GA,32.787739,-81.961807
52297,IGA EXPRESS SHELL #874,"I-65, EXIT 20",Bowling Green,KY,460,2.999,Bowling Green,KY,37.007874,-86.455891
52299,415 TRUCK STOP,"I-10, EXIT 151 & SR-415",Port Allen,LA,600,3.089,Port Allen,LA,30.471983,-91.254088
52302,LONGHORN TRUCK AND CAR PLAZA,"I-10, EXIT 4",Vinton                                  ,LA,690,3.274,Vinton,LA,30.201523,-93.572808
52304,Fast Stop,"I-10, EXIT 182 & SR-22",Sorrento,LA,600,3.699,Sorrento,LA,30.185388,-90.86314
52307,CASEYS #3002,SR-60 & SR-30/SR-4,Saint James,MN,425,3.219,Saint James,MN,43.987519,-94.622935
52313,CIRCLE K #2723445,"I-20, EXIT 5A & US-61/SR-27",Vicksburg,MS,760,2.959,Vicksburg,MS,32.325824,-90.85065
52322,BOLLA MARKET,"I-95, EXIT 13",Elizabeth,NJ,115,3.099,Elizabeth,NJ,40.67169,-74.204335
52323,POWER,"I-78, EXIT 58 & SR-9/SR-1",Newark,NJ,115,4.299,Newark,NJ,40.7308,-74.1744
52325,MIRABITO #69,"I-88, EXIT 15 & SR-23",Oneonta,NY,12,3.999,Oneonta,NY,42.462453,-75.049072
52326,MR FUEL #715,"I-70, EXIT 203",Foristell,MO,540,2.92566666,Foristell,MO,38.762557,-90.934328
52334,KWIK TRIP #775,"I-90, EXIT 69 & SR-82",Mauston,WI,420,3.28733333,Mauston,WI,43.793383,-90.064085
52335,SHELL,"I-295, EXIT 3",Disputanta,VA,180,3.029,Disputanta,VA,37.148268,-77.273172
52340,KWIK FILL #249,US-22,Duncansville,PA,14,4.07233333,Duncansville,PA,40.426228,-78.43833
52344,STAMART 1224,"I-94, EXIT 166",Bismarck,ND,273,3.61566666,Bismarck,ND,46.823448,-100.774755
52346,QUARLES #4436,"I-695, EXIT 41 & SR-151",Dundalk                                 ,MD,22,3.699,Dundalk,MD,39.26486,-76.502484
52348,SHELL,"I-75, EXIT47 & SR-85",Detroit,MI,325,3.699,Detroit,MI,42.347429,-83.060398
52361,PAYLESS FUEL TRAVEL CENTER,"I-20, EXIT 470",Dallas,TX,630,2.98566666,Dallas,TX,32.996848,-96.792113
52363,SPEEDWAY #2376,US-131 & SR-46,Cedar Springs,MI,456,3.899,Cedar Springs,MI,43.22148,-85.545238
52364,PILOT TRAVEL CENTERS #335,"I-20 & SR-137, EXIT 138",Rayville,LA,760,3.21233333,Rayville,LA,32.468938,-91.7643
52365,MOORES SUPER STORE,US-43/US-278/SR-171,Hamilton,AL,615,3.799,Hamilton,AL,34.153413,-88.008521
52366,ALMA TRAVEL MART,"I-40, EXIT 13 & US-71",Alma,AR,645,3.33233333,Alma,AR,35.500043,-94.207337
52367,DOSWELL TRUCK STOP,"I-95, EXIT 98 & SR-30",Doswell,VA,180,2.899,Doswell,VA,37.841682,-77.512521
52383,FLYING J TRAVEL PLAZA #601,"I-20/I-59, EXIT 104",Mc Calla,AL,615,3.17066666,Mc Calla,AL,33.284546,-87.102379
52384,PILOT TRAVEL CENTERS #337,"I-95, EXIT 164 & US-52",Florence,SC,46,3.349,Florence,SC,34.18375,-79.772786
52385,Flying J Travel Plaza #696,"I-71, EXIT 131",Sunbury,OH,315,3.719,Sunbury,OH,40.265499,-82.851051
52387,MARATHON,"I-55, EXIT 265 & SR-4",Senatobia,MS,435,3.199,Senatobia,MS,34.632306,-89.885501
52388,FLYING J TRAVEL PLAZA #711,"I-85, EXIT 102",Blacksburg,SC,46,3.429,Blacksburg,SC,35.115047,-81.508004
52393,CASEYS #3004,SR-15 & CR-52,Truman,MN,425,3.299,Truman,MN,43.820008,-94.431862
52400,PILOT TRAVEL CENTERS #324,"I-94/US-41, EXIT 329",Franksville,WI,444,3.889,Franksville,WI,42.785892,-87.987273
52401,LOVES TRAVEL STOP #267,"I-40, EXIT 107 & SR-95",Morrilton,AR,695,3.36066666,Morrilton,AR,35.169227,-92.735436
52402,FLYING J TRAVEL PLAZA #665,"I-20, EXIT 3 & SR-79",Greenwood,LA,745,3.14566666,Greenwood,LA,32.424025,-93.969252
52403,FLYING J TRAVEL PLAZA #676,"I-10, EXIT 31",Gulfport,MS,733,3.14566666,Gulfport,MS,30.382556,-89.097618
52404,PETRO WELLS,"I-80, EXIT 352",Wells,NV,835,3.73233333,Wells,NV,41.129798,-114.532752
52405,FLYING J TRAVEL PLAZA #636,"I-80, EXIT 292",Davenport                               ,IA,270,3.87233333,Davenport,IA,41.5218,-90.5743
52411,SAPP BROS TRAVEL CENTER,"I-215, EXIT 21",Salt Lake City,UT,835,3.399,Salt Lake City,UT,40.755851,-111.896657
52413,PILOT TRAVEL CENTERS #360,"I-75 & SR-613, EXIT 164",Findlay                                 ,OH,411,3.31566666,Findlay,OH,41.044167,-83.65
52414,Mobil dba ONE9 #1341,"I-5, EXIT 208",Arlington,WA,977,3.799,Arlington,WA,48.18293,-122.112126
52421,SHEETZ #194,"I-80, EXIT 97",Falls Creek,PA,14,3.30733333,Falls Creek,PA,41.145505,-78.812791
52422,KWIK TRIP #674,"I-94, EXIT 45 & US-12/SR-29",Menomonie,WI,295,3.499,Menomonie,WI,44.87182,-91.92651
52423,PILOT TRAVEL CENTER #908- TOWN PUMP,"I-15 & I-90, EXIT 122",Butte,MT,816,3.56566666,Butte,MT,45.991579,-112.517807
52426,J MART #322,"I-65, EXIT 322",Falkville,AL,615,3.199,Falkville,AL,34.347653,-86.913086
52427,PILOT TRAVEL CENTERS #340,"I-80, EXIT 46",Fernley,NV,966,3.91566666,Fernley,NV,39.601888,-119.235044
52428,PILOT TRAVEL CENTERS #338,"I-26, EXIT 115 & US-321",West Columbia,SC,135,3.499,West Columbia,SC,33.995024,-81.088836
52430,CHEVRON FOOD MART,"I-75, EXIT 350 & SR-2",Ringgold,GA,285,2.859,Ringgold,GA,34.92052,-85.154908
52431,WOODBINE TRAVEL CENTER,"I-95, EXIT 14",Woodbine,GA,75,3.03233333,Woodbine,GA,30.943692,-81.678313
52435,CM WINNERS CHOICE,"I-10 & SR-108, EXIT 23",Sulphur,LA,690,3.299,Sulphur,LA,30.219001,-93.363911
52438,NEW MADRID,"I-55, EXIT 52/SR-P",New Madrid,MO,275,3.269,New Madrid,MO,36.607284,-89.536645
52439,CIRCLE K #2723395,US-11,Hattiesburg,MS,620,3.199,Hattiesburg,MS,31.314553,-89.306471
52441,PILOT #6990,"I-95, EXIT 106",Kenly,NC,205,3.709,Kenly,NC,35.607742,-78.138227
52450,PILOT #1290,"I-35, EXIT 410 & US-77",Red Oak,TX,630,3.299,Red Oak,TX,32.516096,-96.820337
52452,PLAINVIEW TRAVEL PLAZA,"US-41, EXIT 113 & SR-26",Oshkosh,WI,444,3.199,Oshkosh,WI,44.021962,-88.543635
52454,PILOT TRAVEL CENTERS #6,"I-70, EXIT 178 & SR-209",Cambridge,OH,315,3.509,Cambridge,OH,40.030501,-81.591277
52455,LOVES TRAVEL STOP #266,"I-35, EXIT 32",Ardmore,OK,253,3.649,Ardmore,OK,34.176681,-97.134157
52456,PILOT TRAVEL CENTERS #317,"I-44, EXIT 4 (ST 435)",Joplin,MO,277,3.41233333,Joplin,MO,37.096858,-94.505144
52458,PILOT TRAVEL CENTER #332,"I-40, EXIT 161 & SR-391",North Little Rock,AR,695,3.237,North Little Rock,AR,34.766974,-92.265376
52461,FLORENCE VALERO,US-130,Burlington                              ,NJ,160,3.13566666,Burlington,NJ,40.068015,-74.845353
52463,PILOT TRAVEL CENTERS #341,"I-15, EXIT 48",North Las Vegas,NV,910,3.69566666,North Las Vegas,NV,36.4475,-114.851389
52464,7-ELEVEN #40118,ST 220 & I-180,Muncy,PA,138,4.359,Muncy,PA,41.213715,-76.763258
52465,FLYING J TRAVEL PLAZA #605,"I-40, EXIT 84",Russellville,AR,695,3.369,Russellville,AR,35.284208,-93.131476
52466,FLYING J TRAVEL PLAZA #784,"I-95, EXIT 100 & SR-272",North East,MD,22,4.199,North East,MD,39.604535,-75.953805
52467,FLYING J TRAVEL PLAZA #712,"I-20, EXIT 70",Columbia,SC,135,3.43233333,Columbia,SC,34.072613,-81.179617
52468,FLYING J TRAVEL PLAZA #703,"I-40, EXIT 140",Oklahoma City,OK,483,3.309,Oklahoma City,OK,35.3337,-97.4922
52469,LOVES TRAVEL STOP #269,US-287/US-82/SR-79 & US-281,Wichita Falls,TX,770,3.123,Wichita Falls,TX,33.905284,-98.497645
52470,QUIKTRIP #562,"I-80, EXIT 136",Des Moines,IA,320,3.04733333,Des Moines,IA,41.6005,-93.6088
52471,FLYING J TRAVEL PLAZA #695,"I-75, EXIT 135",Beaverdam,OH,411,3.33066666,Beaverdam,OH,40.833333,-83.976667
52472,FLYING J TRAVEL PLAZA #708,"I-81, EXIT 52",Carlisle,PA,70,4.109,Carlisle,PA,40.203877,-77.199526
52473,FLYING J TRAVEL PLAZA #743,"I-15, EXIT 222",Nephi,UT,835,3.71566666,Nephi,UT,39.692275,-111.8359
52474,PILOT TRAVEL CENTERS #17,"I-94, EXIT 104",Battle Creek,MI,406,3.959,Battle Creek,MI,42.3053,-85.1389
52477,PETRO FARGO #361,"I-94, EXIT 348",Fargo,ND,341,3.499,Fargo,ND,46.900878,-96.793577
52478,LOVES TRAVEL STOP #418,"I-64, EXIT 172",Grayson,KY,255,3.75566666,Grayson,KY,38.328037,-82.965087
52479,PETRO CARNESVILLE #377,"I-85, EXIT 160",Carnesville,GA,16,3.154,Carnesville,GA,34.394723,-83.279209
52480,LOVES TRAVEL STOP #268,US6-9 & US-75,Atoka,OK,253,3.489,Atoka,OK,34.34451,-96.141827
52482,KING TRAVEL PLAZA,"I-95, EXIT 6",Kingsland,GA,75,3.109,Kingsland,GA,30.797681,-81.707483
52483,FLYING J TRAVEL PLAZA #659,"I-70, EXIT 253",Salina,KS,523,3.77233333,Salina,KS,38.823802,-97.608787
52484,KWIK STAR #303,"I-80, EXIT 201 & US-21",Brooklyn,IA,380,3.129,Brooklyn,IA,41.732147,-92.428462
52510,Valero,SR-9,Maysville                               ,KY,312,3.599,Maysville,KY,38.619716,-83.758858
52511,JOES JUNCTION #9,"I-65, RAYMOND EXIT",Indianapolis,IN,375,3.459,Indianapolis,IN,39.938417,-86.13894
52512,LOVES TRAVEL STOPS #270,"I-20, EXIT 349",Ranger,TX,575,3.189,Ranger,TX,32.46809,-98.674659
52513,FLYING J TRAVEL PLAZA #678,"I-20 & I-55, EXIT 47",Pearl,MS,760,3.149,Pearl,MS,32.276837,-90.102714
52514,FLYING J TRAVEL PLAZA #671,"I-55, EXIT 58",Matthews,MO,275,3.239,Matthews,MO,36.807528,-89.576833
52516,FLYING J TRAVEL PLAZA #612,"I-40, EXIT 255",Winslow,AZ,930,3.624,Winslow,AZ,35.16078,-110.511382
52517,STRIPES 7FLEET #42562,US-84 & US-385,Littlefield,TX,700,3.199,Littlefield,TX,33.921195,-102.320697
52520,DANDY MINI MART #19,"ROUTE 17, EXIT 59-A",Sayre,PA,190,3.99233333,Sayre,PA,41.984222,-76.521757
52527,PETRO STOPPING CENTER #323,"I-75, EXIT 368",Reddick,FL,225,3.35233333,Reddick,FL,29.375352,-82.243995
52528,QUIKTRIP #150,"I-70, EXIT 28",Oak Grove,MO,400,2.959,Oak Grove,MO,38.998456,-94.139946
52529,BIG SKY TRUCK STOP,"I-15, EXIT 56 N",Dillon,MT,786,3.689,Dillon,MT,45.23394,-112.640452
52531,FLYING J FUEL STOP #768,"I-435, EXIT 57",Kansas City,MO,400,3.38233333,Kansas City,MO,39.163189,-94.569882
52534,LEES FOOD MART #1122,"I-75, EXIT 122 & SR-61",Clinton,TN,405,2.969,Clinton,TN,36.08688,-84.189735
52535,PWI #115,"I-45, EXIT 178",Buffalo,TX,765,2.899,Buffalo,TX,31.457151,-96.058516
52537,TA Express Osseo #431,"I-94, EXIT 88",Osseo,WI,448,3.469,Osseo,WI,44.559923,-91.219148
52539,PILOT TRAVEL CENTERS #331,"I-285 , EXIT 51",Atlanta,GA,18,3.599,Atlanta,GA,33.749788,-84.31685
52541,PANTRY TRUCKSTOP,US-2/US-41,Rapid River,MI,360,3.319,Rapid River,MI,45.910662,-86.88449
52542,FLYING J TRAVEL PLAZA #624,"I-75, EXIT 285 & SR-52",San Antonio,FL,225,3.599,San Antonio,FL,28.337139,-82.288237
52546,CIRCLE K #2723910,US-84 & US-27,Bainbridge,GA,20,3.599,Bainbridge,GA,30.9355,-84.5809
52548,Henderson Fuel Mart,"I-80, EXIT 342",Henderson                               ,NE,350,2.899,Henderson,NE,40.781374,-97.797865
52549,SPEEDWAY #3328,"I-77, EXIT 159 A",Cleveland,OH,305,3.799,Cleveland,OH,41.4918,-81.6757
52550,PILOT TRAVEL CENTERS #404,"I-24, EXIT 81 SE",Murfreesboro,TN,460,3.47233333,Murfreesboro,TN,35.7913,-86.357
52551,PILOT TRAVEL CENTERS #374,"I-10, EXIT 142 & SR-71",Marianna,FL,20,3.599,Marianna,FL,30.758587,-85.229367
52552,FLYING J TRAVEL PLAZA #672,"I-49/US-71, EXIT167 & CR-J",Peculiar,MO,400,3.42233333,Peculiar,MO,38.716453,-94.44053
52553,FLYING J TRAVEL PLAZA #689,"I-40, EXIT 153",Albuquerque,NM,580,3.549,Albuquerque,NM,35.0936,-106.6423
52557,SPRINT MART #40,US-72 & SR-247,Tuscumbia,AL,615,3.189,Tuscumbia,AL,34.687432,-87.683259
52558,LOVES TRAVEL STOP #271,"I-40, EXIT 37 & US-219",Ozark,AR,695,3.39233333,Ozark,AR,35.524645,-93.837423
52562,MOBIL,"I-87, EXIT 36                 ",Plattsburgh                             ,NY,39,3.799,Plattsburgh,NY,44.692715,-73.465969
52563,FLYING J TRAVEL PLAZA #631,"I-75, EXIT 2",Lake Park,GA,20,3.32233333,Lake Park,GA,30.690615,-83.175293
52564,FLYING J TRAVEL PLAZA #669,"I-44, EXIT 11A & US-71/SR-249 & SR-FF",Joplin,MO,277,3.41233333,Joplin,MO,37.096858,-94.505144
52565,PILOT TRAVEL CENTERS #377,"I-35, EXIT 13",Laredo,TX,693,3.599,Laredo,TX,27.515538,-99.498579
52566,YUMM,"I-35, EXIT 8",Laredo,TX,598,2.87566666,Laredo,TX,27.515538,-99.498579
52575,PILOT TRAVEL CENTERS #775,"I-15, EXIT 4",Saint George,UT,910,3.67566666,Saint George,UT,37.106651,-113.595261
52577,PILOT TRAVEL CENTER #329,"I-29 & I-80, EXIT 1B",Council Bluffs,IA,319,3.659,Council Bluffs,IA,41.252954,-95.880992
52580,LOVES TRAVEL STOP #405,"I-95, EXIT 29",Brunswick,GA,75,3.321,Brunswick,GA,31.169652,-81.493045
52581,TA WILLCOX TRAVEL CENTER,"I-10, EXIT 340",Willcox,AZ,980,3.28233333,Willcox,AZ,32.372977,-109.863111
52582,JRs Oasis,SR-50,Yankton,SD,572,3.149,Yankton,SD,42.882086,-97.398624
52585,SUPERPUMPER #22,"I-94, EXIT 42",Belfield,ND,807,3.529,Belfield,ND,46.887728,-103.179515
52587,PILOT TRAVEL CENTERS #380,"I-81, EXIT 25 & I-90, EXIT 36",Liverpool,NY,220,4.159,Liverpool,NY,43.109925,-76.186999
52588,STRIPES #42564,US-87,Lubbock,TX,700,3.199,Lubbock,TX,33.586527,-101.860634
52590,FLYING J TRAVEL PLAZA #661,"I-65, EXIT 2 & US-31W",Franklin,KY,415,3.169,Franklin,KY,36.725353,-86.570043
52591,FLYING J TRAVEL PLAZA #749,"I-95, EXIT 104",Ruther Glen,VA,180,3.619,Ruther Glen,VA,37.945059,-77.47135
52594,PILOT TRAVEL CENTERS #348,"I-70, EXIT 32B",Bentleyville,PA,165,4.109,Bentleyville,PA,40.118702,-80.006987
52595,7-ELEVEN #40281,"I-476,  EXIT 35/95",Jim Thorpe,PA,90,3.589,Jim Thorpe,PA,40.870002,-75.739665
52597,7-ELEVEN #40278,"I-81, EXIT 44 & I-76",Plainfield,PA,70,3.96733333,Plainfield,PA,40.203056,-77.290278
52598,7-ELEVEN #40283,"I-76, EXIT 19/247",Middletown,PA,70,3.97066666,Middletown,PA,40.204086,-76.733127
52599,7-ELEVEN #40285,"I-76, EXIT 21/286",Bowmansville,PA,208,3.97066666,Bowmansville,PA,40.196667,-76.017778
52601,LOVES TRAVEL STOP #236,"I-40, EXIT 161 & SR-391",North Little Rock,AR,695,3.22066666,North Little Rock,AR,34.766974,-92.265376
52602,7-ELEVEN #40277,"I-76, EXIT 16/226",Newburg,PA,70,4.299,Newburg,PA,40.13333,-77.566915
52603,CASEYS #3364,US-281 & SR-200,Carrington,ND,341,3.439,Carrington,ND,47.453918,-99.108226
52605,PILOT TRAVEL CENTERS #39,"I-57, EXIT 335",Monee,IL,290,3.399,Monee,IL,41.419133,-87.77484
52607,PILOT TRAVEL CENTERS #409,"I-40, EXIT 172",Dickson                                 ,TN,460,3.19233333,Dickson,TN,36.076014,-87.399532
52608,PILOT #7971,"I-40, EXIT 133",Conover,NC,46,3.699,Conover,NC,35.731343,-81.216455
52610,TA HARBORCREEK TRAVEL CENTER,"I-90, EXIT 35",Erie,PA,240,4.199,Erie,PA,42.125962,-80.08601
52611,STRIPES #40530,SR-239,Del Rio,TX,740,3.229,Del Rio,TX,29.373881,-100.891555
52612,STRIPES 7FLEET #42568,US-60 & CR-G,Hereford,TX,700,3.35066666,Hereford,TX,34.837037,-102.40503
52615,PILOT TRAVEL CENTERS #4,"I-90, EXIT 151",Avon,OH,305,3.879,Avon,OH,41.446713,-82.020359
52616,PILOT TRAVEL CENTERS #28,I-69 EXIT 234,Daleville,IN,457,3.519,Daleville,IN,40.125738,-85.511016
52618,PILOT TRAVEL CENTERS #63,"I-85, EXIT 35",Piedmont,SC,30,3.22233333,Piedmont,SC,34.724433,-82.470216
52620,GOODLAND 24/7 STORE,"I-70, EXIT 19",Goodland,KS,525,3.08733333,Goodland,KS,39.349099,-101.716396
52621,CORNER MARKET #111,"I-70, EXIT 27",Goodland,KS,525,3.059,Goodland,KS,39.349099,-101.716396
52622,STRIPES 7FLEET #42567,I-20,Stanton,TX,700,3.01566666,Stanton,TX,32.139992,-101.809887
52623,TA WILLINGTON TRAVEL CENTER,"I-84, EXIT 71",Willington,CT,100,5.199,Willington,CT,41.873996,-72.272774
52624,PILOT TRAVEL CENTERS #390,"I-84, EXIT 188 & US-395",Stanfield,OR,982,3.469,Stanfield,OR,45.785988,-119.211602
52625,FLYING J TRAVEL PLAZA #673,"I-44, EXIT 226 & SR-85",Sullivan                                ,MO,540,3.324,Sullivan,MO,38.230706,-91.156662
52626,FLYING J TRAVEL PLAZA #627,"I-95/SR-405, EXIT 29 & US-82/US-17/SR-25/SR-520",Brunswick,GA,75,3.39566666,Brunswick,GA,31.169652,-81.493045
52628,Pride Travel Center dba One9 #1215,"I-10, EXIT 45",Salome,AZ,930,3.359,Salome,AZ,33.748141,-113.571459
52629,LOVES TRAVEL STOP #413,"I-90, EXIT 106 & US-97",Ellensburg,WA,977,3.829,Ellensburg,WA,46.999632,-120.516274
52630,PILOT TRAVEL CENTERS #386,"I-5, EXIT 263",Salem,OR,935,3.859,Salem,OR,44.926039,-122.979692
52632,LOVES TRAVEL STOP #451,"I-65, EXIT 95 & CR-500",Whiteland,IN,375,3.949,Whiteland,IN,39.555313,-86.093476
52633,PILOT TRAVEL CENTERS #57,"I-40 & I-85, EXIT 152",Mebane,NC,65,3.959,Mebane,NC,36.097862,-79.271895
52634,PETRO STOPPING CENTER #362,"I-80, EXIT 353",York,NE,330,3.299,York,NE,40.866678,-97.582482
52635,E EXPRESS at MLK,"I-40 & I-35, EXIT 127",Oklahoma City,OK,483,2.889,Oklahoma City,OK,35.3337,-97.4922
52636,LOVES TRAVEL STOP #414,"I-64, EXIT 25B & US-41",Haubstadt,IN,340,3.949,Haubstadt,IN,38.189536,-87.579827
52638,STRIPES 7FLEET #42555,"I-20, EXIT 80 & SR-18",Monahans,TX,710,2.929,Monahans,TX,31.581294,-102.900273
52640,SPEEDWAY #8316,US-30 & US-41,Dyer,IN,290,3.649,Dyer,IN,41.491976,-87.510803
52641,PILOT TRAVEL CENTERS #71,"I-95, EXIT 109",Port Wentworth,GA,195,3.37233333,Port Wentworth,GA,32.92380187716535,-83.6176606503937
52642,One9 #61,"I-26, EXIT 52 & SR-56",Clinton,SC,30,3.099,Clinton,SC,34.470692,-81.87717
52643,Minit Mart #3,HIGHWAY 277 & FM 1589,Eagle Pass,TX,693,3.199,Eagle Pass,TX,28.702786,-100.48176
52644,ONE9 #058,"I-95, EXIT 180 & SR-48",Pleasant Hill                           ,NC,205,3.399,Pleasant Hill,NC,36.521246,-77.519217
52646,FLYING J TRAVEL PLAZA #619,"I-70, EXIT 285",Aurora,CO,800,3.39233333,Aurora,CO,39.737809,-104.815233
52647,FLYING J TRAVEL PLAZA #699,"I-70, EXIT 122",Millersport,OH,315,3.44566666,Millersport,OH,39.899307,-82.528348
52648,Stripes #42566,US-67 & SR-158,Ballinger,TX,612,3.05566666,Ballinger,TX,31.746836,-99.958927
52649,FLYING J TRAVEL PLAZA #623,"I-10, EXIT 192 & US-90",Midway,FL,20,3.799,Midway,FL,30.495278,-84.454444
52651,TA NEW BRAUNFELS TRAVEL CENTER,"I-35, EXIT 193",New Braunfels,TX,740,3.449,New Braunfels,TX,29.694733,-98.113041
52652,PILOT TRAVEL CENTERS #47,"I-275, EXIT 129",Georgetown,KY,410,3.20566666,Georgetown,KY,38.211712,-84.556179
52656,TRAVELING TIGER CENTER,"I-10, EXIT 87",Sierra Blanca,TX,640,3.15566666,Sierra Blanca,TX,31.193821,-105.321874
52658,LOVES TRAVEL STOP #274,"I-40, EXIT 221 & SR-27",Okemah,OK,560,3.35566666,Okemah,OK,35.447516,-96.306788
52659,LOVES TRAVEL STOP #276,"I-10, EXIT 20",Lordsburg,NM,640,3.45733333,Lordsburg,NM,32.314032,-108.754657
52661,LOVES TRAVEL STOP #281,"I-35 WEST, EXIT 40",Fort Worth,TX,630,3.18733333,Fort Worth,TX,32.7469,-97.3268
52663,EXXON,"I-20/I-59, EXIT 17 & SR-28",Livingston,AL,705,2.979,Livingston,AL,32.588509,-88.173592
52664,PETRO STOPPING CENTER #378,I-81 EXIT 178B,Pittston,PA,200,4.16566666,Pittston,PA,41.317501,-75.788492
52667,EXPRESS LANE TRAVEL CENTER,"I-20, EXIT 100 & US-80",Lawrence,MS,705,3.299,Lawrence,MS,32.287614,-89.272432
52669,COLUMBIA TRUCK STOP,US-46,Columbia,NJ,115,3.079,Columbia,NJ,40.938805,-75.054983
52674,FLYING J TRAVEL PLAZA #738,"I-20/FM707, EXIT 277",Tye,TX,575,3.124,Tye,TX,32.447728,-99.868434
52675,PILOT TRAVEL CENTER #907- TOWN PUMP,"I-94, EXIT 138",Miles City                              ,MT,780,3.499,Miles City,MT,46.407459,-105.833193
52676,PILOT TRAVEL CENTERS #336,"I-80, EXIT 97 & US-219",Du Bois,PA,14,4.034,Du Bois,PA,41.126039,-78.752698
52678,STRIPES 7FLEET #42433,US-277,Bronte,TX,739,3.474,Bronte,TX,31.878939,-100.298765
52679,LOVES TRAVEL STOP #404,"I-295, EXIT 56 & I-95, EXIT 7",Bordentown,NJ,150,3.979,Bordentown,NJ,40.143141,-74.703249
52680,PILOT TRAVEL CENTER #91,"I-95, EXIT 329",Saint Johns,FL,75,3.424,Saint Johns,FL,30.095578,-81.621701
52683,PILOT TRAVEL CENTERS #145,"I-40/US-71/US-62, EXIT 72 AND US-412",Springdale,AR,416,3.459,Springdale,AR,36.183521,-94.176216
52684,KWIK STAR #348,US-30/US-67,Clinton,IA,270,3.624,Clinton,IA,41.851684,-90.207784
52685,LOVES TRAVEL STOP #275,"I-40/US-63, EXIT 233 & SR-261",Palestine,AR,435,3.31566666,Palestine,AR,34.966346,-90.904929
52686,LOVES TRAVEL STOP #278,"I-40, EXIT 277",Joseph City,AZ,930,3.60733333,Joseph City,AZ,34.955833,-110.333333
52687,LOVES TRAVEL STOP #286,"I-10, EXIT 17",Quartzsite,AZ,930,3.949,Quartzsite,AZ,33.5675,-114.2731
52690,LOVES TRAVEL STOP #415,"I-95 & OKEECHOBEE RD, EXIT 129",Fort Pierce,FL,95,3.50566666,Fort Pierce,FL,27.438233,-80.443963
52691,PILOT TRAVEL CENTER #312,"I-20/SR-402, EXIT 5 & SR-100",Tallapoosa,GA,18,3.389,Tallapoosa,GA,33.760174,-85.300047
52692,PILOT TRAVEL CENTER #249,"I-70/I-55, EXIT 18 & SR-162",Troy                                    ,IL,540,3.379,Troy,IL,38.724275,-89.870848
52697,FLYING J TRAVEL PLAZA #747,"I-15, EXIT 261",Springville                             ,UT,835,3.76566666,Springville,UT,40.162528,-111.598664
60084,SUNSTOP #625,US-84,Ashford,AL,20,3.599,Ashford,AL,31.1888,-85.253488
60106,SUNSTOP #619,US-84,Daleville,AL,720,3.399,Daleville,AL,31.281091,-85.730473
60114,SUNSTOP #606,US-84/SR-167,Enterprise,AL,20,3.699,Enterprise,AL,31.340789,-85.842111
60136,HOBO PANTRY #18,US-431,Headland                                ,AL,20,3.599,Headland,AL,31.353406,-85.332277
60145,OCS QUICK STOP,US-43/SR-13,Mount Vernon                            ,AL,715,3.699,Mount Vernon,AL,31.097375,-88.035044
60147,HOP-IN FOOD STORES,US-82 & SR-22,Maplesville,AL,720,3.399,Maplesville,AL,32.804507,-86.871704
60191,PILOT #1180,"I-10, EXIT 94",Tonopah,AZ,930,3.899,Tonopah,AZ,33.422797,-112.952785
60206,TA EXPRESS #649,"I-25, EXIT 52",Walsenburg,CO,796,4.259,Walsenburg,CO,37.638159,-104.804301
60208,BERKSHIRE PETROLEUM,"I-91, EXIT 9",North Haven,CT,100,3.549,North Haven,CT,41.382156,-72.85852
60220,ZELLWOOD TRUCK STOP,US-441,Zellwood,FL,140,3.499,Zellwood,FL,28.71944,-81.576174
60224,SUNSTOP #419,US-19,Camilla,GA,20,3.499,Camilla,GA,31.219915,-84.229683
60226,CIRCLE K #2723903,US-82 & SR-520,Dawson,GA,20,3.499,Dawson,GA,31.773333,-84.446667
60229,96 TRAVEL PLAZA,"I-16, EXIT 24",Jeffersonville                          ,GA,85,3.399,Jeffersonville,GA,32.741096,-83.385896
60230,CIRCLE K #2745152,US-19,Pelham,GA,20,3.499,Pelham,GA,31.127233,-84.156367
60242,KWIK STAR #711,US-18/US-52,Monona,IA,565,3.624,Monona,IA,43.073485,-91.458677
60243,PETRO MART,"I-29, EXIT 112",Onawa,IA,527,3.15733333,Onawa,IA,42.036967,-96.107213
60245,STINKER #74,"I-84, EXIT 137",Bliss,ID,785,3.634,Bliss,ID,42.944859,-114.910387
60248,METRO,"I-95, EXIT 12",Avenel                                  ,NJ,115,3.299,Avenel,NJ,40.582568,-74.278522
60250,ELIZABETH TRUCK STOP,"I-95, EXIT 13A & SR-81",Elizabethport,NJ,115,3.399,Elizabethport,NJ,40.35091197938144,-74.54491895876288
60255,HUCKS FOOD & FUEL #186,US-51/CR-1450 & US-136,Heyworth,IL,368,3.479,Heyworth,IL,40.3307,-88.977608
60256,BOLLA MARKET,"I-84, EXIT 1",Montague,NJ,115,3.519,Montague,NJ,41.302259,-74.753956
60270,CHUCKLES #27,SR-57,Washington                              ,IN,340,3.339,Washington,IN,38.653568,-87.170656
60273,24-7,"I-70, EXIT 53 & SR-25",Colby,KS,525,3.05566666,Colby,KS,39.383038,-101.044169
60280,JUMP START #9,"I-35, EXIT 4",South Haven,KS,570,3.069,South Haven,KS,37.049997,-97.404228
60282,CRVS #7,SR-96 & SR-27,Tribune,KS,525,3.399,Tribune,KS,38.496219,-101.765584
60294,LITTLE CAPITOL EXXON,"I-10, EXIT 115",Breaux Bridge                           ,LA,600,3.899,Breaux Bridge,LA,30.274955,-91.905899
60295,EXIT 80 TRAVEL PLAZA,"I-10, EXIT 80",Crowley                                 ,LA,730,3.109,Crowley,LA,30.214753,-92.377709
60298,BEAU CHENE TRUCK STOP,"I-49, EXIT 11",Grand Coteau,LA,730,3.399,Grand Coteau,LA,30.419722,-92.046667
60313,WHITE MARSH TRUCK STOP,US-40,White Marsh                             ,MD,22,3.369,White Marsh,MD,39.392315,-76.413189
60316,CIRCLE K #4707001,"I-95, EXIT 264 & SR-158",Sherman,ME,170,3.93233333,Sherman,ME,45.877727,-68.369587
60324,FUEL MART OF AMERICA,"I-75, EXIT 59",Detroit                                 ,MI,325,3.499,Detroit,MI,42.347429,-83.060398
60326,SUNRISE CONVENIENCE STORE #29,"I-69, EXIT 184                ",Memphis                                 ,MI,325,3.499,Memphis,MI,42.905955,-82.769623
60328,SPEEDWAY #8748,"I-69, EXIT 6",Flint,MI,342,3.339,Flint,MI,43.0233,-83.6856
60329,CHARLIES COUNTRY CORNER,"I-75, EXIT 271",Grayling,MI,287,3.799,Grayling,MI,44.670959,-84.691321
60333,LAKESHORE BP,US-2,Manistique,MI,287,3.499,Manistique,MI,45.982978,-86.275513
60341,SNAPPY FOOD MART,ST 60,Tekonsha,MI,431,3.589,Tekonsha,MI,42.086326,-84.992602
60342,True North #254,US-31 & SR-37,Traverse City,MI,456,3.729,Traverse City,MI,44.74365,-85.618869
60344,DORR TRUCK STOP,"US-131, EXIT 68",Wayland,MI,344,3.499,Wayland,MI,42.664268,-85.619112
60347,KWIK TRIP #875,"I-90, EXIT 157, BRIDGE ST ENTRANCE",Albert Lea,MN,515,3.324,Albert Lea,MN,43.653678,-93.370672
60358,PETRO SERVE USA #54,US-10,Glyndon,MN,341,3.449,Glyndon,MN,46.882023,-96.558338
60372,FLYING W CONVENIENCE STORE,SR-96,Carthage                                ,MO,277,3.199,Carthage,MO,37.159686,-94.311232
60373,FLYING J #571,"I-57, EXIT 12 & US-60",Charleston,MO,490,3.559,Charleston,MO,36.921341,-89.334207
60374,PILOT TRAVEL CENTERS #385,US-54 & SR-13,Collins                                 ,MO,416,3.49566666,Collins,MO,37.880998,-93.660849
60379,FAST LANE #50,US-54/SR-19,Laddonia,MO,540,3.15733333,Laddonia,MO,39.259328,-91.689348
60380,AMOCO,US-63/US-136,Lancaster,MO,320,3.249,Lancaster,MO,40.525265,-92.526403
60382,WINDSTARS #5101,"I-435, EXIT 57",Kansas City,MO,400,3.099,Kansas City,MO,39.163189,-94.569882
60383,CASEYS #4399,"I-70, EXIT 175",New Florence,MO,392,2.949,New Florence,MO,38.902309,-91.490861
60392,Kangaroo Crossing #1107,"I-20, EXIT 68 & SR-43",Pelahatchie,MS,705,3.199,Pelahatchie,MS,32.317994,-89.79135
60398,TOWN PUMP FOOD STORE #610,"I-90, EXIT 333",Livingston                              ,MT,786,3.644,Livingston,MT,45.654587,-110.560907
60400,CAN AM C STORE,SR-16,Plentywood,MT,807,3.499,Plentywood,MT,48.778825,-104.560032
60416,MINUTEMAN FOOD MART #20,US-74 & US-76,Whiteville                              ,NC,245,3.46066666,Whiteville,NC,34.324142,-78.716048
60420,PUMP & PANTRY #35,US-183,Alma,NE,330,3.459,Alma,NE,40.118853,-99.360073
60426,BONS BONS MOBIL,US-3,Merrimack,NH,125,3.699,Merrimack,NH,42.866689,-71.51278
60434,ENRITE,US-9,Linden,NJ,79,3.34233333,Linden,NJ,40.635366,-74.255567
60442,Circle K #4706716,SR-71 & SR-47,Yorkville,IL,290,3.499,Yorkville,IL,41.638725,-88.443794
60460,HAHN OIL,US-36,Coshocton                               ,OH,315,3.299,Coshocton,OH,40.275412,-81.866033
60461,TRUE NORTH #704,"I-75, EXIT 56A",Dayton                                  ,OH,317,3.799,Dayton,OH,39.765396,-84.099802
60463,Anna Truck Stop,"I-75, EXIT 99",Anna,OH,411,3.01566666,Anna,OH,40.405105,-84.210344
60465,MOTOMART #4129,ST 309,Marion                                  ,OH,411,3.34233333,Marion,OH,40.5886,-83.1286
60471,FUEL MART #701,"I-480/I-271, EXIT 23 & SR-8",Bedford,OH,305,3.529,Bedford,OH,41.392067,-81.52315
60473,BELL STORES #50,ST 3,Wooster,OH,249,3.599,Wooster,OH,40.809354,-81.948272
60476,PETES #11,US-75,Dewey,OK,560,3.154,Dewey,OK,36.80125,-95.93454
60508,FEGLEY VALERO,SR-309,Tamaqua,PA,90,3.599,Tamaqua,PA,40.798319,-75.97353
60513,CIRCLE K #2723873,US-17,Georgetown,SC,42,2.899,Georgetown,SC,33.430776,-79.323459
60515,FLASH MARKET #302,SR-9 & SR-151,Pageland,SC,46,3.38566666,Pageland,SC,34.772193,-80.396615
60516,ENMARKET #892,"I-95, EXIT 150",Harleyville,SC,195,3.399,Harleyville,SC,33.220511,-80.450094
60519,CORNER PANTRY #25,US-14,Huron,SD,571,3.079,Huron,SD,44.359022,-98.216293
60538,TEXACO #380031,ST 21W,Bryan,TX,765,3.399,Bryan,TX,30.632698,-96.36616
60539,SHELL,US-96 & SR-62/FM-1004,Buna,TX,610,3.10233333,Buna,TX,30.413209,-93.991263
60540,CIRCLE K #2706340,"I-20, EXIT 533",Canton,TX,630,2.77566666,Canton,TX,32.514301,-95.904657
60551,CIRCLE K #2744522,"I-30, EXIT 201  I-30 & SR-8",New Boston,TX,766,2.94233333,New Boston,TX,33.462119,-94.433882
60554,CEFCO #2070,"I-27, EXIT 49",Plainview,TX,700,2.83233333,Plainview,TX,34.196194,-101.725896
60565,CEFCO #2006,"I-40, EXIT 163",Shamrock,TX,585,3.099,Shamrock,TX,35.220596,-100.262152
60579,SPEEDWAY #4633,US-220/US-221/US-460,Roanoke,VA,185,3.399,Roanoke,VA,37.2725,-79.953
60587,BJS AUTO TRUCK PLAZA,SR-28,Rock Island,WA,970,3.999,Rock Island,WA,47.370558,-120.137794
60589,RIVER COUNTRY PLAZA,"SR-29, EXIT 91",Cadott,WI,295,3.39733333,Cadott,WI,44.963014,-91.169884
60590,DARLINGTON MINI MART,SR-23 & SR-81,Darlington,WI,420,3.399,Darlington,WI,42.687816,-90.110648
60601,HOLIDAY STATIONSTORE #2746229,US-53/US-2,Superior,WI,545,3.339,Superior,WI,46.701552,-92.091174
60635,EXXON ON THE RUN,US-62/US-412 & SR-126,Gassville                               ,AR,535,3.695,Gassville,AR,36.317525,-92.473637
60650,SHELL DBA ONE9 #1244,"I-8, EXIT 115",Gila Bend,AZ,930,3.259,Gila Bend,AZ,32.93059,-112.746832
60700,PWI #502,"I-70/US-40, EXIT 259",Golden,CO,800,3.199,Golden,CO,39.730548,-105.191528
60707,REATA TRAVEL STOP,"I-76, EXIT 125",Sterling,CO,800,3.399,Sterling,CO,40.63062,-103.221183
60708,CRVS STORE #6,US-385,Wray,CO,800,3.449,Wray,CO,40.104917,-102.233751
60762,BP,US-1 & US-341,Baxley,GA,195,3.599,Baxley,GA,31.783663,-82.348643
60768,GAS N GO FOOD STORE,"I-75, EXIT 290/US-41",Cartersville,GA,48,2.94233333,Cartersville,GA,34.186975,-84.820401
60773,NEIGHBORS EXPRESS,US-341/SR-27 & US-129 ALT/SR-340,Hawkinsville,GA,20,3.399,Hawkinsville,GA,32.277834,-83.494763
60779,Marathon,US-129,Eatonton                                ,GA,85,3.399,Eatonton,GA,33.312723,-83.36277
60781,JP PERRY,"I-75, EXIT 138",Perry                                   ,GA,85,3.08233333,Perry,GA,32.46051,-83.728258
60783,CIRCLE K #2723324,US-441/US-23/SR-15 & SR-17A/SR-385,Clarkesville,GA,16,3.439,Clarkesville,GA,34.644993,-83.524304
60787,MARATHON,"I-20, EXIT 11",Lithia Springs,GA,48,2.87233333,Lithia Springs,GA,33.793889,-84.660556
60788,SPRINT FOODS #722,US-1/SR-4/SR-17 & SR-24,Louisville                              ,GA,85,4.099,Louisville,GA,33.016342,-82.383616
60791,MARATHON #9,"I-475, EXIT 1",Macon,GA,85,3.039,Macon,GA,32.84386,-83.598686
60795,CIRCLE K #2745080,US-319/US-129/SR-90/SR-11,Ocilla,GA,10,3.62566666,Ocilla,GA,31.592944,-83.256542
60797,EVANS FOOD MART,SR-20,Rome,GA,193,3.699,Rome,GA,34.250726,-85.146501
60804,JET FOOD STORE #4,US-1 & SR-78,Wadley,GA,135,3.41566666,Wadley,GA,32.874742,-82.402459
60807,BATAVIA GARDENS AND GAS,"US-34, EXIT 203",Batavia,IA,320,3.379,Batavia,IA,40.99048,-92.143059
60817,KWIK STAR #712,US-218 & SR-27,Janesville,IA,565,3.599,Janesville,IA,42.646515,-92.479096
60822,CASEYS #3639,US-18/US-52,Postville,IA,420,3.599,Postville,IA,43.003619,-91.547809
60829,BARRY TRAVEL PLAZA,"I-72, EXIT 20",Barry,IL,540,3.599,Barry,IL,39.704662,-91.026482
60833,SPEEDWAY #5400,CR-11 & CR-23,Bloomingdale,IL,290,3.759,Bloomingdale,IL,41.94827,-88.07824
60834,SPEEDWAY #7422,SR-43,Burbank,IL,293,3.619,Burbank,IL,41.744704,-87.769907
60839,FREEDOM OIL #18,"I-74, EXIT 82",Edwards,IL,270,3.399,Edwards,IL,40.764362,-89.705344
60846,EXPRESS LANE #50,"I-88, EXIT 10",Hillsdale                               ,IL,270,3.699,Hillsdale,IL,41.592896,-90.226255
60851,SPEEDWAY #7382,I-355 & SR-64,Lombard,IL,293,3.249,Lombard,IL,41.872139,-88.015988
60857,RED ROOSTER TERMINAL,US-50/SR-250 & SR-130,Olney,IL,510,3.189,Olney,IL,38.733389,-88.080936
60865,Truckquest,"I-55, EXIT 286",Cicero,IL,290,3.599,Cicero,IL,41.845556,-87.753889
60871,WENONA BP,"I-39/US-51, EXIT 35 & SR-17",Wenona                                  ,IL,280,3.499,Wenona,IL,41.054846,-89.041637
60881,GAS AND STUFF,"I-64, EXIT 118",Georgetown                              ,IN,415,3.799,Georgetown,IN,38.302943,-85.961704
60882,SPEEDWAY #6666,US-33,Goshen,IN,465,3.81566666,Goshen,IN,41.584484,-85.837988
60887,STERNBERG CITGO TRUCK STOP,"I-64, EXIT 57",Jasper                                  ,IN,340,3.759,Jasper,IN,38.404392,-86.940787
60890,JACK FLASH,I-57 EXIT 135,Farina,IL,510,3.099,Farina,IL,38.846902,-88.761412
60900,7-ELEVEN #40504,"I-80/I=90, MM 56 EB",Rolling Prairie,IN,465,3.999,Rolling Prairie,IN,41.72286,-86.584092
60902,SPEEDWAY #6674,"I-80/I-90, EXIT 72 & SR-31",South Bend,IN,465,3.69066666,South Bend,IN,41.672699,-86.253489
60913,J Mart #1,"HWY 50 E, HWY 83 N",Garden City,KS,525,3.529,Garden City,KS,37.97693,-100.862088
60926,CENEX,US-36 & US-83,Oberlin,KS,525,3.159,Oberlin,KS,39.827507,-100.531389
60958,NORTH WEST TRUCK STOP,US-90 & SR-3211,Franklin,LA,600,3.399,Franklin,LA,29.785656,-91.502643
60979,TOBACCO PLUS #5,"I-10, EXIT 4 & US-90",Vinton,LA,690,2.999,Vinton,LA,30.201523,-93.572808
60988,GULF OIL LP #5020,"I-90, MM291",Blandford,MA,215,3.914,Blandford,MA,42.182949,-72.936114
60989,Blandford Service Plaza Westbound,"I-90, EXIT MM29",Blandford,MA,215,3.919,Blandford,MA,42.182949,-72.936114
60993,GULF #5165,"I-90, EXIT 12",Framingham,MA,34,4.06566666,Framingham,MA,42.300665,-71.425486
60997,GULF OIL #5035,I-90 MM 66.7,Ludlow,MA,215,3.914,Ludlow,MA,42.172823,-72.471012
60998,GULF OIL #5030,"I-90, EXIT 7",Ludlow,MA,215,3.909,Ludlow,MA,42.172823,-72.471012
61004,Applegreen,SR-15,Sturbridge,MA,215,3.999,Sturbridge,MA,42.112619,-72.084233
61006,GULF OIL LP #5155,"I-90, EXIT 11",Westborough                             ,MA,215,3.909,Westborough,MA,42.283,-71.6015
61019,MARDELA GOOSE CREEK FOOD STORE,US-50,Mardela Springs                         ,MD,194,3.979,Mardela Springs,MD,38.486386,-75.741442
61021,WESTOVER GOOSE CREEK,US-13 & SR-673,Westover                                ,MD,194,3.259,Westover,MD,38.10099,-75.740563
61028,MARATHON,"US-10, EXIT 137",Bay City,MI,260,3.199,Bay City,MI,43.612165,-83.919885
61030,HAGGERTY JOY MOBIL,I-275,Canton                                  ,MI,325,3.699,Canton,MI,42.332013,-83.469524
61032,MARATHON,US-10/US-127,Clare,MI,260,3.289,Clare,MI,43.822318,-84.763463
61034,MOTOR CITY TRUCK STOP,"I-75, EXIT 43",Detroit                                 ,MI,325,3.499,Detroit,MI,42.347429,-83.060398
61037,HEARTLAND MOBIL,US-23,Fenton,MI,342,3.849,Fenton,MI,42.785098,-83.729351
61038,SPEEDWAY #8753,"I-475, EXIT 4",Burton,MI,342,3.089,Burton,MI,43.024493,-83.606295
61042,CITGO,"US-131, EXIT 44",Kalamazoo,MI,465,3.499,Kalamazoo,MI,42.273565,-85.545653
61057,CIRCLE K #2746537,US-2 & US-41,Rapid River                             ,MI,360,3.319,Rapid River,MI,45.910662,-86.88449
61063,PS Food Mart,I-69 EXIT 25,Tekonsha,MI,431,3.519,Tekonsha,MI,42.086326,-84.992602
61076,Holiday StationStore #2746408,"I-35, EXIT 129",Forest Lake,MN,448,3.399,Forest Lake,MN,45.268499,-92.974894
61080,CO-OP SERVICE,US-10 & CR-67,New York Mills,MN,250,3.499,New York Mills,MN,46.555867,-95.404717
61090,Northdale Oil,US-59 & SR-1,Thief River Falls                       ,MN,355,3.239,Thief River Falls,MN,48.110391,-96.167019
61093,CIRCLE K #2746501,"I-90, EXIT 45 & SR-60",Worthington,MN,432,3.14233333,Worthington,MN,43.628626,-95.605907
61099,LOVES TRAVEL STOP #488,"I-55, EXIT 157 & SR-32",Bloomsdale,MO,540,3.38233333,Bloomsdale,MO,38.045112,-90.280548
61102,FAST LANE #54,US-63,Columbia,MO,310,3.20733333,Columbia,MO,38.938176,-92.304865
61106,TEMP STOP #102,US-54 & SR-52,Eldon,MO,392,3.199,Eldon,MO,38.340127,-92.573619
61110,HB OF RANDOLPH,"I-435, EXIT 55B & SR-210",Kansas City,MO,400,3.149,Kansas City,MO,39.163189,-94.569882
61111,Caseys #4540,"I-35, EXIT 40 & SR-116",Lathrop,MO,400,3.07566666,Lathrop,MO,39.517727,-94.309271
61115,BREAK TIME #3071,US-24 & US-63,Moberly,MO,310,3.469,Moberly,MO,39.420239,-92.435793
61118,MIDWEST PETROLEUM #21,"I-55, EXIT 129",Perryville,MO,275,2.99066666,Perryville,MO,37.717437,-89.873664
61145,TEXACO,US-49 & US-98,Hattiesburg,MS,620,3.199,Hattiesburg,MS,31.314553,-89.306471
61146,STUCKEYS EXPRESS #619,"I-59, EXIT 113 & SR-528",Heidelberg                              ,MS,620,3.499,Heidelberg,MS,31.882031,-88.998052
61149,CEFCO #501,US-45,Lauderdale,MS,705,2.899,Lauderdale,MS,32.502186,-88.495569
61168,Blue Sky #717,US-72 & SR-15,Walnut,MS,435,3.099,Walnut,MS,34.952732,-88.905337
61171,CHEVRON CURB STORE,US-49 & SR-26,Wiggins,MS,620,3.499,Wiggins,MS,30.86095,-89.132369
61176,TOWN PUMP FOOD STORE #8947,US-2,Chinook,MT,815,3.629,Chinook,MT,48.57985,-109.22246
61182,TOWN PUMP FOOD STORE #3000,US-87,Lewistown,MT,815,3.599,Lewistown,MT,47.056324,-109.420297
61193,SPEEDWAY #8502,"I-75, EXIT 161 & CR-99",Findlay,OH,411,3.299,Findlay,OH,41.044167,-83.65
61195,MINUTEMAN FOOD MART #06,SR-24,Clinton,NC,245,3.649,Clinton,NC,35.015143,-78.326007
61205,SPEEDWAY #6961,"I-40, EXIT 303",Garner,NC,177,2.92066666,Garner,NC,35.681254,-78.597527
61210,SHEETZ #548,US-29,Greensboro,NC,65,2.859,Greensboro,NC,36.0726,-79.792
61254,7-ELEVEN #36075,"I-77, EXIT 65 & SR-901",Union Grove,NC,46,2.859,Union Grove,NC,36.036947,-80.896695
61266,CENEX CONVENIENCE STORE,US-2 & SR-19,Devils Lake,ND,355,3.249,Devils Lake,ND,48.113162,-98.861588
61269,FLYING J #489,"I-29, EXIT 138",Grand Forks,ND,341,3.61566666,Grand Forks,ND,47.901041,-97.04463
61271,MARATHON,"I-94, EXIT 292",Valley City,ND,341,3.499,Valley City,ND,46.92681,-98.003316
61291,FLEMING OIL FOOD MART,ST 9,West Chesterfield,NH,12,3.899,West Chesterfield,NH,42.873152,-72.511216
61292,ENRITE,"I-95, EXIT 14A",Jersey City,NJ,115,3.349,Jersey City,NJ,40.7164,-74.038
61301,SUNOCO- WALT WHITMAN PLAZA #7007,"NJTP,MILE POST 30",Cherry Hill,NJ,150,3.899,Cherry Hill,NJ,39.930808,-75.017538
61304,A Plus MOLLY PITCHER PLAZA #7011,MILE POST 71.7 NJ TURNPIKE SO,Cranbury,NJ,115,3.909,Cranbury,NJ,40.303868,-74.506531
61305,BP,US-130,Cranbury,NJ,150,3.14566666,Cranbury,NJ,40.303868,-74.506531
61308,CARLSTADT VALERO,SR-120,Carlstadt,NJ,115,3.199,Carlstadt,NJ,40.840298,-74.092498
61312,BLUE STAR,US-202 & SR-31,Flemington                              ,NJ,115,3.399,Flemington,NJ,40.517976,-74.845316
61326,SUNOCO JAMES F COOPER PLAZA- #7008,MILEPOST 39 NJ TURNPIKE N,Mount Laurel,NJ,150,3.959,Mount Laurel,NJ,39.947808,-74.903588
61328,KW RASTALL OIL,US-130,North Brunswick,NJ,115,3.199,North Brunswick,NJ,40.453767,-74.482285
61333,46 GAS AND TRUCK STOP,US-46,Palisades Park,NJ,115,3.23566666,Palisades Park,NJ,40.846238,-73.995436
61337,SUNOCO- JOHN FENWICK PLAZA #7006,"NJTP, MM 5",Penns Grove,NJ,150,3.909,Penns Grove,NJ,39.717938,-75.465623
61339,FUEL ONE,"I-78, EXIT 3 & US-22",Phillipsburg,NJ,79,3.359,Phillipsburg,NJ,40.692819,-75.1741
61346,SUNOCO- ALEXANDER HAMILTON PLAZA #7016,NEW JERSEY TURNPIKE SOUTH MILEPOST 111.6 ,Secaucus,NJ,115,3.899,Secaucus,NJ,40.79101,-74.063416
61357,KENT KWIK #501,US-70 & US-54,Alamogordo,NM,593,2.98233333,Alamogordo,NM,32.893186,-105.948544
61364,HUNTINGTON BROADWAY CONOCO,US-64 BUS,Farmington,NM,614,3.799,Farmington,NM,36.706514,-108.199531
61409,104 STORE,SR-370/SR-104,Red Creek                               ,NY,220,3.799,Red Creek,NY,43.229068,-76.714556
61410,KWIK FILL #58,ST 15,Rochester                               ,NY,190,3.969,Rochester,NY,43.1683,-77.6026
61421,7-ELEVEN #40294,"I-80 WB, EXIT 139",Amherst,OH,249,3.53233333,Amherst,OH,41.390506,-82.228165
61430,7-ELEVEN #40303,"I-90, EXIT 7",Clyde,OH,550,3.66233333,Clyde,OH,41.302397,-82.991849
61431,7-ELEVEN #40304,"I-90, EXIT 7",Clyde,OH,550,3.66233333,Clyde,OH,41.302397,-82.991849
61439,7-ELEVEN #40302,"I-75, EXIT 157",Genoa,OH,550,3.66233333,Genoa,OH,41.530005,-83.358984
61449,7-ELEVEN #40297,"I-80, EXIT 13A",Mantua,OH,249,3.53233333,Mantua,OH,41.294141,-81.228259
61450,7-ELEVEN #40298,I-80,Mantua,OH,249,3.53233333,Mantua,OH,41.294141,-81.228259
61453,CITGO,"I-475, EXIT 6",Maumee,OH,550,3.499,Maumee,OH,41.581682,-83.66283
61458,7-ELEVEN #40299,OHIO TNPK MM 237 & SR-26,New Springfield,OH,165,3.53233333,New Springfield,OH,40.926517,-80.585585
61459,7-ELEVEN #40300,"I-76, EXIT 157",New Springfield,OH,165,3.53233333,New Springfield,OH,40.926517,-80.585585
61461,S&G,"I-280, EXIT 7                 ",Oregon                                  ,OH,550,3.599,Oregon,OH,41.641842,-83.471366
61477,CHOCTAW NATION GRANT #633,US-271,Grant,OK,253,2.999,Grant,OK,33.930239,-95.489324
61483,CM SILVER DOLLAR,"I-220, EXIT 7",Shreveport,LA,745,3.299,Shreveport,LA,32.503743,-93.748696
61492,SPRINGER TRAVEL PLAZA,I-35 EXIT 40,Springer,OK,253,2.91566666,Springer,OK,34.303832,-97.122266
61508,7-ELEVEN #40275,"I-70 & I-76 NB, MM 147",Bedford,PA,14,4.199,Bedford,PA,39.990838,-78.526071
61509,7-ELEVEN #40275,"I-70/I-76 SB, MM 147",Bedford,PA,14,4.199,Bedford,PA,39.990838,-78.526071
61511,MIDWAY FUEL AND TRUCK WASH,"I-78/US-22, EXIT 16",Bethel,PA,208,3.364,Bethel,PA,40.480834,-76.274209
61515,Carlisle Fuel Stop,"I-81, EXIT 52",Carlisle,PA,70,3.359,Carlisle,PA,40.203877,-77.199526
61540,S&P Oil,US-13,Levittown,PA,160,3.81566666,Levittown,PA,40.168142,-74.823138
61559,7-ELEVEN #40273,34 MILE WEST OF EXIT 11/146,Somerset,PA,168,4.20733333,Somerset,PA,40.024813,-79.080814
61560,7-ELEVEN #40272,"I-70 & 76, EXIT 10",Somerset,PA,168,4.20733333,Somerset,PA,40.024813,-79.080814
61567,7-ELEVEN #35774,"I-76, EXIT 5/48",Verona,PA,165,4.20733333,Verona,PA,40.492727,-79.834535
61569,KWIK FILL #295,US-6 BUS,Warren,PA,240,4.699,Warren,PA,41.845265,-79.14286
61570,7-ELEVEN #40276,"I-76, EXIT 12/161 & SR-655",Waterfall,PA,14,4.199,Waterfall,PA,40.073871,-78.047708
61571,7-ELEVEN #40280,MILE MARKER 55 NE EXT PENN TPKE,Allentown,PA,90,3.589,Allentown,PA,40.602729,-75.470955
61594,SPINX #138 (DISCOUNT AVAILABLE),"I-85, EXIT 44",Greenville,SC,30,3.04233333,Greenville,SC,34.847165,-82.406049
61595,CORNER MART 3338,"I-85, EXIT 44",Greenville,SC,30,2.907,Greenville,SC,34.847165,-82.406049
61596,HOT SPOT #2009,US-25/US-178 & SR-225,Greenwood,SC,30,2.939,Greenwood,SC,34.175802,-82.156211
61597,SPINX #121,"I-85, EXIT 56",Greer,SC,30,3.16566666,Greer,SC,34.8968,-82.267442
61598,Shell,SR-41,Hemingway,SC,245,3.199,Hemingway,SC,33.741887,-79.448895
61599,HOT SPOT #2013,"I-26, EXIT 10",Inman,SC,210,3.149,Inman,SC,35.052795,-82.054013
61605,HOT SPOT #2028,US-76/US-301,Marion,SC,63,2.999,Marion,SC,34.156195,-79.389822
61616,PILOT #4578,"I-77, EXIT 48 & SC-200",Winnsboro,SC,135,3.409,Winnsboro,SC,34.381008,-81.10899
61621,CUBBYS #401,"I-90 , EXIT 332 & SR-37",Mitchell,SD,530,3.149,Mitchell,SD,43.710921,-98.027026
61625,PRARIE STOP,US-212 & SR-20,Watertown,SD,566,3.279,Watertown,SD,44.904295,-97.123977
61633,ECO TRAVEL PLAZA,"I-40, EXIT 320 & SR-298",Crossville,TN,405,3.02566666,Crossville,TN,35.944041,-85.017171
61642,PILOT TRAVEL CENTERS #252,"I-35, EXIT 26",Kearney,MO,400,3.699,Kearney,MO,39.365175,-94.362104
61646,SHELL,"I-40, EXIT 35 & SR-59",Mason,TN,435,3.549,Mason,TN,35.438012,-89.551805
61651,LEES FOOD MART #123,"I-81, EXIT 23 AT MILE 23",Bulls Gap,TN,405,3.259,Bulls Gap,TN,36.325707,-83.03149
61654,MAJOR MARKETS #276,US-51/SR-3,Ripley,TN,435,3.799,Ripley,TN,35.752651,-89.534975
61656,PHILLIPS 66,US-51,Union City,TN,460,3.38233333,Union City,TN,36.426311,-89.066662
61660,MARATHON,"I-40, EXIT 108",Wildersville,TN,435,3.099,Wildersville,TN,35.769772,-88.438794
61684,WOODYS FOOD MART,"I-45 & SR-7, EXIT 164",Centerville,TX,670,2.84566666,Centerville,TX,31.272025,-95.921287
61730,STRIPES 7FLEET #42430,"I-20, EXIT 131",Midland,TX,612,3.569,Midland,TX,31.989636,-102.06261
61747,TEX-BEST #504,"I-35, EXIT 141",Von Ormy                                ,TX,740,3.15733333,Von Ormy,TX,29.274979,-98.667741
61751,ALLSUPS CONVENIENCE STORE #2264,SR-214,Seminole,TX,710,3.094,Seminole,TX,32.721045,-102.682761
61761,ALLSUPS CONVENIENCE STORE #2304,"I-40, EXIT 36 & US-385",Vega,TX,585,2.999,Vega,TX,35.373212,-102.356572
61763,ALLSUPS CONVENIENCE STORE #2283,"I-20, EXIT 73",Wickett,TX,710,2.899,Wickett,TX,31.57,-103.000556
61787,DUCK THRU FOOD STORE #5,US-258,Franklin                                ,VA,180,3.499,Franklin,VA,36.678625,-76.939108
61796,EXXON,US-220,Martinsville                            ,VA,185,3.375,Martinsville,VA,36.687067,-79.869136
61799,CIRCLE K #2723712,"I-77, EXIT 52 & US-52/SR-42",Bland,VA,185,3.37566666,Bland,VA,37.137644,-81.020064
61804,CARTERS ONE STOP,"I-95 & SR-301, EXIT 31 & SR-40",Stony Creek,VA,180,2.959,Stony Creek,VA,36.936132,-77.444276
61806,LANKFORD TRUCK PLAZA,US-13 & CR-646,Townsend,VA,130,3.399,Townsend,VA,37.184444,-75.958611
61819,CHEVRON,"I-5, EXIT 36",Longview,WA,935,4.499,Longview,WA,46.151354,-122.963421
61830,APPLETON TRAVEL PLAZA,SR-96,Appleton,WI,444,3.40566666,Appleton,WI,44.277325,-88.397649
61832,BARRON FARMERS UNION,"US-8, EXIT 53",Barron,WI,545,3.639,Barron,WI,45.400535,-91.84996
61835,BRISTOL BP,"I-94, EXIT 345 & US-45",Bristol,WI,444,3.719,Bristol,WI,42.532525,-88.047779
61843,KWIK TRIP #332,SR-33,Horicon,WI,444,3.21566666,Horicon,WI,43.446859,-88.631049
61849,KWIK TRIP #306,"I-94, EXIT 259 & SR-89",Lake Mills,WI,420,3.43233333,Lake Mills,WI,43.081576,-88.913335
61862,KWIK TRIP #781,SR-21,Redgranite,WI,582,3.35233333,Redgranite,WI,44.04381,-89.098125
61867,KWIK TRIP #318,SR-27 & SR-16/SR-71,Sparta,WI,515,3.34233333,Sparta,WI,43.954045,-90.814566
61877,CASEYS #3715,SR-59,Whitewater,WI,420,3.299,Whitewater,WI,42.827174,-88.742864
61879,KWIK TRIP #347,SR-13,Wisconsin Rapids,WI,395,3.31233333,Wisconsin Rapids,WI,44.375803,-89.806229
61880,KWIK TRIP #310,SR-13/SR-73,Wisconsin Rapids,WI,395,3.26233333,Wisconsin Rapids,WI,44.375803,-89.806229
61968,FLYING J TRAVEL PLAZA #701,"I-35, EXIT 33",Ardmore,OK,253,3.659,Ardmore,OK,34.176681,-97.134157
62008,LOVES TRAVEL STOP #366,"I-81, EXIT 90",Jonestown,PA,70,3.85733333,Jonestown,PA,40.43607,-76.503842
62075,FLYING J TRAVEL PLAZA #657,US-283/US-50/US-56 & US-400,Dodge City,KS,570,3.799,Dodge City,KS,37.756882,-100.024074
62097,FLASH MARKET #17046,US-65/SR-9,Clinton,AR,695,3.239,Clinton,AR,35.604537,-92.475825
62211,STUBS GAS AND OIL,"I-76, EXIT 66",Wiggins                                 ,CO,800,3.559,Wiggins,CO,40.205651,-104.052814
62238,Circle K #2726278,SR-207,Hastings,FL,75,3.569,Hastings,FL,29.705147,-81.490908
62283,Circle K #2745099,US-23 & US-341/SR-27,Hazlehurst,GA,195,3.529,Hazlehurst,GA,31.860569,-82.590947
62316,BP,US-20,Delaware,IA,335,3.299,Delaware,IA,42.477713,-91.347176
62355,MINIT MART #600630,"I-39, EXIT 14",El Paso,IL,368,3.599,El Paso,IL,40.738948,-89.011952
62370,7-ELEVEN #34712,I-90 Exit 24,Belvidere,IL,290,3.739,Belvidere,IL,42.259465,-88.850943
62399,Rebel Plus #882,"I-80, EXIT 101",Bristol,IN,465,3.57566666,Bristol,IN,41.716885,-85.826192
62462,HAWESWAY TRUCKSTOP,US-60,Owensboro,KY,487,3.599,Owensboro,KY,37.751255,-87.155394
62467,SUPER QUIK #9,"I-64, EXIT 181",Ashland,KY,255,3.669,Ashland,KY,38.443038,-82.702709
62480,CM GALLIANO,US-167,Cut Off,LA,725,3.499,Cut Off,LA,29.523188,-90.339298
62487,Fred's Food Mart,US-61,Saint Francisville,LA,600,3.799,Saint Francisville,LA,30.858658,-91.392266
62500,CASH MAGIC VINTON,"I-10, EXIT 4 & SR-109",Vinton,LA,690,3.284,Vinton,LA,30.201523,-93.572808
62547,MARATHON,SR-32W,Gaylord,MI,287,3.799,Gaylord,MI,45.0275,-84.674722
62550,Sunoco,"I-275, EXIT 11",New Boston                              ,MI,325,3.399,New Boston,MI,42.144899,-83.358855
62559,EXPRESS FOOD DEPOT,"I-94, EXIT 266",Smiths Creek,MI,325,3.629,Smiths Creek,MI,42.922072,-82.574516
62560,ONE9 #23,"I-96, EXIT 67",Ionia,MI,406,3.439,Ionia,MI,42.98592,-85.070985
62701,PILOT TRAVEL CENTERS #408,"I-68, EXIT 22",Grantsville,MD,14,4.259,Grantsville,MD,39.684436,-79.151665
62710,TOWN PUMP FOOD STORE #922,"I-90, EXIT 370 &SR-10",Big Timber                              ,MT,780,3.479,Big Timber,MT,45.82827,-109.963094
62753,PETRO SERVE USA,US-10,West Fargo,ND,341,3.029,West Fargo,ND,46.869523,-96.895002
62768,PUMP & PANTRY #34,US-20 & SR-27,Gordon,NE,475,3.449,Gordon,NE,42.806843,-102.204929
62774,MR MIKES MINI MART,SR-9,Northwood                               ,NH,34,3.599,Northwood,NH,43.206965,-71.200423
62790,7-ELEVEN #40084,US-46/US-1/US-9,Palisades Park,NJ,115,3.099,Palisades Park,NJ,40.846238,-73.995436
62800,A ONE TRUCK STOP,US-9,South Amboy,NJ,79,3.499,South Amboy,NJ,40.464733,-74.278635
62817,LOVES TRAVEL STOP #364,I-75 EXIT 33,Charleston,TN,285,3.589,Charleston,TN,35.255644,-84.766639
62824,FLYING J TRAVEL PLAZA #1005,"I-80, EXIT 48",Fernley,NV,966,3.91566666,Fernley,NV,39.601888,-119.235044
62841,SPEEDWAY #9912,"I-81, EXIT 10",Mc Graw,NY,32,4.309,Mc Graw,NY,42.594758,-76.081958
62844,CIRCLE K #4707612,"I-81, EXIT 14",Tully,NY,220,3.799,Tully,NY,42.806977,-76.13936
62850,GANSEVOORT MINI MART,"I-87, EXIT 17",Gansevoort,NY,12,3.759,Gansevoort,NY,43.180343,-73.705267
62887,SPEEDWAY #9367,"I-275, EXIT 42",Cincinnati,OH,300,3.12566666,Cincinnati,OH,39.091293,-84.277383
62911,DAVIS TRAVEL CENTER #108,"I-85, EXIT 39",Warfield,VA,180,3.099,Warfield,VA,36.901122,-77.767317
62918,CIRCLE K #4705567,ST 91,Twinsburg,OH,305,3.63233333,Twinsburg,OH,41.328851,-81.455912
62991,ONVO TRAVEL PLAZA,"I-84, EXIT 17",Lake Ariel,PA,200,3.58566666,Lake Ariel,PA,41.439476,-75.431257
62996,MARTIN GENERAL STORE,US-22,Alexandria,PA,14,3.539,Alexandria,PA,40.549901,-78.107066
63013,TA WEST GREENWICH,"I-95, EXIT 5B",West Greenwich,RI,175,3.76566666,West Greenwich,RI,41.639977,-71.643549
63018,CIRCLE K #2723354,"I-526, EXIT 18A & US-78",Charleston,SC,42,3.299,Charleston,SC,32.962223,-79.86533
63126,PWI #120,"I-10, EXIT 593",Schertz,TX,740,2.92566666,Schertz,TX,29.568159,-98.272214
63193,Shell,US-29,Warrenton,VA,60,3.25733333,Warrenton,VA,38.7063,-77.8159
63211,OMAK MART,US-97 & SR-215,Omak,WA,970,4.149,Omak,WA,48.414347,-119.527156
63246,Petro Stopping Center #368,"I-94, EXIT 333",Sturtevant,WI,444,3.889,Sturtevant,WI,42.69673,-87.903082
63313,MARION TRAVEL CENTER,I-55 EXIT 14,Marion                                  ,AR,435,3.199,Marion,AR,35.2077,-90.198908
63330,CIRCLE K #2723678,SR-53,Rome,GA,18,3.06233333,Rome,GA,34.250726,-85.146501
63336,ROAD RANGER #118,"I-72 & I-55, EXIT 100-A",Springfield,IL,318,3.299,Springfield,IL,39.80004,-89.649531
63349,FLYING J TRAVEL PLAZA #662,"I-24, EXIT 86",Oak Grove,KY,415,3.15233333,Oak Grove,KY,36.665225,-87.425514
63351,76 FUEL CENTER,"I-75, EXIT 76",Berea,KY,410,2.999,Berea,KY,37.579942,-84.274919
63353,LOVES TRAVEL STOP #367,"I-74, EXIT 149",Le Roy,IL,280,3.389,Le Roy,IL,40.346781,-88.759813
63376,Circle K #2746246,US-169 & SR-41,Shakopee,MN,448,3.599,Shakopee,MN,44.7793,-93.519748
63379,Petro Stopping Center #460,"I-70, EXIT 28",Oak Grove,MO,400,3.21233333,Oak Grove,MO,38.998456,-94.139946
63388,CIRCLE K #2723471,"I-95, EXIT 121",Wilson,NC,205,3.199,Wilson,NC,35.727022,-77.922733
63391,FLYING J TRAVEL PLAZA #687,"I-80, EXIT 179",North Platte,NE,475,3.449,North Platte,NE,41.132595,-100.774631
63409,FLYING J TRAVEL PLAZA #693,"I-90, EXIT 48A; PEMBROKE, NY",Corfu,NY,38,3.889,Corfu,NY,42.977734,-78.392906
63428,FLYING J TRAVEL PLAZA #702,"I-40, EXIT 264B",Checotah                                ,OK,560,3.699,Checotah,OK,35.435786,-95.535038
63442,Flying J Travel Plaza #720,"I-40, EXIT 182",Fairview                                ,TN,460,3.18566666,Fairview,TN,35.975528,-87.132065
63455,FLYING J TRAVEL PLAZA #752,"I-81, EXIT 323",Clear Brook,VA,60,3.659,Clear Brook,VA,39.265461,-78.098788
63456,SHELL,"I-85, EXIT 61",Petersburg,VA,180,3.20066666,Petersburg,VA,37.220001,-77.432594
63495,DECAUTER SHELL TRUCK STOP,"I-35, EXIT 369",Decatur,TX,637,2.91566666,Decatur,TX,33.235077,-97.573995
63498,PILOT #6955,I-40/I-85 EXIT 150,Haw River,NC,65,3.959,Haw River,NC,36.055085,-79.334557
63500,SPEEDWAY #8723,"I-75, EXIT 144B",Bridgeport,MI,342,3.249,Bridgeport,MI,43.355309,-83.854906
63501,LOVES TRAVEL STOP #407,I-81 EXIT 52B OR I-76 EXIT 226,Carlisle,PA,70,4.099,Carlisle,PA,40.203877,-77.199526
63502,FLYING J TRAVEL PLAZA #704,I-35 & 122ND ST,Edmond,OK,483,3.30566666,Edmond,OK,35.68,-97.53
63506,KWIK TRIP #342,"I-39, EXIT 159",Stevens Point,WI,395,3.559,Stevens Point,WI,44.521221,-89.558764
63509,PILOT #4557,"I-85, EXIT 166",Carnesville,GA,16,3.17233333,Carnesville,GA,34.394723,-83.279209
63510,PILOT #4584,"I-95, EXIT 181",Latta,SC,63,3.349,Latta,SC,34.339829,-79.441704
63511,PILOT #4576,"I-95, EXIT 82",Saint George,SC,42,3.519,Saint George,SC,33.184532,-80.573246
63512,SPEEDWAY #7929,"I-40, EXIT 208",Colfax,NC,65,2.854,Colfax,NC,36.100272,-80.010276
63516,SHEETZ #701,"I-81, EXIT 273",Mount Jackson,VA,60,2.874,Mount Jackson,VA,38.768819,-78.676655
63517,TA LINCOLN TRAVEL CENTER,"I-20, EXIT 168 & SR-77",Lincoln,AL,615,3.084,Lincoln,AL,33.605913,-86.111152
63519,PILOT TRAVEL CENTERS #243,"I-64, EXIT 45 & SR-25",Nitro,WV,44,3.62566666,Nitro,WV,38.419323,-81.829311
63522,Pilot Travel Centers #411,"I-40, EXIT 238 & US-231",Lebanon,TN,460,3.24566666,Lebanon,TN,36.209792,-86.302367
63523,PILOT TRAVEL CENTER #441,"I-65, EXIT 334",Decatur,AL,615,3.859,Decatur,AL,34.589599,-86.98868
63524,PILOT TRAVEL CENTER #416,"I-75/SR-401, EXIT 101",Cordele,GA,10,3.28566666,Cordele,GA,31.963333,-83.7825
63530,BIG EASY TRAVEL PLAZA,"I-10, EXIT 239-B",New Orleans,LA,725,3.799,New Orleans,LA,29.963071,-90.160953
63532,FUELSMART,SR-165,Muskogee,OK,560,3.25233333,Muskogee,OK,35.730661,-95.375491
63533,FLYING J TRAVEL PLAZA #638,"I-84, EXIT 29",Caldwell,ID,785,3.78733333,Caldwell,ID,43.662719,-116.700038
63538,SUAMICO CITGO,"US-41/US-141, EXIT 176 & CR-B",Suamico,WI,360,3.269,Suamico,WI,44.631944,-88.039167
63540,GAS N GO,"I-75, EXIT 149",Byron,GA,85,3.17233333,Byron,GA,32.647384,-83.762244
63545,LOVES TRAVEL STOP #397,"I-85, EXIT 104",Blacksburg,SC,210,3.419,Blacksburg,SC,35.115047,-81.508004
63546,CITGO QUIK MART,SR/15 & SR-68,Tennille                                ,GA,85,3.46566666,Tennille,GA,32.9063,-82.840024
63563,PILOT TRAVEL CENTERS #209,"I-10, EXIT 140",Van Horn                                ,TX,640,3.659,Van Horn,TX,31.042879,-104.832249
63564,PILOT TRAVEL CENTERS #213,"I-70, EXIT 94 (WILSON ROAD)",Columbus,OH,315,3.509,Columbus,OH,40.1444,-82.9789
63565,LOVES TRAVEL STOP #296,"I-8, EXIT 115 & SR-85",Gila Bend,AZ,930,3.889,Gila Bend,AZ,32.93059,-112.746832
63566,PORT ALLEN TRUCKSTOP,"I-10, EXIT 151 & SR-415",Port Allen,LA,600,3.259,Port Allen,LA,30.471983,-91.254088
63568,FLYING J TRAVEL PLAZA #658,"I-35, EXIT 127",Emporia,KS,336,3.25233333,Emporia,KS,38.418405,-96.187145
63569,Flying J Dealer #893,"I-80, EXIT 40 (US-59)",Avoca,IA,319,3.659,Avoca,IA,41.476834,-95.350872
63570,PILOT TRAVEL CENTERS #287,"I-71, EXIT 204 & SR-83",Burbank,OH,305,3.699,Burbank,OH,40.963725,-81.995753
63571,Palace Truckstop,"I-10, EXIT 246 & I-510, EXIT 2C",New Orleans,LA,725,3.299,New Orleans,LA,29.963071,-90.160953
63572,PILOT TRAVEL CENTER #211,"I-40, EXIT 9 & SR-95",Lake Havasu City,AZ,910,3.849,Lake Havasu City,AZ,34.492879,-114.308083
63574,PILOT TRAVEL CENTERS #232,"I-84, EXIT 376A",Ontario,OR,982,3.699,Ontario,OR,44.04156,-116.978268
63575,OKEMAH TRAVEL CENTER,"I-40, EXIT 221 (ST 27)",Okemah,OK,483,2.879,Okemah,OK,35.447516,-96.306788
63577,PILOT TRAVEL CENTERS #236,"I-80, EXIT 122",Minooka,IL,290,3.799,Minooka,IL,41.461516,-88.278596
63579,301 PLAZA,US-301 & SR-299,Middletown,DE,243,3.239,Middletown,DE,39.481535,-75.683183
63580,FLYING J TRAVEL PLAZA #637,"I-380, EXIT 68",Evansdale,IA,565,3.779,Evansdale,IA,42.475453,-92.281158
63581,CASEYS #4453,"I-75, EXIT 120",Lexington,KY,410,3.224,Lexington,KY,38.017394,-84.485423
63582,T BONE TRUCK STOP,US-30,Columbus                                ,NE,313,3.099,Columbus,NE,41.437225,-97.356469
63583,CUBBYS #110,"I-80, EXIT 353",Columbus                                ,NE,313,3.179,Columbus,NE,41.437225,-97.356469
63584,PILOT TRAVEL CENTER #417,"I-20, EXIT 19",Temple,GA,18,3.389,Temple,GA,33.767687,-85.013315
63586,LOVES TRAVEL STOP #295,US-412 & US-69,Chouteau,OK,560,3.29066666,Chouteau,OK,36.166924,-95.341574
63587,24/7 TRAVEL PLAZA,"I-135, EXIT 92",Salina,KS,523,2.974,Salina,KS,38.823802,-97.608787
63588,KWIK TRIP #686,"I-94, EXIT 333/US-41 & SR-20",Sturtevant,WI,444,3.769,Sturtevant,WI,42.69673,-87.903082
63594,PILOT TRAVEL CENTERS #49,"I-24, EXIT 89",Oak Grove,KY,415,3.15233333,Oak Grove,KY,36.665225,-87.425514
63595,SPEEDWAY #5236,"I-75, EXIT 122",Lima,OH,411,3.25566666,Lima,OH,40.764066,-84.097296
63596,PILOT TRAVEL CENTERS #442,"I-55, EXIT 19",Hayti                                   ,MO,275,3.25566666,Hayti,MO,36.239475,-89.751607
63597,PILOT TRAVEL CENTERS #163,"I-10, EXIT 24",Lordsburg,NM,640,3.439,Lordsburg,NM,32.314032,-108.754657
63598,PILOT TRAVEL CENTERS #164,"I-90/I-94, EXIT 69 & SR-82",Mauston,WI,420,3.299,Mauston,WI,43.793383,-90.064085
63599,PWI #978,"I-215, EXIT 21",Salt Lake City,UT,835,3.359,Salt Lake City,UT,40.755851,-111.896657
63600,PILOT TRAVEL CENTERS #77,"I-55 /I-20, EXIT 45",Jackson,MS,760,3.149,Jackson,MS,32.293502,-90.186655
63601,PILOT TRAVEL CENTERS #206,"I-20, EXIT 406",Weatherford,TX,630,3.209,Weatherford,TX,32.8435,-97.7047
63602,LOVES TRAVEL STOP #285,I-40 EXIT 277,Santa Rosa,NM,580,3.474,Santa Rosa,NM,34.933276,-104.682155
63603,LOVES TRAVEL STOP #290,US-59/US-69/S LOOP 287 & FM-841,Lufkin,TX,610,3.649,Lufkin,TX,31.336004,-94.734185
63604,7-ELEVEN #40363,US-17/SR-15 & SR-100,Palatka,FL,75,3.364,Palatka,FL,29.657748,-81.659452
63605,FLYING J TRAVEL PLAZA #663,"I-64, EXIT 43 & SR-395",Waddy,KY,415,3.759,Waddy,KY,38.105445,-85.12883
63606,FLYING J TRAVEL PLAZA #652,"I-65/US-52, EXIT 139 & SR-39",Lebanon,IN,375,3.64066666,Lebanon,IN,40.044894,-86.464074
63607,ROAD RANGER #209,"I-90/94,  EXIT 48",Oakdale,WI,420,3.234,Oakdale,WI,43.959722,-90.381667
63608,ROAD RANGER #206,US-20,Winnebago,IL,520,3.219,Winnebago,IL,42.272723,-89.237316
63609,ROAD RANGER #203,US-20 & SR-2,Rockford,IL,520,3.219,Rockford,IL,42.292233,-89.116118
63612,FLYING J TRAVEL PLAZA #622,"I-95/SR-9, EXIT 131 & SR-68 & SR-713",Fort Pierce,FL,95,3.499,Fort Pierce,FL,27.438233,-80.443963
63613,FLYING J TRAVEL PLAZA #690,"I-10/US-70, EXIT 24",Lordsburg,NM,640,3.439,Lordsburg,NM,32.314032,-108.754657
63614,PILOT TRAVEL CENTERS #446,"I-69, EXIT 234",Daleville,IN,457,3.514,Daleville,IN,40.125738,-85.511016
63615,One9 #1413,"I-81, EXIT 101",Dublin,VA,185,3.24233333,Dublin,VA,37.098879,-80.669696
63616,SPEEDWAY #8876,"US-23, EXIT 50",Whitmore Lake,MI,342,3.499,Whitmore Lake,MI,42.428904,-83.78282
63619,PILOT TRAVEL CENTERS #428,"I-20, EXIT 112",West Monroe                             ,LA,760,3.20566666,West Monroe,LA,32.531726,-92.175971
63620,LOVES TRAVEL STOP #420,"I-20, EXIT 47",Flowood,MS,620,3.149,Flowood,MS,32.3165,-90.1105
63621,FUEL CITY FRIENDLYS,"I-35E, EXIT 435",Dallas,TX,630,2.96566666,Dallas,TX,32.996848,-96.792113
63623,PILOT TRAVEL CENTERS #90,"I-95/SR-9, EXIT 129 & SR-91, EXIT 152 & SR-70",Fort Pierce,FL,95,3.459,Fort Pierce,FL,27.438233,-80.443963
63624,FROG CITY TRAVEL PLAZA,"I-10, EXIT 87",Rayne                                   ,LA,690,3.36566666,Rayne,LA,30.204508,-92.248592
63625,FLYING J TRAVEL PLAZA #688,"I-295, DEEP WATER STREET",Penns Grove,NJ,243,3.989,Penns Grove,NJ,39.717938,-75.465623
63627,PILOT TRAVEL CENTERS #174,I-78 & SR-15,New Albany,MS,435,3.859,New Albany,MS,34.485051,-89.003058
63628,PILOT TRAVEL CENTER #75,"I-65, EXIT 19 & US-43/SR-13",Satsuma,AL,715,3.195,Satsuma,AL,30.851628,-88.053312
63629,SPEEDWAY #4523,"I-94, EXIT 88",Osseo,WI,448,3.54566666,Osseo,WI,44.559923,-91.219148
63630,TA DENVER EAST TRAVEL CENTER,"I-70 & I-270, EXIT 278",Commerce City,CO,800,3.37566666,Commerce City,CO,39.825875,-104.911349
63635,SAPP BROS TRAVEL CENTER,"I-70, EXIT 295",Junction City,KS,523,3.709,Junction City,KS,39.029913,-96.839553
63636,PILOT TRAVEL CENTER #279,"I-19, EXIT 12 & SR-289",Rio Rico,AZ,980,3.614,Rio Rico,AZ,31.4851,-110.9898
63637,PILOT TRAVEL CENTERS #454,"I-70, EXIT 79",London                                  ,OH,315,3.509,London,OH,39.900074,-83.443899
63639,PILOT TRAVEL CENTERS #444,"I-70, EXIT 23",Brazil                                  ,IN,375,3.939,Brazil,IN,39.521041,-87.127767
63640,SUPER EXPRESS STOP,"I-64, EXIT 113",Mount Sterling,KY,410,3.859,Mount Sterling,KY,38.054822,-83.938774
63641,FLYING J TRAVEL PLAZA #625,"I-4/SR-400, EXIT 10 & SR-579",Seffner,FL,225,3.44233333,Seffner,FL,27.983333,-82.275833
63642,COLTS QUICK DRAW,"I-40, EXIT 125 & US-65/SR-25",Greenbrier,AR,695,3.30733333,Greenbrier,AR,35.229547,-92.357792
63648,CIRCLE K #2723333,"I-75, EXIT 216",Mcdonough,GA,67,3.209,Mcdonough,GA,33.450556,-84.158333
63649,ONE TRIP,US-84,Homerville,GA,10,3.44233333,Homerville,GA,31.044991,-82.743103
63651,CIRCLE K #2723346,US-29/S8,Athens,GA,16,3.399,Athens,GA,33.976097,-83.363174
63652,CASEYS #3292,"I-380, EXIT 43 & US-20",Independence,IA,380,3.599,Independence,IA,42.46744,-91.880343
63653,FLYING J TRAVEL PLAZA #760,US-30 & SR-232,Cokeville,WY,835,3.899,Cokeville,WY,42.057983,-110.916419
63661,FLYING J TRAVEL PLAZA #677,"US-78, EXIT 6",Olive Branch,MS,435,3.28566666,Olive Branch,MS,34.94414,-89.854427
63662,PILOT TRAVEL CENTERS #267,"I-75, EXIT 146",Byron                                   ,GA,85,3.36566666,Byron,GA,32.647384,-83.762244
63667,CIRCLE K #2723875,SR-41/SR-45,Jamestown,SC,42,2.974,Jamestown,SC,33.228797,-79.715551
63668,PILOT #4579,"I-26, EXIT 139",Saint Matthews,SC,135,3.509,Saint Matthews,SC,33.694212,-80.856286
63669,One9 #1248,"I-45, EXIT 271",Wilmer,TX,630,2.75566666,Wilmer,TX,32.598133,-96.68376
63671,WESTERN TRAVEL TERMINAL,US-26 & US-85,Torrington                              ,WY,795,3.399,Torrington,WY,42.062377,-104.191662
63676,CORNER EXPRESS,ST 55,Wellston                                ,MI,456,3.499,Wellston,MI,44.213266,-85.955475
63680,ALLTOWN MARKETS-FLYING J #896,I-93 EXIT 11 & SR 3A,Bow,NH,39,4.099,Bow,NH,43.138788,-71.544814
63685,RIVER HEIGHTS GROCERY,US-64/SR-69/SR-15,Crump                                   ,TN,435,3.099,Crump,TN,35.221641,-88.335641
63690,LOVES TRAVEL STOP #277,"I-30, EXIT 46",Prescott,AR,635,3.47566666,Prescott,AR,33.804029,-93.372544
63691,JIMMIES AUTO TRUCK PLAZA,"I-10, EXIT 262",Lee,FL,20,3.84733333,Lee,FL,30.397863,-83.284392
63694,PILOT TRAVEL CENTERS #261,"I-55, EXIT 186",Winona,MS,576,3.499,Winona,MS,33.485753,-89.727655
63695,FLYING J TRAVEL PLAZA #634,"I-20/SR-402, EXIT 19 & SR-113",Temple,GA,18,3.419,Temple,GA,33.767687,-85.013315
63697,MILLER MART #40,"I-64, EXIT 255B",Newport News,VA,130,3.30566666,Newport News,VA,37.057951,-76.460722
63699,DEWITT TRAVEL MART,"US-30, EXIT 313",De Witt,IA,270,3.599,De Witt,IA,41.826726,-90.523735
63700,WIXOM FUEL STOP,"I-96, EXIT 159",Wixom,MI,325,3.999,Wixom,MI,42.534037,-83.528486
63701,FLYING J TRAVEL PLAZA #742,"I-80, EXIT 98/99",Tooele                                  ,UT,835,3.759,Tooele,UT,40.545445,-112.300214
63702,QUICK FUEL #2501,"I-264, EXIT 14",Louisville,KY,415,3.08233333,Louisville,KY,38.2435,-85.7639
63703,QUICK FUEL #2303,"I-71, EXIT 104/FRANK RD EXIT",Columbus,OH,315,3.56566666,Columbus,OH,40.1444,-82.9789
63704,QUICK FUEL #2301,"I-275, EXIT 44",Cincinnati,OH,300,3.239,Cincinnati,OH,39.091293,-84.277383
63706,QUICK FUEL #1003,"I-41/US-45, EXIT 45 & CR-EE",Milwaukee,WI,444,3.42566666,Milwaukee,WI,43.0343,-87.9151
63715,FLYING J TRAVEL PLAZA #772,"I-215, EXIT 28",North Salt Lake                         ,UT,835,3.73233333,North Salt Lake,UT,40.844064,-111.904116
63716,EXPRESS LANE #34,"I-39, EXIT 115",Rockford,IL,520,3.549,Rockford,IL,42.292233,-89.116118
63718,ROAD RANGER #210,"I-39/US-51, EXIT 99 & SR-38",Rochelle,IL,520,3.699,Rochelle,IL,41.928156,-89.071035
63720,FLYING J TRAVEL PLAZA #611,"I-10, EXIT 137",Phoenix,AZ,930,3.589,Phoenix,AZ,33.451,-112.0685
63721,ROAD RUNNER TRAVEL CENTER,I-69E/US-77 & CR-892,Robstown,TX,625,3.349,Robstown,TX,27.798395,-97.699523
63722,LOVES TRAVEL STOP #240,"I-10, EXIT 151 & SR-415",Port Allen,LA,600,3.23233333,Port Allen,LA,30.471983,-91.254088
63724,LOVES TRAVEL STOP #244,"I-40, EXIT 87 & US-70/US-412",Jackson,TN,435,3.49733333,Jackson,TN,35.610222,-88.814011
63725,TA CARTERSVILLE TRAVEL CENTER,"I-75, EXIT 296",Cartersville,GA,18,3.599,Cartersville,GA,34.186975,-84.820401
63726,FLYING J TRAVEL PLAZA #706,"I-44 & I-244, EXIT 236",Tulsa,OK,560,3.36566666,Tulsa,OK,36.05566,-96.060229
63727,LOVES TRAVEL STOP #403,"I-81, EXIT 3",Binghamton,NY,32,3.679,Binghamton,NY,42.146307,-75.886517
63728,PILOT TRAVEL CENTER #43,"I-80, EXIT 284",Walcott,IA,270,3.859,Walcott,IA,41.645309,-90.725603
63729,PILOT TRAVEL CENTERS #147,"I-80, EXIT 410",West Wendover                           ,NV,835,3.709,West Wendover,NV,40.735,-114.075278
63730,PILOT TRAVEL CENTERS #309,"I-77, EXIT 25",Caldwell,OH,430,3.65233333,Caldwell,OH,39.746651,-81.51528
63731,LOVES TRAVEL STOP #243,"I-10, EXIT 43 & SR-383",Iowa,LA,690,3.58733333,Iowa,LA,30.221937,-93.02586
63732,LOVES TRAVEL STOP #265,"I-10, EXIT 200",Eloy,AZ,930,3.434,Eloy,AZ,32.750929,-111.583275
63734,CIRCLE K #2723472,US-70 & SR-58,Kinston,NC,63,3.319,Kinston,NC,35.278333,-77.585969
63736,PLATEAU TRUCK AND AUTO CENTER,"I-10, EXIT 159",Van Horn                                ,TX,640,3.099,Van Horn,TX,31.042879,-104.832249
63737,I 10 DUSON TRUCK STOP,"I-10, AUSTRIA ROAD",Duson,LA,730,3.41066666,Duson,LA,30.191216,-92.152455
63738,U STOP 33,US-77,Beatrice,NE,413,3.399,Beatrice,NE,40.270509,-96.743494
63740,CIRCLE K #2723478,US-29,Blairs,VA,185,3.439,Blairs,VA,36.667408,-79.378869
63741,SHELL,"I-295, EXIT 15",Chester,VA,180,3.20233333,Chester,VA,37.342934,-77.41557
63743,PILOT TRAVEL CENTERS #370,"I-81, EXIT 175",Pittston,PA,200,4.17566666,Pittston,PA,41.317501,-75.788492
63744,PILOT TRAVEL CENTERS #439,"I-24, EXIT 86",Oak Grove,KY,415,3.15233333,Oak Grove,KY,36.665225,-87.425514
63745,PILOT TRAVEL CENTER #447,"I-64, EXIT 25",Haubstadt,IN,340,3.959,Haubstadt,IN,38.189536,-87.579827
63746,PILOT TRAVEL CENTERS #453,"I-85, EXIT 90",Gaffney,SC,210,3.429,Gaffney,SC,35.061508,-81.649061
63747,PILOT TRAVEL CENTERS #440,"I-71, EXIT 28",Pendleton,KY,415,3.759,Pendleton,KY,38.480918,-85.317019
63751,PETRO STOPPING CENTER #328,"I-20 & I-55, EXIT 45",Jackson,MS,620,3.109,Jackson,MS,32.293502,-90.186655
63752,MR FUEL #732,"I-80, EXIT 226",Girard,OH,573,3.239,Girard,OH,41.161136,-80.693305
63753,PILOT TRAVEL CENTER #4558,"I-75, EXIT 318",Calhoun,GA,285,3.28566666,Calhoun,GA,34.496456,-84.934545
63754,U SAVE TRAVEL PLAZA,US-19 & SR-129,Mount Nebo,WV,44,3.599,Mount Nebo,WV,38.197064,-80.820204
63755,PILOT TRAVEL CENTERS #196,"I-40, EXIT 325 & US-64",Roland,OK,645,3.739,Roland,OK,35.453811,-94.529085
63756,PILOT TRAVEL CENTERS #144,"I-20, EXIT 200",Augusta,GA,135,3.859,Augusta,GA,33.511692,-82.099505
63759,BUFFALO RANCH,US/69/US-60 & US-59,Afton,OK,560,3.099,Afton,OK,36.630072,-94.907491
63760,CASH MAGIC CITGO HOUMA,I-57,Houma,LA,725,3.56566666,Houma,LA,29.59433,-90.754808
63761,7Fleet #46589,"I-94/US-52, EXIT 205 & SR-241",Saint Michael,MN,448,3.309,Saint Michael,MN,45.206409,-93.659253
63762,MINIT MART #600643,"I-57, EXIT 322",Manteno,IL,290,3.249,Manteno,IL,41.251439,-87.846761
63763,Flying J Travel Plaza #644,"I-80, EXIT 77 & SR-351",La Salle,IL,290,3.299,La Salle,IL,41.344221,-89.095468
63764,LOVES TRAVEL STOP #288,"I-45, EXIT 198 & US-84",Fairfield,TX,765,3.429,Fairfield,TX,31.736136,-96.157176
63766,PILOT TRAVEL CENTERS #26,"US-23, EXIT 5 & US-223",Ottawa Lake,MI,325,3.579,Ottawa Lake,MI,41.768276,-83.685559
63767,HOP-IN FOOD STORES,I-27 & FM-1729,New Deal,TX,700,2.92566666,New Deal,TX,33.737222,-101.836111
63768,PILOT TRAVEL CENTERS #443,"I-70, EXIT 49",Higginsville,MO,400,3.23566666,Higginsville,MO,39.070504,-93.713265
63770,FLYING J TRAVEL PLAZA #694,"I-90, EXIT 223",Austinburg,OH,305,3.859,Austinburg,OH,41.75536,-80.858422
63771,FLYING J FUEL STOP #572,"I-35, EXIT 144",Williams                                ,IA,433,3.699,Williams,IA,42.461376,-93.56774
63773,QUIKTRIP #179,ST 152,Liberty,MO,400,2.999,Liberty,MO,39.241916,-94.433664
63774,PILOT TRAVEL CENTERS #150,"I-70, EXIT 24 &SR-63",Hagerstown,MD,22,3.959,Hagerstown,MD,39.632022,-77.737215
63775,FLYING J #646,"I-90/39, EXIT 1 & US-51 & SR-75",South Beloit,IL,290,3.799,South Beloit,IL,42.483672,-89.029791
63776,KWIK TRIP #334,US-169/SR-60,Mankato,MN,425,3.549,Mankato,MN,44.153809,-93.996044
63777,KWIK TRIP #403,"I-35, EXIT 45",Owatonna,MN,425,3.499,Owatonna,MN,44.080478,-93.21914
63778,KWIK TRIP #662,SR-55/SR-149,Saint Paul,MN,451,3.629,Saint Paul,MN,44.902691,-93.096435
63781,Pilot Travel Centers #8,US-23 & PITTSBURG RD,Circleville,OH,315,3.799,Circleville,OH,39.598836,-82.929966
63782,FUEL EXPRESSO #11,"I-35, EXIT 155",Lebo,KS,400,3.17233333,Lebo,KS,38.416085,-95.822174
63787,LOVES TRAVEL STOP #402,"I-10, EXIT 44",Biloxi,MS,715,3.449,Biloxi,MS,30.403478,-88.897143
63789,PILOT TRAVEL CENTERS #448,"I-65, EXIT 240",Hebron,IN,365,3.354,Hebron,IN,41.315537,-87.208791
63790,PILOT TRAVEL CENTERS #412,"I-81, EXIT 4",White Pine,TN,405,3.699,White Pine,TN,36.090299,-83.287921
63791,PILOT TRAVEL CENTERS #432,"I-35, EXIT 328",Waco,TX,765,3.22066666,Waco,TX,31.552452,-97.139608
63792,PILOT TRAVEL CENTERS #424,"I-75, EXIT 358",Ocala,FL,140,3.359,Ocala,FL,29.1981,-82.0974
63793,HUTCH'S #113,US-183 & US-270/SR-15,Woodward,OK,483,2.999,Woodward,OK,36.426784,-99.402016
63794,PILOT TRAVEL CENTERS #157,"I-30, EXIT 122",Sulphur Springs,TX,723,3.309,Sulphur Springs,TX,33.134541,-95.592161
63795,LOVES COUNTRY STORE #022,US-412,Clayton,NM,585,3.414,Clayton,NM,36.441378,-103.188823
63796,PETRO STOPPING CENTER #329,"I-40/I-85, EXIT 157",Mebane,NC,65,3.999,Mebane,NC,36.097862,-79.271895
63798,PETRO GLADE SPRING #372,"I-81, EXIT 29",Glade Spring,VA,405,3.58733333,Glade Spring,VA,36.7779,-81.767639
63799,LOVES TRAVEL STOP #204,US-69 BUS & US-69,Eufaula,OK,560,3.689,Eufaula,OK,35.29114,-95.647227
63800,PILOT TRAVEL CENTER #255,"I-95, EXIT 40",Milford,CT,73,4.299,Milford,CT,41.217466,-73.054948
63801,PILOT #1126,"I-435, EXIT 55 & SR-210",Kansas City,MO,400,3.38233333,Kansas City,MO,39.163189,-94.569882
63802,CARTERS TRAVEL CENTER,"I-40, EXIT 201N",Flagstaff                               ,AZ,930,3.689,Flagstaff,AZ,35.185911,-111.661979
63803,KOUNTRY XPRESS,"I-40, EXIT 20",Mulberry                                ,AR,645,3.27233333,Mulberry,AR,35.517246,-93.988505
63805,TEX-BEST #519,US-281 & US-281 BUS & CR-1930,Alice,TX,625,2.899,Alice,TX,27.743171,-98.083622
63812,PETRO STOPPING CENTER #330,"I-65, EXIT 86",Glendale,KY,415,3.599,Glendale,KY,37.603398,-85.892101
63813,TA SAN ANTONIO TRAVELCENTER,"I-10 & FOSTER RD, EXIT 583",San Antonio,TX,740,3.20733333,San Antonio,TX,29.468525,-98.526352
63828,CIRCLE K #2723654,US-431,Boaz,AL,587,3.519,Boaz,AL,34.173889,-86.121111
63829,CALERA CHEVRON,SR-25,Calera,AL,615,3.199,Calera,AL,33.1098,-86.755987
63836,Double Bees #109,"I-40, EXIT 183",Carlisle,AR,695,3.139,Carlisle,AR,34.793291,-91.745929
63841,MAGNOLIA TRAVEL CENTER,US-82 & US-371,Magnolia,AR,635,3.599,Magnolia,AR,33.264678,-93.239153
63846,71 EXPRESS,US-71,Mansfield,AR,645,3.33233333,Mansfield,AR,35.0432,-94.22036
63848,CIRCLE K #2706345,"I-30, EXIT 2",Texarkana,AR,723,3.479,Texarkana,AR,33.441667,-94.0375
63850,PILOT TRAVEL CENTER #180,"I-40, EXIT 185",Bellemont,AZ,930,3.609,Bellemont,AZ,35.238056,-111.832778
63854,E-Z MART #4437,US-71,Boles,AR,645,3.299,Boles,AR,34.765363,-94.062864
63855,LOVES TRAVEL STOP #460,"I-10, EXIT 302",Benson,AZ,980,3.279,Benson,AZ,31.98826,-110.294113
63856,PILOT TRAVEL CENTER #1175,"I-17, EXIT 262 & SR-69",Mayer,AZ,930,3.6915,Mayer,AZ,34.365535,-112.129551
63870,CIRCLE K #2744074,"I-270/US-36, EXIT 4",Commerce City,CO,800,3.45566666,Commerce City,CO,39.825875,-104.911349
63871,Alta Convenience Store #6317,"I-70, EXIT 19",Fruita,CO,810,3.399,Fruita,CO,39.163656,-108.721757
63876,Mobil,"FL TURNPIKE,  EXIT 244",Kissimmee,FL,225,3.449,Kissimmee,FL,28.305056,-81.424208
63887,QUIKTRIP #757,"I-79/SR-401, EXIT 306 & SR-140",Adairsville,GA,193,2.88733333,Adairsville,GA,34.359527,-84.917634
63893,QUICK FUEL #2204,"I-285, EXIT 58/SR-407 & I-75, EXIT 237/SR-401",Atlanta,GA,18,3.27566666,Atlanta,GA,33.749788,-84.31685
63894,CIRCLE K #2723653,"I-75, EXIT 124",Cartersville,GA,193,3.224,Cartersville,GA,34.186975,-84.820401
63895,KWIK SERV #17,"I-75, EXIT 136",Chatsworth,GA,193,3.499,Chatsworth,GA,34.758929,-84.794293
63904,SUNOCO,"I-95, EXIT 19",Savannah,GA,195,3.63233333,Savannah,GA,32.067631,-81.102394
63907,QUIKTRIP #737,"I-85, EXIT 137",Jefferson,GA,16,3.119,Jefferson,GA,34.106197,-83.570813
63909,GAS2GO,"I-95, EXIT 6",Kingsland,GA,75,3.109,Kingsland,GA,30.797681,-81.707483
63910,OGMULGEE CHEVRON #419,"I-16, EXIT 6",Macon,GA,85,3.399,Macon,GA,32.84386,-83.598686
63912,PILOT #4562,"I-95, EXIT 1",Kingsland,GA,75,3.559,Kingsland,GA,30.797681,-81.707483
63914,CIRCLE M #12,US-23/SR-365 & SR-52,Lula                                    ,GA,18,3.539,Lula,GA,34.398513,-83.694459
63915,HIGHWAY 80 CHEVRON,"I-185, EXIT 7",Midland                                 ,GA,50,3.399,Midland,GA,32.561587,-84.855851
63922,THOMASVILLE TRAVEL CENTER,US-84 & SR-3,Thomasville,GA,20,3.18066666,Thomasville,GA,30.8665,-83.9233
63925,PILOT TRAVEL CENTER #4561,"I-75, EXIT 11",Valdosta,GA,20,3.28566666,Valdosta,GA,30.810578,-83.277166
63931,LOVES TRAVEL STOP #371,"I-95, EXIT 190",Dillon,SC,46,3.33066666,Dillon,SC,34.414553,-79.377015
63937,CUBBYS #305,"I-29, EXIT 10 & SR-2",Percival,IA,319,3.694,Percival,IA,40.740148,-95.809307
63938,CUBBYS #301,US-34 & SR-48,Red Oak,IA,319,3.399,Red Oak,IA,41.007949,-95.226924
63942,Discount Zone,"I-10, EXIT CLEARVIEW",New Orleans,LA,725,3.279,New Orleans,LA,29.963071,-90.160953
63946,MINIT MART #600644,"I-80, EXIT 134",Joliet,IL,399,3.599,Joliet,IL,41.527154,-88.08241
63955,ROAD RANGER #266,"I-72, EXIT 82 & CR-10",New Berlin,IL,280,3.439,New Berlin,IL,39.736048,-89.905721
63957,SUNMART FOOD STORE,SR-37,Bloomington,IN,375,3.499,Bloomington,IN,39.140057,-86.508262
63959,SPEEDWAY #1429,SR-59 & SR-56,Warrenville,IL,293,3.499,Warrenville,IL,41.828046,-88.19213
63960,BUTLER ONE STOP,"I-69, EXIT 329",Butler                                  ,IN,370,3.519,Butler,IN,41.42873,-84.878716
63962,7-ELEVEN #40505,"I-80, EXIT 90",Elkhart,IN,465,4.11566666,Elkhart,IN,41.710083,-85.972949
63964,LOVES TRAVEL STOP #242,"I-35 & FISHER RD, EXIT 144",Von Ormy,TX,740,3.167,Von Ormy,TX,29.274979,-98.667741
63965,GOOD TO GO #11,"I-65, EXIT 158",Frankfort,IN,375,3.549,Frankfort,IN,40.288404,-86.511387
63966,PHILS ONE STOP,"I-69, EXIT 309B",Fort Wayne                              ,IN,370,3.67566666,Fort Wayne,IN,41.0716,-85.1367
63972,7-ELEVEN #40506,"I-80/I-90, MM 125 WB",Howe,IN,465,3.899,Howe,IN,41.728594,-85.472746
63977,CAREFREE FOOD MART,"I-64, EXIT 92",Leavenworth                             ,IN,415,3.499,Leavenworth,IN,38.194244,-86.359862
63978,Gallops,"I-80, EXIT 107",Middlebury,IN,370,3.549,Middlebury,IN,41.675415,-85.711443
63979,Jaks Oil,US-90,Broussard,LA,730,3.049,Broussard,LA,30.12189,-91.950171
63988,Petes #47,US-400/SR-47,Fredonia                                ,KS,307,3.299,Fredonia,KS,37.525622,-95.822898
63990,TREX MART #4,"I-229/US-59, EXIT 4B & US-36",Wathena                                 ,KS,400,2.999,Wathena,KS,39.762505,-94.92546
63992,SANDRAS QUICK STOP,US-169 & US-59,Garnett,KS,485,3.319,Garnett,KS,38.285907,-95.259368
63994,U STOP #38,I-70 EXIT 298,Junction City,KS,553,3.35566666,Junction City,KS,39.029913,-96.839553
63997,LEON GROCERY,US-400,Leon                                    ,KS,336,3.399,Leon,KS,37.681268,-96.752634
64001,PETES #53,US-400 & SR-99 & CR-939,Severy                                  ,KS,336,3.249,Severy,KS,37.64985,-96.229777
64002,SPEEDWAY #9567,"I-65, EXIT 105",Lebanon Junction,KY,415,3.16566666,Lebanon Junction,KY,37.851054,-85.724641
64003,HUCKS Food & Fuel #305,SR-9001 & WKY PKWY SERVICE AREA,Beaver Dam,KY,460,3.599,Beaver Dam,KY,37.386958,-86.872932
64016,SHELL,US-231 & SR-1468,Morgantown,KY,487,3.799,Morgantown,KY,37.19102,-86.703726
64020,LEEBOS # 9,"I-49, EXIT 90",Alexandria,LA,730,3.21566666,Alexandria,LA,31.288519,-92.463349
64021,CM AMITE,SR-16,Amite,LA,600,3.399,Amite,LA,30.718208,-90.570493
64028,DELCAMBRE FUEL DEPOT,SR-14 & SR-89,Delcambre,LA,730,2.999,Delcambre,LA,29.947414,-91.988938
64029,SUNSHINE SUPER STOP TRUCKS,"I-10, EXIT 182",Convent,LA,600,3.399,Convent,LA,30.055251,-90.864988
64030,STATE OIL,SR-23,Belle Chasse,LA,725,3.43233333,Belle Chasse,LA,29.834514,-90.004177
64034,BOONES CHEVRON,SR-317,Franklin                                ,LA,623,3.899,Franklin,LA,29.785656,-91.502643
64036,CM PROSPECT STATION,SR-3087 & SR-660,Houma,LA,725,3.599,Houma,LA,29.59433,-90.754808
64040,PILOT #1051,"I-10, EXIT 43 & SR-383",Iowa,LA,690,3.599,Iowa,LA,30.221937,-93.02586
64042,LA PLACE TRAVEL CENTER,"I-10, EXIT 209 & I-55, EXIT 1",La Place,LA,725,3.259,La Place,LA,30.077718,-90.489544
64043,COUNTRY AUTO TRUCK STOP,"I-49, EXIT 177 & SR-509",Mansfield,LA,766,3.259,Mansfield,LA,32.023863,-93.698045
64044,DISCOUNT ZONE,"I-510, EXIT 240",New Orleans                             ,LA,725,3.149,New Orleans,LA,29.963071,-90.160953
64045,SILVERS TRAVEL PLAZA - Port Allen,US-190/SR-1,Port Allen,LA,730,3.33233333,Port Allen,LA,30.471983,-91.254088
64047,LUCKY LOUIES TRUCK STOP,US-190,Port Allen,LA,600,3.06566666,Port Allen,LA,30.471983,-91.254088
64048,Pilot #1439,"I-10, Exit 151",Port Allen,LA,600,3.21566666,Port Allen,LA,30.471983,-91.254088
64049,Cash Magic CITGO LAROSE,SR-308,Larose,LA,725,3.399,Larose,LA,29.572222,-90.381667
64050,WESTWOOD TRUCK PLAZA,US-90 BUS,Marrero,LA,725,3.279,Marrero,LA,29.859756,-90.110462
64058,DELTA TOWN TRUCK STOP,"I-10, EXIT 4",Vinton                                  ,LA,690,2.799,Vinton,LA,30.201523,-93.572808
64059,CM SPRINGHILL,"I-20, EXIT 44",Springhill,LA,745,3.399,Springhill,LA,33.00054,-93.459563
64060,CM VIVIAN,SR-1 & SR-2,Vivian,LA,745,3.26566666,Vivian,LA,32.866844,-93.987312
64062,XTRA MART #10098,SR-146A,Uxbridge,MA,175,3.649,Uxbridge,MA,42.074426,-71.632869
64063,Mobil,US-20 & SR-56,North Oxford,MA,175,3.58233333,North Oxford,MA,42.16549,-71.885953
64069,301 BP,US-301/SR-5,Brandywine,MD,22,3.259,Brandywine,MD,38.692203,-76.832033
64072,EZ MART #110,US-127 & US-127 BUS/SR-46,Alma,MI,260,3.649,Alma,MI,43.380877,-84.663484
64082,SPEEDWAY #8797,SR-13,Lennon,MI,342,3.379,Lennon,MI,42.969323,-83.927908
64083,BIG DADDYS TRUCKSTOP,US-223 & US-23,Ottawa Lake,MI,325,3.499,Ottawa Lake,MI,41.768276,-83.685559
64084,RPF OIL #92 PARMA TRAVEL CENTER,"I-94, EXIT 128",Parma,MI,431,3.499,Parma,MI,42.273879,-84.599886
64085,MADCO TRUCK PLAZA,"I-94, EXIT 200",Romulus                                 ,MI,325,3.399,Romulus,MI,42.220304,-83.358288
64087,SAHARA PETRO,"I-696, EXIT 22",Warren                                  ,MI,325,3.699,Warren,MI,42.5159,-82.9824
64091,Circle K 2746398,US-10 & SR-27,Little Falls,MN,448,3.399,Little Falls,MN,45.98108,-94.360428
64092,ONE9 #4555,"I-20/I-59, EXIT 77",Cottondale,AL,615,2.93233333,Cottondale,AL,33.176667,-87.387051
64097,KWIK TRIP #937,US-12,Willmar,MN,451,3.34066666,Willmar,MN,45.139264,-95.052315
64098,BLUE LINE TRAVEL CENTER,"I-90, EXIT 45",Worthington                             ,MN,432,3.16566666,Worthington,MN,43.628626,-95.605907
64101,D DIAMOND TRAVEL PLAZA,"I-44, EXIT 82",Fair Grove                              ,MO,535,3.13233333,Fair Grove,MO,37.372143,-93.142824
64106,RAPID ROBERTS #122,SR-43,Joplin                                  ,MO,277,2.899,Joplin,MO,37.096858,-94.505144
64112,RAPID ROBERTS #123,"I-44, EXIT 80",Springfield                             ,MO,535,2.899,Springfield,MO,37.2152,-93.295
64116,GRAND LEDGE,"I-96, EXIT 86",Grand Ledge,MI,344,3.789,Grand Ledge,MI,42.752924,-84.737314
64120,HOLIDAY STATIONSTORE #2746185,US-2,Wakefield,MI,545,3.139,Wakefield,MI,46.475184,-89.942446
64122,FLYING J TRAVEL PLAZA #691,"I-40, EXIT 333",Tucumcari                               ,NM,585,3.899,Tucumcari,NM,35.168003,-103.717935
64124,Shell,"I-94 & I-75, EXIT 171",Saint Cloud,MN,448,3.36233333,Saint Cloud,MN,45.552113,-94.128447
64126,CASEYS #3471,US-2 & CR-87,Cohasset,MN,333,3.449,Cohasset,MN,47.269112,-93.639154
64132,45 TRUCKSTOP,US-45,Corinth,MS,435,3.089,Corinth,MS,34.93236,-88.543884
64139,4 MILE TRUCKSTOP,US-98 & HOLT RD,Lucedale,MS,715,3.399,Lucedale,MS,30.866722,-88.593391
64153,SPEEDWAY #6972,US-70,Durham,NC,177,3.799,Durham,NC,35.996725,-78.896613
64155,SPEEDWAY #8228,"I-85, EXIT 191 & SR-56",Creedmoor,NC,205,3.999,Creedmoor,NC,36.112433,-78.647587
64156,SPEEDWAY #6985,"I-40, EXIT 312 & SR-42",Garner,NC,177,3.499,Garner,NC,35.681254,-78.597527
64163,FILL GOOD BP #15,US-74,Monroe,NC,46,3.399,Monroe,NC,35.017775,-80.53723
64167,NORTH LONDONDERRY SUNOCO,"I-93, EXIT 5",Londonderry,NH,125,3.939,Londonderry,NH,42.865555,-71.37719
64170,LUCKY 7,"I-95, EXIT 61",Wade,NC,205,2.999,Wade,NC,35.160559,-78.724929
64171,CIRCLE K #2723130,"I-40, EXIT 364",Warsaw,NC,245,2.87566666,Warsaw,NC,34.99818,-78.086739
64172,CUBBYS #108,"I-80, EXIT 420 & SR-63",Greenwood,NE,319,3.399,Greenwood,NE,40.97064,-96.42584
64173,SAPP BROS TRAVEL CENTER,"I-80, EXIT 405",Lincoln,NE,413,3.36566666,Lincoln,NE,40.8169,-96.7103
64181,SUNOCO- JOYCE KILMER PLAZA #7012,"NJTP,EXIT 8A",East Brunswick,NJ,115,3.899,East Brunswick,NJ,40.428395,-74.406381
64182,SUNOCO- VINCE LOMBARDI SERVICE AREA #7017,"NJ TURNPIKE, EXIT 18",Ridgefield,NJ,115,3.899,Ridgefield,NJ,40.832568,-74.001531
64183,SUNOCO- THOMAS EDISON PLAZA #7013,"NJTP, EXIT 11",Woodbridge,NJ,79,3.899,Woodbridge,NJ,40.555973,-74.284542
64187,SPEEDWAY #9117,"I-25, EXIT 339",Las Vegas,NM,580,3.18566666,Las Vegas,NM,35.594862,-105.227162
64189,CIRCLE K #2708931,"I-10, EXIT 155",Tucumcari,NM,585,3.259,Tucumcari,NM,35.168003,-103.717935
64195,DANDY MINI MART #14,"I-86, EXIT 62",Nichols,NY,32,3.439,Nichols,NY,42.031961,-76.361039
64201,POCO SHOP #2,"I-95, EXIT 31",Saint Pauls                             ,NC,205,3.799,Saint Pauls,NC,34.800962,-78.973077
64206,SUNOCO WOODROW WILSON PLAZA #7010,"NJTP, EXIT 7",Trenton,NJ,150,3.899,Trenton,NJ,40.2169,-74.7433
64210,FUEL 1,"I-287, EXIT 4",South Plainfield,NJ,79,4.799,South Plainfield,NJ,40.583884,-74.414695
64211,PILOT #490/WESTERN PETROLEUM,US-180,Carlsbad                                ,NM,593,3.729,Carlsbad,NM,32.411867,-104.239539
64215,STRIPES 7FLEET #42588,US-380 & SR-206,Tatum,NM,700,3.66233333,Tatum,NM,33.260018,-103.314
64216,DANDY MINI MART #31,SR-13 & SR-224,Cayuta,NY,190,4.399,Cayuta,NY,42.277445,-76.697367
64218,PILOT TRAVEL CENTERS #494,"I-88, EXIT 25",Schenectady,NY,12,3.999,Schenectady,NY,42.8155,-73.9395
64221,BELL STORES #49,"I-76E, EXIT 25B",Akron,OH,249,3.499,Akron,OH,41.044852,-81.520048
64223,7-ELEVEN #40295,"I-80, EXIT 170",Broadview Heights,OH,249,3.52733333,Broadview Heights,OH,41.32907,-81.680879
64224,7-ELEVEN #40296,SR-176,Broadview Heights,OH,249,3.53233333,Broadview Heights,OH,41.32907,-81.680879
64227,GO MART FOOD STORE #116,US-50 & SR-7,Coolville                               ,OH,430,3.35733333,Coolville,OH,39.214131,-81.832867
64229,SPEEDWAY #9385,"I-70, EXIT 129",Hebron,OH,315,3.369,Hebron,OH,39.953464,-82.491868
64230,Certified Oil #400423,I-70 EXIT 126,Hebron,OH,315,3.39566666,Hebron,OH,39.953464,-82.491868
64231,7-ELEVEN #40293,"OHIO TURNPIKE EB MILEPOST 139/I-80, EXIT 139",Amherst,OH,249,3.53233333,Amherst,OH,41.390506,-82.228165
64233,74 FUEL STOP,"I-74, EXIT 3",Harrison,OH,300,3.859,Harrison,OH,39.259208,-84.78368
64235,PENNZMART FUEL EXPRESS,ST 100,Tiffin                                  ,OH,411,3.4315,Tiffin,OH,41.123822,-83.184356
64236,KFC TRAVELMART,SR-199,Upper Sandusky,OH,411,3.249,Upper Sandusky,OH,40.824876,-83.297711
64243,Caseys #4519,US-62,Altus,OK,483,3.00566666,Altus,OK,34.648406,-99.320483
64244,CHOCTAW NATION DURANT WEST #632,US-69/US-75,Calera,OK,253,3.089,Calera,OK,33.928872,-96.410205
64256,CHEROKEE TRAVEL PLAZA,"I-40, EXIT 325",Roland,OK,645,3.799,Roland,OK,35.453811,-94.529085
64261,Phillips 66,US-75/SR-56,Okmulgee                                ,OK,560,2.989,Okmulgee,OK,35.628805,-95.96967
64264,CASEYS #4594,US-81 & US-70,Waurika,OK,253,3.07733333,Waurika,OK,34.174466,-97.997346
64265,ASAP GENERAL STORE #101,"I-40, EXIT 84 & US-54",Weatherford,OK,483,3.13233333,Weatherford,OK,35.535046,-98.699603
64270,PENN JERSEY DIESEL & TRAILER,"I-95, EXIT 37",Bensalem,PA,160,4.199,Bensalem,PA,40.110881,-74.937753
64274,RUTTERS #53,"I-83, EXIT 32 & SR-382",Etters,PA,70,3.999,Etters,PA,40.154506,-76.801861
64275,7-ELEVEN #40279,I-276 & US-202 (KING OF PRUSSIA SERVICE PLAZA WB),King Of Prussia,PA,160,3.884,King Of Prussia,PA,40.1024,-75.4785
64282,ONVO TRAVEL PLAZA - HICKORY RUN,"I-80, EXIT 274",White Haven,PA,200,3.58566666,White Haven,PA,41.079049,-75.771492
64285,PILOT #4566,"I-85, EXIT 106",Blacksburg,SC,46,3.429,Blacksburg,SC,35.115047,-81.508004
64287,CIRCLE K #2703099,"I-20, EXIT 33",Batesburg,SC,135,3.08566666,Batesburg,SC,33.938595,-81.548988
64288,PILOT #4581,"I-20, EXIT 116",Bishopville,SC,135,3.43233333,Bishopville,SC,34.224101,-80.274988
64294,HOT SPOT #6004,"I-26, EXIT 28",Enoree,SC,210,3.099,Enoree,SC,34.670952,-81.92373
64298,CORNER MART #354,"I-26, EXIT 72",Newberry                                ,SC,30,3.299,Newberry,SC,34.284661,-81.615741
64299,CIRCLE K #2720881,US-17 & SR-165,Ravenel,SC,42,3.439,Ravenel,SC,32.788088,-80.222346
64300,CIRCLE K #2723416,"I-26, EXIT 28",Roebuck,SC,210,3.08233333,Roebuck,SC,34.8688,-81.95255
64301,HILLVIEW TRUCK STOP,"I-20, EXIT 39",Leesville                               ,SC,135,3.059,Leesville,SC,33.913169,-81.459753
64307,CIRCLE K #2723876,US-17 & SR-64,Round O,SC,42,3.37233333,Round O,SC,32.940516,-80.573882
64309,CIRCLE K #2723272,"I-26, EXIT 119",West Columbia,SC,135,3.54566666,West Columbia,SC,33.995024,-81.088836
64310,Palmetto Roads #308,"I-95, EXIT 77                 ",Saint George                            ,SC,42,3.009,Saint George,SC,33.184532,-80.573246
64313,CUBBYS #403,"I-29, EXIT 79",Sioux Falls                             ,SD,530,3.06566666,Sioux Falls,SD,43.488,-96.7343
64314,JAKES CORNER,US-81 & SR-34,Winfred                                 ,SD,530,3.049,Winfred,SD,43.959511,-97.309266
64336,LOVES TRAVEL STOPS #345,I-90/I-94 EXIT 48 ,Tomah,WI,450,3.289,Tomah,WI,43.994833,-90.491704
64337,GRAVES TRUCK STOP,"I-20, EXIT 59",Carthage,TX,618,2.999,Carthage,TX,32.154379,-94.352721
64343,Allsup's Marketplace #2411,US-67,Hawley,TX,575,2.889,Hawley,TX,32.594965,-99.795994
64347,PILOT TRAVEL CENTERS #256,"US-58 & US-29, SE QUAD",Danville,VA,65,4.009,Danville,VA,36.621789,-79.412441
64350,STRIPES #40811,"I-37, EXIT 55",George West,TX,625,3.01566666,George West,TX,28.320388,-98.116159
64352,CHEVRON #383461,"I-10, EXIT 259",Fort Stockton,TX,710,3.029,Fort Stockton,TX,30.890785,-102.879942
64355,CEFCO #34,US-281 & SR-38,Hamilton,TX,765,3.029,Hamilton,TX,31.678116,-98.113051
64360,CIRCLE K #2706983,"I-37, EXIT 36 & SR-359",Mathis,TX,625,3.019,Mathis,TX,28.080208,-97.809659
64374,CEFCO #2001,US-287 & FM-369,Iowa Park,TX,770,2.864,Iowa Park,TX,33.94235,-98.674497
64382,KOSSE COUNTRY STORE,SR-7 & SR-14,Kosse                                   ,TX,765,3.11566666,Kosse,TX,31.314704,-96.619475
64390,TXB #71 DBA KWIK CHEK FOOD STORES,"I-20, EXIT 136",Midland                                 ,TX,710,3.079,Midland,TX,31.989636,-102.06261
64393,TEX-BEST #505,"I-35, EXIT 183",New Braunfels,TX,740,2.80566666,New Braunfels,TX,29.694733,-98.113041
64399,LOVES TRAVEL STOPS #247,US-287 & SR-256,Memphis,TX,585,3.789,Memphis,TX,34.712237,-100.534653
64406,Main Street Market,SR-84 & FM-73,Prairie Hill,TX,765,2.899,Prairie Hill,TX,31.659097,-96.809381
64407,CIRCLE K #2741527,US-281,Premont,TX,625,2.999,Premont,TX,27.354444,-98.133018
64408,QUIKTRIP #4058,"I-37, EXIT 125 & SR-1604",San Antonio,TX,740,2.96566666,San Antonio,TX,29.468525,-98.526352
64409,LONE STAR TRAVEL CENTER,"I-35, EXIT 147",San Antonio                             ,TX,740,3.059,San Antonio,TX,29.468525,-98.526352
64420,Valero,US-59 & AT ST-87,Timpson                                 ,TX,766,3.059,Timpson,TX,31.884089,-94.396733
64421,TXB #17 DBA KWIK CHEK FOOD STORES,SR-121,Trenton,TX,630,3.299,Trenton,TX,33.423491,-96.339754
64422,Chevron,"I-10, EXIT 858",Vidor,TX,610,2.749,Vidor,TX,30.15018,-94.000779
64423,PILOT #568,"I-35, EXIT 140",Von Ormy,TX,740,3.21066666,Von Ormy,TX,29.274979,-98.667741
64430,GOLDEN SPIKE TRAVEL PLAZA,"I-15, EXIT 382",Tremonton,UT,835,3.599,Tremonton,UT,41.701564,-112.181293
64431,RJS  FUEL STOP,"I-15, EXIT 40",Tremonton,UT,835,3.459,Tremonton,UT,41.701564,-112.181293
64435,SPEEDWAY #4632,US-360/US-58 & SR-1224,Danville,VA,65,4.059,Danville,VA,36.621789,-79.412441
64436,MS 58 PLAZA,"I-95, EXIT 11",Emporia                                 ,VA,180,3.18233333,Emporia,VA,36.685689,-77.562953
64438,PILOT TRAVEL CENTER #4622,US-58,South Boston,VA,65,4.009,South Boston,VA,36.696335,-78.918829
64441,MILLER MART #55,US-460 & US-58/US-13,Suffolk,VA,130,3.09233333,Suffolk,VA,36.866823,-76.559811
64442,PILOT TRUCK STOP #583,"I-5, EXIT 262",Ferndale,WA,850,4.559,Ferndale,WA,48.862531,-122.595293
64445,KWIK TRIP #413,SR-93 & SR-95,Arcadia,WI,295,3.31566666,Arcadia,WI,44.253937,-91.480453
64446,SPEEDWAY #4293,"I-90 & I-43, EXIT 185A",Beloit,WI,448,3.799,Beloit,WI,42.522871,-89.039897
64447,KWIK TRIP #621,"SR-29/SR-55, EXIT 234 & SR-47/SR-117",Bonduel,WI,582,3.45733333,Bonduel,WI,44.73794,-88.439026
64451,ROYAL FARMS #79,ST 13,New Church                              ,VA,194,3.339,New Church,VA,37.952527,-75.511188
64455,SPEEDWAY #4648,SR-254,Waynesboro,VA,180,3.959,Waynesboro,VA,38.077412,-78.903461
64463,KWIK TRIP #202,"I-39/US-51, EXIT 151 & SR-54",Plover,WI,395,3.26566666,Plover,WI,44.450673,-89.542805
64474,SIGNAL FOOD STORE #108,US-60,Mountain View,MO,535,3.03233333,Mountain View,MO,36.989197,-91.709937
64477,PILOT #1063,"I-40, EXIT 81",Marion,NC,210,3.759,Marion,NC,35.681916,-82.017993
64478,PILOT TRAVEL CENTERS #141,"I-80, EXIT 6",Evanston,WY,835,3.699,Evanston,WY,41.260947,-110.963067
64479,YESWAY #1148,"US-30, EXIT 186",Marshalltown,IA,320,3.24566666,Marshalltown,IA,42.040482,-92.91269
64480,TA Garden City,US-83 & US-400,Garden City,KS,525,3.73066666,Garden City,KS,37.97693,-100.862088
64481,LOVES TRAVEL STOP #282,"I-44, EXIT 4 & SR-43",Joplin,MO,277,3.39733333,Joplin,MO,37.096858,-94.505144
64482,LOVES TRAVEL STOP #208,"I-55, EXIT 119 & SR-22",Canton,MS,655,3.489,Canton,MS,32.620543,-90.006079
64484,LOVES TRAVEL STOP #206,"I-10, EXIT 44 & SR-59",Loxley,AL,715,3.339,Loxley,AL,30.617964,-87.75624
64485,PILOT TRAVEL CENTERS #433,"I-20, EXIT 470",Dallas,TX,630,3.18233333,Dallas,TX,32.996848,-96.792113
64486,GREENWAY STORE #614,"I-85/SR-403, EXIT 61 & SR-74",Fairburn                                ,GA,18,3.199,Fairburn,GA,33.56482,-84.580857
64487,PILOT TRAVEL CENTERS #165,"I-57 & I-70, EXIT 162",Effingham                               ,IL,510,3.299,Effingham,IL,39.121727,-88.561105
64488,PILOT TRAVEL CENTERS #274,"I-10, EXIT 109",Breaux Bridge                           ,LA,600,3.14233333,Breaux Bridge,LA,30.274955,-91.905899
64490,QUICK FUEL #2201,"I-85, EXIT 36",Atlanta,GA,18,3.35233333,Atlanta,GA,33.749788,-84.31685
64491,QUICK FUEL #1803,I-80/I-294 & SR-1,South Holland,IL,290,3.829,South Holland,IL,41.597916,-87.593814
64492,QUICK FUEL #2103,"I-70, EXIT 89",Indianapolis,IN,375,3.309,Indianapolis,IN,39.938417,-86.13894
64493,QUICK FUEL #2801,"I-435, EXIT 1-A AT MILE 1",Lenexa,KS,400,3.369,Lenexa,KS,38.963028,-94.739947
64494,QUICK FUEL #1704,I-75 EXIT 42 AT MILE 42,Lincoln Park,MI,325,3.619,Lincoln Park,MI,42.242211,-83.180688
64495,QUICK FUEL #1702,"I-96, EXIT 173",Livonia,MI,325,3.799,Livonia,MI,42.361503,-83.36494
64496,QUICK FUEL #1703,"I-94, EXIT 199-A",Romulus,MI,325,3.519,Romulus,MI,42.220304,-83.358288
64498,QUICK FUEL #1705,SR-53,Warren,MI,325,3.749,Warren,MI,42.5159,-82.9824
64499,QUICK FUEL #2401,"I-71, EXIT 234",Bridgeton,MO,540,3.094,Bridgeton,MO,38.750627,-90.416101
64500,QUICK FUEL #2402,"I-435, EXIT 57",Kansas City,MO,400,3.29233333,Kansas City,MO,39.163189,-94.569882
64501,QUICK FUEL #2602,"I-85, EXIT 40",Charlotte,NC,46,3.39566666,Charlotte,NC,35.2269,-80.8433
64502,QUICK FUEL #2305,"I-270, EXIT 10",Columbus,OH,315,3.63066666,Columbus,OH,40.1444,-82.9789
64503,QUICK FUEL #2304,"I-75, EXIT 210",Toledo,OH,550,3.60066666,Toledo,OH,41.642,-83.5438
64508,QUICK FUEL #1150,US-51 & SR-30,Madison,WI,420,3.57566666,Madison,WI,43.073,-89.3817
64509,QUICK FUEL #1002,"I-94, EXIT 319",Milwaukee,WI,444,3.74066666,Milwaukee,WI,43.0343,-87.9151
64511,QUICK FUEL #1010,SR-100,Milwaukee,WI,444,3.779,Milwaukee,WI,43.0343,-87.9151
64512,QUICK FUEL #1001,"I-94, EXIT 301",New Berlin,WI,444,3.499,New Berlin,WI,42.97397,-88.155274
64514,PILOT TRAVEL CENTERS #435,"I-10, EXIT 0",Anthony                                 ,TX,640,3.459,Anthony,TX,31.990718,-106.597625
64517,KWIK TRIP #696,"I-94, EXIT 19 & US-63",Baldwin,WI,451,3.574,Baldwin,WI,44.9657,-92.365498
64519,BLUE RIDGE TRAVEL PLAZA,"I-81 SOUTHBOUND, EXIT 155",Mountain Top,PA,200,3.649,Mountain Top,PA,41.134975,-75.937642
64520,LOVES TRAVEL STOP #222,"I-70/US-35, EXIT 149B & US/35/SR-38",Richmond,IN,375,3.949,Richmond,IN,39.83244,-84.893606
64521,CHOCTAW TRAVEL PLAZA #635,US-259/SR-3,Broken Bow,OK,560,2.999,Broken Bow,OK,34.026991,-94.762296
64523,SKY CITY TRAVEL CENTER,"I-40, EXIT 102 NORTH",Pueblo Of Acoma,NM,580,3.28066666,Pueblo Of Acoma,NM,34.900833,-107.586389
64525,PILOT TRAVEL CENTERS #3,"I-80, EXIT 223",Youngstown,OH,573,3.45233333,Youngstown,OH,41.0986,-80.6474
64526,PILOT TRAVEL CENTERS #53,"I-40, EXIT 143",Hurricane Mills,TN,460,3.17566666,Hurricane Mills,TN,35.974859,-87.767129
64527,PILOT TRAVEL CENTERS #50,"I-71, EXIT 28",Pendleton,KY,415,3.759,Pendleton,KY,38.480918,-85.317019
64528,Raceway #7007,SR-74 & SR-180,Shelby                                  ,NC,46,3.249,Shelby,NC,35.347075,-81.581573
64529,PILOT TRAVEL CENTERS #436,"I-40, EXIT 75",Amarillo,TX,585,3.26566666,Amarillo,TX,35.203238,-101.842052
64530,PILOT TRAVEL CENTERS #420,"I-20, EXIT 114",Madison,GA,16,3.859,Madison,GA,33.594681,-83.461781
64532,PILOT #4560,"I-75, EXIT 201",Jackson,GA,67,3.37566666,Jackson,GA,33.282006,-83.978391
64533,SHELL,US-287/US-81 & CR-718,Haslet,TX,637,2.89066666,Haslet,TX,32.955734,-97.337185
64534,CIRCLE K #4707045,"I-95, EXIT 32",Biddeford,ME,170,3.95733333,Biddeford,ME,43.483647,-70.471928
64535,FLYING J TRAVEL PLAZA #628,"I-85, EXIT 160",Carnesville,GA,16,3.20566666,Carnesville,GA,34.394723,-83.279209
64536,FLYING J TRAVEL PLAZA #640,"I-84, EXIT 173",Jerome,ID,785,3.90233333,Jerome,ID,42.71784,-114.501244
64537,FLYING J TRAVEL PLAZA #739,"I-35, EXIT 330B",Waco,TX,765,3.22066666,Waco,TX,31.552452,-97.139608
64538,PILOT TRAVEL CENTERS #445,"I-94, EXIT 22 & US-20",Chesterton,IN,365,3.799,Chesterton,IN,41.603949,-87.050196
64545,HOBO PANTRY #24,US-231 & SR-10,Brundidge                               ,AL,720,3.599,Brundidge,AL,31.701324,-85.817668
64546,GRUB MART #13,"I-59, EXIT 205 & US-411/SR-25/SR-68",Centre,AL,587,3.349,Centre,AL,34.111592,-85.609229
64554,FACKLER TEXACO TRUCK STOP,US-72 & CR-42,Fackler,AL,615,3.199,Fackler,AL,34.82589,-85.984648
64558,MR FUEL #1203,"I-20, EXIT 129",Meridian,MS,705,2.81233333,Meridian,MS,32.357441,-88.655973
64569,LOVES TRAVEL STOP #624,"I-65, EXIT 8B",Mobile,AL,715,3.20566666,Mobile,AL,30.6959,-88.0434
64571,PETRO STOPPING CENTER #331,"I-15, EXIT 54",Las Vegas,NV,910,3.734,Las Vegas,NV,36.172082,-115.122366
64572,CIRCLE K #2723730,US-43/SR-13/SR-69,Northport,AL,615,3.399,Northport,AL,33.2605,-87.5872
64578,MARATHON,US-431/SR-1,Phenix City,AL,50,3.249,Phenix City,AL,32.484,-85.0911
64581,SNEAD SHELL,US-278 & SR-75,Altoona                                 ,AL,587,3.109,Altoona,AL,34.042916,-86.350879
64592,LOVES TRAVEL STOP #368,"I-65, EXIT 208 & CR-28",Clanton,AL,720,3.33733333,Clanton,AL,32.835532,-86.642472
64595,PILOT TRAVEL CENTERS #425,"I-10, EXIT 192",Midway,FL,20,3.799,Midway,FL,30.495278,-84.454444
64599,PONY EXPRESS TRAVEL PLAZA #6,"US-167/US-67, EXIT16 & SR-5",Cabot,AR,695,3.499,Cabot,AR,34.945724,-92.031771
64600,Caseys #4552,"I-40, EXIT 57",Clarksville,AR,645,3.244,Clarksville,AR,35.490763,-93.491056
64610,KINGS RIVER COUNTRY STORE,US-412,Huntsville,AR,735,3.26566666,Huntsville,AR,36.104348,-93.727893
64617,SHELL,"I-55, EXIT 48",Osceola,AR,435,2.999,Osceola,AR,35.701864,-89.979764
64647,HOOKS,I-16 EXIT 16,East Dublin,GA,85,3.399,East Dublin,GA,32.5475,-82.868333
64648,QUICK FUEL #2203,"I-20, EXIT 14",Atlanta,GA,18,3.319,Atlanta,GA,33.749788,-84.31685
64651,QUICK FUEL #2101,I-465,Indianapolis,IN,375,3.869,Indianapolis,IN,39.938417,-86.13894
64654,Fast Stop,"I-10, EXIT 177",Saint Gabriel                           ,LA,600,3.699,Saint Gabriel,LA,30.279873,-91.09162
64655,ONE9 #7937,"I-85/I-40, EXIT 132",Mc Leansville,NC,65,3.399,Mc Leansville,NC,36.116291,-79.668388
64656,QUICK FUEL #2601,SR-27,Charlotte,NC,46,3.51233333,Charlotte,NC,35.2269,-80.8433
64660,QUICK FUEL #1005,SR-59 & SR-164,Waukesha,WI,444,3.623,Waukesha,WI,42.999304,-88.219559
64662,QUICK FUEL #1011,"I-94, EXIT 100",Milwaukee,WI,444,3.52066666,Milwaukee,WI,43.0343,-87.9151
64664,CIRCLE K #4701424,"I-74, EXIT 102",Morton,IL,280,3.599,Morton,IL,40.614771,-89.460445
64671,FLYING J TRAVEL PLAZA #756,"I-94, EXIT 116 & CR-A",Black River Falls,WI,450,3.38233333,Black River Falls,WI,44.292101,-90.847952
64672,FLYING J TRAVEL PLAZA #655,"I-70, EXIT 123 & SR-3",Spiceland,IN,375,3.959,Spiceland,IN,39.827078,-85.445043
64673,WESTVILLE TRUCKSTOP,US-6/US-421,Westville                               ,IN,365,3.58566666,Westville,IN,41.536516,-86.901317
64674,ZANCO SHELL,"I-395, EXIT 87",Plainfield                              ,CT,175,4.399,Plainfield,CT,41.67753,-71.921968
64675,Petro Mart #45,"I-70/US-40, EXIT 148 & US-54",Kingdom City,MO,392,2.939,Kingdom City,MO,38.95508,-91.952008
64676,PILOT TRAVEL CENTERS #460,"I-40, EXIT 140",Oklahoma City,OK,483,3.309,Oklahoma City,OK,35.3337,-97.4922
64677,MOUNT VERNON FUEL CENTER,"I-75, EXIT 59 & US-25",Mount Vernon,KY,410,2.999,Mount Vernon,KY,37.336609,-84.354882
64678,AINSWORTH FOUR CORNERS,US-218/SR-27 & SR-92,Ainsworth,IA,380,3.109,Ainsworth,IA,41.320226,-91.547173
64679,PILOT TRAVEL CENTERS #118,I-30 EXIT 121,Benton,AR,695,3.199,Benton,AR,34.580087,-92.595241
64681,PILOT TRAVEL CENTER #458,"I-10, EXIT 208",Eloy,AZ,930,3.439,Eloy,AZ,32.750929,-111.583275
64682,FLYING J TRAVEL PLAZA #705,"I-40, EXIT 20 & US-283",Sayre,OK,483,3.18233333,Sayre,OK,35.304722,-99.642928
64683,QUIKTRIP #777,"I-20, EXIT 49",Atlanta,GA,18,2.97233333,Atlanta,GA,33.749788,-84.31685
64684,MR FUEL #721,"I-465, EXIT 4 & SR 37",Indianapolis,IN,375,3.319,Indianapolis,IN,39.938417,-86.13894
64687,PILOT TRAVEL CENTER #421,"I-75, EXIT 326",Dalton,GA,285,3.28566666,Dalton,GA,34.7697,-84.9702
64706,CIRCLE K #2721571,"I-65, EXIT 69",Brewton,AL,715,3.399,Brewton,AL,31.118926,-87.067325
64712,SUNSTOP #650,US-431 & SR-210,Dothan,AL,20,3.41233333,Dothan,AL,31.202888,-85.418036
64713,GOOD TO GO,"I-65, EXIT 200",Enterprise                              ,AL,20,3.599,Enterprise,AL,31.340789,-85.842111
64715,CIRCLE K #2709067,US-31/SR-6,Prattville,AL,720,3.499,Prattville,AL,32.478695,-86.42997
64718,CUZZS,US-43/SR-13,Thomasville,AL,720,3.53233333,Thomasville,AL,31.906728,-87.759842
64719,CIRCLE K #2706697,"I-85, EXIT 77",Valley,AL,720,3.399,Valley,AL,32.811349,-85.174911
64721,FLASH MARKET #17049,"I-40/US-63, EXIT 216 & US-49/SR-17",Brinkley,AR,695,3.179,Brinkley,AR,34.878124,-91.188596
64723,CASHS #4470,US-65,Dumas,AR,655,3.209,Dumas,AR,33.892102,-91.486056
64724,TOBOS TRAVEL CENTER,"I-540, EXIT 58",Fayetteville                            ,AR,735,3.349,Fayetteville,AR,36.052045,-94.153395
64755,PILOT TRAVEL CENTERS #44,"I-70, EXIT 101",Boonville,MO,310,3.519,Boonville,MO,38.95364,-92.744973
64764,CORNER MARKET #62,SR-13/SR-789 & SR-64,Meeker,CO,800,3.729,Meeker,CO,40.038726,-107.892498
64765,CENEX,"I-76, EXIT 125",Sterling,CO,800,3.41566666,Sterling,CO,40.63062,-103.221183
64773,Sun Gas,US-301,Middletown,DE,243,2.999,Middletown,DE,39.481535,-75.683183
64775,SHORE STOP #287,US-13,New Castle,DE,243,3.289,New Castle,DE,39.67703,-75.589938
64777,4 POINTS MARKET,US-441/SR-7 & SR-804,Boynton Beach,FL,95,3.229,Boynton Beach,FL,26.525,-80.0666
64778,SUNSTOP #347,US-27,Branford,FL,75,3.699,Branford,FL,29.939472,-82.899288
64779,SPEEDWAY #6530,US-50,Brooksville,FL,225,3.38233333,Brooksville,FL,28.565805,-82.373674
64789,KROME EXXON,SR-997 & SR-994,Miami,FL,95,3.399,Miami,FL,25.779,-80.1982
64793,CIRCLE K #2721297,US-301,Middleburg,FL,75,3.399,Middleburg,FL,30.068611,-81.860556
64795,QUICK FUEL #5101,"I-4, EXIT 79",Orlando,FL,140,3.36233333,Orlando,FL,28.498821,-80.58248
64798,RIVIERA TRUCKSTOP,SR-710,West Palm Beach,FL,95,3.779,West Palm Beach,FL,26.713956,-80.065874
64803,MARATHON,"I-4, EXIT 3",Tampa,FL,225,3.42233333,Tampa,FL,28.0879,-82.4593
64804,SPEEDLANE,US-301 &SR-574,Tampa,FL,225,3.449,Tampa,FL,28.0879,-82.4593
64811,SUNSTOP #819,US-19,Americus,GA,15,3.699,Americus,GA,32.0881,-84.2362
64815,BUENA VISTA GAS N GO,SR-26 & SR-41,Buena Vista,GA,10,3.299,Buena Vista,GA,32.354198,-84.527347
64819,CIRCLE K #4174,"I-285/SR-407, EXIT 53 & US-23/SR-42",Conley,GA,18,3.999,Conley,GA,33.644722,-84.325833
64820,Mr Pips,US-84/SR-38,Donalsonville,GA,20,3.199,Donalsonville,GA,31.040278,-84.879167
64825,EXIT 10 AUTO AND TRUCK STOP,"I-185/SR-411, EXIT 19 & SR-315",Fortson                                 ,GA,50,3.399,Fortson,GA,32.628841,-85.001654
64831,CIRCLE K #2745072,US-341,Lumber City,GA,195,3.529,Lumber City,GA,31.925124,-82.707312
64833,QWICKSERV,US-319 BUS & SR-133/SR-35/SR-33,Moultrie,GA,20,3.599,Moultrie,GA,31.179244,-83.764089
64834,SUSIE Q #90,US-319 & SR-33,Moultrie,GA,10,3.799,Moultrie,GA,31.179244,-83.764089
64840,BP,US-278/SR-6 & SR-101,Rockmart,GA,18,3.599,Rockmart,GA,33.997912,-85.05937
64842,Circle K #2745128,US-301 & US-25,Statesboro,GA,195,3.199,Statesboro,GA,32.440841,-81.773956
64843,A TO Z TRUCKSTOP,US-301/US-25/SR-73,Statesboro,GA,195,3.599,Statesboro,GA,32.440841,-81.773956
64850,SHAKE RAG EXPRESS,US-1 & US-78,Wadley,GA,135,3.41566666,Wadley,GA,32.874742,-82.402459
64856,KUM & GO #1056,"I-35, EXIT 56",Bevington,IA,320,3.099,Bevington,IA,41.371763,-93.812865
64857,CHARITON FOOD SHOP,US-34,Chariton,IA,320,3.369,Chariton,IA,41.022638,-93.30419
64859,QUICK FUEL #2901,"I-35/I-80, EXIT 136",Des Moines,IA,320,3.13733333,Des Moines,IA,41.6005,-93.6088
64860,BP TRUCK PLAZA,US-61/US-151,Dubuque                                 ,IA,335,3.489,Dubuque,IA,42.514977,-90.681914
64862,218 FUEL EXPRESS,US-218 & US-18,Floyd,IA,433,3.489,Floyd,IA,43.143049,-92.723988
64863,FT MADISON FAST BREAK,US-61,Fort Madison,IA,345,3.399,Fort Madison,IA,40.633008,-91.339829
64868,MEDIAPOLIS FAST BREAK,US-61,Mediapolis,IA,345,3.349,Mediapolis,IA,41.005932,-91.132142
64871,STEWART ROAD FAST BREAK,CR-X61,Muscatine                               ,IA,270,3.299,Muscatine,IA,41.430378,-91.050928
64873,CUBBYS #2301,"I-29, EXIT 112",Onawa,IA,319,3.149,Onawa,IA,42.036967,-96.107213
64874,OSCEOLA TRAVEL PLAZA,"I-25, EXIT 33 & US-34",Osceola,IA,320,3.31233333,Osceola,IA,41.029503,-93.771236
64875,CASEYS #2598,"SR-163, EXIT 42",Pella,IA,320,3.199,Pella,IA,41.408175,-92.917207
64876,PILOT #238,"I-29, EXIT 10",Percival,IA,319,3.799,Percival,IA,40.740148,-95.809307
64877,CASEYS #3900,"US-218, EXIT 80 & SR-22",Riverside,IA,380,3.17066666,Riverside,IA,41.475792,-91.57414
64880,CASEYS #2487,US-71/SR-9,Spirit Lake,IA,440,3.38233333,Spirit Lake,IA,43.426211,-95.112336
64881,SPARKYS ONE STOP #16,US-71 & SR-3,Storm Lake                              ,IA,527,3.23233333,Storm Lake,IA,42.64738,-95.196079
64883,KUM & GO #1046,"I-80, EXIT 46 & CR-M47",Walnut,IA,486,3.109,Walnut,IA,41.462329,-95.217973
64884,SAPP BROS TRAVEL CENTER,US-61 & SR-78,Sioux City,IA,527,3.649,Sioux City,IA,42.497223,-96.40292
64886,WEVER JUNCTION,US-61 & CR-X50,Wever,IA,345,3.399,Wever,IA,40.706652,-91.226767
64887,COUNCIL FOOD AND FUEL,US-95,Council,ID,785,3.589,Council,ID,44.762754,-116.451833
64888,NOMNOM #21,US-95 & SR-13,Grangeville,ID,970,3.90733333,Grangeville,ID,45.927239,-116.107639
64892,JACKSONS FOOD STORE #3,US-95,Wilder,ID,785,3.579,Wilder,ID,43.657851,-116.912199
64894,CIRCLE K #4701251,"I-55, EXIT 160B & SR-9",Bloomington,IL,280,3.399,Bloomington,IL,40.478295,-88.989318
64902,DOWNS TRAVEL MART,"I-74, EXIT 142",Downs,IL,368,3.499,Downs,IL,40.380858,-88.870814
64907,FREEDOM OIL #77,"I-74, EXIT 112 & SR-117",Goodfield                               ,IL,368,3.659,Goodfield,IL,40.629722,-89.274722
64913,Circle K #4701331,US-136 & US-67,Macomb,IL,345,3.499,Macomb,IL,40.461674,-90.678674
64914,Martinsville Food and Fuel,"I-70, EXIT 136",Martinsville,IL,510,3.489,Martinsville,IL,39.317443,-87.870737
64920,KWIK STAR #1530,"I-88/SR-110, EXIT 76 & SR-251",Rochelle,IL,520,3.499,Rochelle,IL,41.928156,-89.071035
64928,SPEEDWAY #1432,"I-294, EXIT 22",Willow Springs,IL,293,3.859,Willow Springs,IL,41.736416,-87.878588
64929,KARTAR TRUCK STOP,"I-74, EXIT 32 & SR-17",Woodhull,IL,270,3.599,Woodhull,IL,41.184887,-90.283282
64930,THORNDALE SHELL,"I-290, EXIT 5",Wood Dale,IL,290,3.459,Wood Dale,IL,41.960171,-87.980971
64933,MCCLURE OIL #66,US-33/US-27,Decatur,IN,370,3.699,Decatur,IN,40.827333,-84.931432
64938,FAMILY EXPRESS #41 (DISCOUNT AVAILABLE),US-52,Lafayette,IN,375,3.43233333,Lafayette,IN,40.417743,-86.888358
64939,FAMILY EXPRESS #27 (DISCOUNT AVAILABLE),US-421,Medaryville,IN,365,3.649,Medaryville,IN,41.089734,-86.880844
64946,MORNING STAR AUTO TRUCK PLAZA,"I-69, EXIT 334 & US-6",Waterloo                                ,IN,370,3.699,Waterloo,IN,41.440216,-85.022103
64949,PETES #36,US- 54 & US-169,Iola,KS,400,3.20566666,Iola,KS,37.928244,-95.402146
64950,CASEYS #2957,US-73 & US-36,Hiawatha,KS,400,3.15066666,Hiawatha,KS,39.871563,-95.528905
64952,AMPRIDE,US-160,Johnson                                 ,KS,525,3.399,Johnson,KS,37.569424,-101.719354
64961,SAC AND FOX TRUCK STOP,US-75,Powhattan,KS,553,2.984,Powhattan,KS,39.71769,-95.675111
64963,FLINT HILLS ONE STOP,US-50,Strong City,KS,553,2.919,Strong City,KS,38.41292,-96.517192
64964,U PUMP IT,US-83 & US-56,Sublette                                ,KS,525,3.679,Sublette,KS,37.522148,-100.820775
64969,ALLSTAR FOOD MART,SR-55,Campbellsville                          ,KY,415,3.159,Campbellsville,KY,37.346618,-85.350755
64980,DOUBLE KWIK MARKET #1044,SR-15/SR-7/SR-160,Isom                                    ,KY,255,3.749,Isom,KY,37.196027,-82.913348
64982,FAS MART #5260,SR-9 & US-68/US-62/SR-10,Maysville,KY,312,3.364,Maysville,KY,38.619716,-83.758858
64984,DOUBLE KWIK MARKET #1062,"I-75, EXIT 104",Nicholasville,KY,410,3.499,Nicholasville,KY,37.880556,-84.573056
64990,LAKE COUNTRY OUTDOORS,SR-127,Russell Springs,KY,410,3.199,Russell Springs,KY,37.056683,-85.042873
64994,E Z STOP,SR-555 & SR-9002,Willisburg,KY,410,3.379,Willisburg,KY,37.837333,-85.136187
64996,AVONDALE TRUCK STOP,SR-90,Westwego                                ,LA,725,3.449,Westwego,LA,29.914386,-90.181305
64998,CM BAYOU VISTA,US-90,Morgan City,LA,725,3.399,Morgan City,LA,29.723937,-91.116497
64999,I 220 TRAVEL PLAZA,"I-270, EXIT 17A & US-80/US-79",Bossier City,LA,766,2.99233333,Bossier City,LA,32.544924,-93.703826
65000,SILVERS TRAVEL CENTER,"I-10, EXIT 109",Breaux Bridge                           ,LA,690,3.369,Breaux Bridge,LA,30.274955,-91.905899
65002,FOOD N FUN #11,US-90 & SR-92-1,Broussard,LA,600,3.30233333,Broussard,LA,30.12189,-91.950171
65005,USA TRAVEL CENTER,"I-20, EXIT 103/US-80",Calhoun                                 ,LA,719,3.21566666,Calhoun,LA,32.524791,-92.329929
65006,GOLDMINE TRUCKSTOP,US-190,Eunice                                  ,LA,730,3.199,Eunice,LA,30.51158,-92.398474
65007,GOLDEN GROVE TRUCK PLAZA,SR-641 & SR-3125,Gramercy,LA,725,3.419,Gramercy,LA,30.052711,-90.690182
65008,BIG WHEELS TRAVEL CENTER,"US-90, EXIT 204 & SR-316",Gray,LA,725,3.499,Gray,LA,29.69034,-90.78071
65011,PLANTATION TRUCK PLAZA,SR-311 & SR-664,Houma,LA,725,3.11566666,Houma,LA,29.59433,-90.754808
65017,Y NOT STOP MANSURA,SR-1,Mansura,LA,730,3.399,Mansura,LA,31.061466,-92.054333
65019,Hwy 31 Truck Stop,SR 31,Saint Martinville                       ,LA,730,3.329,Saint Martinville,LA,30.208282,-91.825961
65021,OPELOUSAS 190 TRUCK STOP,US-190,Opelousas,LA,600,2.87066666,Opelousas,LA,30.51442,-92.089668
65022,CM RACELAND,SR-1,Raceland,LA,725,3.299,Raceland,LA,29.717835,-90.599908
65023,SHOP RITE #85,"I-10, EXIT 87 AT MILE 87",Rayne,LA,600,3.149,Rayne,LA,30.204508,-92.248592
65025,ELSIE AUTO AND TRUCK PLAZA,SR-1,Shreveport                              ,LA,766,2.949,Shreveport,LA,32.503743,-93.748696
65026,TA ST Rose #06480,US-61,Saint Rose,LA,725,3.22566666,Saint Rose,LA,29.958074,-90.312432
65027,STARKS TRUCK STOP,SR-12,Starks,LA,690,3.599,Starks,LA,30.308477,-93.661485
65030,CASH MAGIC THIBODAUX,SR-1,Thibodaux,LA,725,3.399,Thibodaux,LA,29.799213,-90.809605
65033,PILOT TRAVEL CENTERS #457,"I-75, EXIT 135",Beaverdam,OH,411,3.33066666,Beaverdam,OH,40.833333,-83.976667
65036,WAVERLY TRUCKSTOP,"I-20, EXIT 157 & SR-577",Delhi,LA,719,2.964,Delhi,LA,32.450433,-91.512487
65037,CIRCLE K #2707783,"I-20, EXIT 114 & SR-617",West Monroe,LA,719,2.95733333,West Monroe,LA,32.531726,-92.175971
65048,Irving,SR-2,Westminster,MA,34,3.749,Westminster,MA,42.545833,-71.911111
65059,ROYAL FARMS #111,"I-95, EXIT 57",Baltimore,MD,22,3.209,Baltimore,MD,39.17185,-76.648287
65062,AC & T BIG POOL,"I-70, EXIT 12 & SR-56",Big Pool,MD,70,3.659,Big Pool,MD,39.645685,-78.010449
65064,A C AND T SHARPSBURG PIKE,"I-70, EXIT 29A & SR-65",Hagerstown,MD,70,3.799,Hagerstown,MD,39.632022,-77.737215
65066,HURLOCK CITGO,SR-392 & SR-331,Hurlock                                 ,MD,194,3.259,Hurlock,MD,38.642826,-75.866254
65067,SUNOCO,US-301,Newburg,MD,60,3.379,Newburg,MD,38.329782,-76.917499
65069,CIRCLE K #4707056,"I-95, EXIT 75",Auburn,ME,170,3.899,Auburn,ME,44.094785,-70.238978
65074,CIRCLE K #4707004,"I-95, EXIT 244 & SR-157",Medway,ME,170,3.50233333,Medway,ME,45.60704,-68.522709
65075,CIRCLE K #4707017,"I-95, EXIT 48",Portland,ME,170,3.74233333,Portland,ME,43.660564,-70.258864
65083,SUNOCO,"I-75, EXIT 34B",Riverview                               ,MI,325,3.639,Riverview,MI,42.173299,-83.213094
65084,BEACON & BRIDGE #19,US-131 & SR-115,Cadillac,MI,260,3.239,Cadillac,MI,44.250447,-85.430046
65086,FRED MOORE BP,"I-94, EXIT 257",Casco                                   ,MI,325,4.099,Casco,MI,42.768056,-82.670278
65088,Circle K #2746528,US-41/SR-28 & SR-95,Champion,MI,360,3.819,Champion,MI,46.468497,-87.830587
65091,WYOMING FUEL PLAZA,"I-94, EXIT 210A",Dearborn,MI,325,3.599,Dearborn,MI,42.305295,-83.160488
65092,BP,"I-94 & US-12, EXIT 210",Dearborn,MI,325,3.199,Dearborn,MI,42.305295,-83.160488
65094,MARATHON,"I-75 & SR-32, EXIT 282",Gaylord                                 ,MI,287,3.799,Gaylord,MI,45.0275,-84.674722
65108,PICKLEMANS ONE STOP-ZEPHYR,ST 28,Newberry,MI,360,3.699,Newberry,MI,46.343763,-85.514951
65113,NORTHWIND TRAVEL CENTER,"US-131, EXIT 153 & US-10",Reed City,MI,456,3.499,Reed City,MI,43.886808,-85.513028
65121,BP TRAVEL CENTER AND TRUCK PLAZA,"I-275, EXIT 20",Belleville,MI,325,4.199,Belleville,MI,42.194858,-83.485425
65127,PITSTOP MOBIL MART,"I-196, EXIT 72",Wyoming,MI,456,3.549,Wyoming,MI,42.900867,-85.705775
65129,HOLIDAY STATIONSTORE #2746345,"I-94, EXIT 103/US-52 & SR-29",Alexandria,MN,250,3.499,Alexandria,MN,45.881747,-95.381994
65132,PETES PLACE SOUTH,US-71 & US-2,Bemidji,MN,355,3.41566666,Bemidji,MN,47.488071,-94.848809
65135,CIRCLE K #3819,SR-7,Clara City,MN,432,3.33233333,Clara City,MN,44.963912,-95.349902
65136,HOLIDAY STATIONSTORE #2746422,"I-35, EXIT 253B",Duluth,MN,334,3.499,Duluth,MN,47.094431,-91.846731
65141,KWIK TRIP #619,US-14 & ST-57,Kasson,MN,515,3.549,Kasson,MN,44.024029,-92.74642
65142,HOLIDAY STATIONSTORE #2746376,"I-35W, EXIT 36 & CR-23",Circle Pines,MN,448,3.549,Circle Pines,MN,45.152841,-93.143984
65153,7Fleet #46516,"I-75, EXIT 164",Waite Park,MN,250,3.459,Waite Park,MN,45.54972,-94.224481
65162,Petro Mart #15,I-270 EXIT 33,Saint Louis                             ,MO,540,2.904,Saint Louis,MO,38.642574,-90.324189
65165,AMERIMART # 11,US-61,Jackson,MO,275,3.299,Jackson,MO,37.387885,-89.651939
65171,SIGNAL FOOD STORE #110,US-60 & SR-5,Mansfield,MO,535,3.02566666,Mansfield,MO,37.1273,-92.593553
65177,KUM & GO #0497,US-60/SR-413 & CR-M,Republic,MO,535,3.079,Republic,MO,37.123017,-93.480041
65178,WILD BILLS TRAVEL CENTER,US-65 & SR-14,Ridgedale                               ,MO,535,3.199,Ridgedale,MO,36.524662,-93.277808
65180,TREX MART #11,"I-29, EXIT 65 & US-59",Savannah,MO,400,2.999,Savannah,MO,39.916774,-94.826733
65188,GAS MART,"US-78, EXIT 14 & SR-309",Byhalia,MS,435,2.97233333,Byhalia,MS,34.885351,-89.676332
65192,CIRCLE K #2723396,US-49,Collins,MS,620,3.879,Collins,MS,31.670712,-89.543809
65194,CIRCLE K #2723401,US-98 BYP/SR-44 & SR-13,Columbia,MS,620,3.33233333,Columbia,MS,31.255877,-89.799785
65197,SINGH PETRO,US-11,Ellisville                              ,MS,620,3.059,Ellisville,MS,31.579663,-89.223073
65198,CIRCLE K #2723437,US-49,Florence,MS,760,2.89566666,Florence,MS,32.153002,-90.121672
65204,SHELL GAS MART,US-82,Mathiston,MS,576,3.36566666,Mathiston,MS,33.541493,-89.127479
65212,Taters #2,US-98 & SR-29,New Augusta,MS,620,3.31566666,New Augusta,MS,31.130907,-89.028611
65213,CIRCLE K #2723390,US-98,New Augusta,MS,620,3.199,New Augusta,MS,31.130907,-89.028611
65214,NEWTON CROSSING,"I-20, EXIT 109 & SR-15",Newton,MS,705,3.249,Newton,MS,32.324448,-89.183951
65216,STUCKEYS EXPRESS,US-43S,Pelahatchie                             ,MS,760,3.199,Pelahatchie,MS,32.317994,-89.79135
65221,CEFCO #544,"I-55/US-51, EXIT 81",Terry,MS,760,2.899,Terry,MS,32.114683,-90.324143
65223,SHELL EXPRESS MART,SR-7 & SR-315,Water Valley,MS,435,3.06566666,Water Valley,MS,34.152466,-89.637986
65225,CIRCLE K #2723402,US-49,Wiggins,MS,620,3.509,Wiggins,MS,30.86095,-89.132369
65234,COUNTRY MART,US-13/SR-11,Bethel,NC,205,3.00733333,Bethel,NC,35.790885,-77.374765
65241,CIRCLE K #2723474,US-70,Goldsboro,NC,205,3.54066666,Goldsboro,NC,35.382585,-78.015813
65246,DOBBS PLACE,"I-95, EXIT 17",Lumberton                               ,NC,245,3.159,Lumberton,NC,34.629301,-79.008309
65250,CIRCLE K #2723473,US-70,Morehead City,NC,245,3.649,Morehead City,NC,34.72532,-76.753069
65251,SPEEDWAY #8277,US-17 & SR-43,New Bern,NC,245,3.26566666,New Bern,NC,35.101941,-77.031945
65252,SPEEDWAY #6964,SR-125 & SR-11/SR-42,Oak City,NC,205,3.19733333,Oak City,NC,35.959736,-77.300362
65267,CIRCLE K #2720939,"I-795/US-264, EXIT 43A & US-301",Wilson,NC,205,3.049,Wilson,NC,35.727022,-77.922733
65268,SPEEDWAY #6931,"I-40, EXIT 195 & SR-109",Winston Salem,NC,65,3.609,Winston Salem,NC,36.10237,-80.222798
65270,INTERSTATE CENEX,"I-94, EXIT 1 & SR-16",Beach,ND,273,3.499,Beach,ND,46.932381,-103.98429
65273,SIMONSON TRAVEL CENTER,"I-29, EXIT 141 & US-2",Grand Forks,ND,341,3.539,Grand Forks,ND,47.901041,-97.04463
65274,CENEX C STORE,US-2 & SR-3,Rugby                                   ,ND,452,3.399,Rugby,ND,48.317264,-99.998954
65282,HEBRON SINCLAIR,US-81,Hebron,NE,413,3.284,Hebron,NE,40.172807,-97.605228
65283,CUBBYS #2107,US-20/SR-15,Laurel,NE,470,3.139,Laurel,NE,42.427036,-97.087381
65284,Caseys #4526,"I-80, EXIT 237",Lexington,NE,330,3.05733333,Lexington,NE,40.785002,-99.751515
65287,AM ENERGY,"I-80, EXIT 248",Overton                                 ,NE,330,2.899,Overton,NE,40.751875,-99.527824
65289,SHOEMAKERS SOUTH,US-77,Roca,NE,413,3.349,Roca,NE,40.670195,-96.639085
65290,ESSENTIAL FUEL #3,ST 71,Scottsbluff,NE,475,3.599,Scottsbluff,NE,41.871975,-103.661914
65292,CUBBYS #117,SR-2 & SR-50,Syracuse                                ,NE,319,3.319,Syracuse,NE,40.661386,-96.182407
65293,TRAILS WEST SINCLAIR,US-34 & SR-25,Trenton,NE,475,3.499,Trenton,NE,40.168096,-101.020073
65294,PRIME STOP,ST 35                         ,Wayne                                   ,NE,470,3.244,Wayne,NE,42.230439,-97.018579
65296,CIRCLE K #4707214,"I-93, EXIT 12S & I-89 & SR-3A",Bow,NH,170,4.199,Bow,NH,43.138788,-71.544814
65299,EPPING FUELING CENTER,SR-27 & SR-125,Epping,NH,125,4.029,Epping,NH,43.041052,-71.076367
65308,SUNOCO,SR-17,East Rutherford                         ,NJ,115,3.19233333,East Rutherford,NJ,40.838527,-74.104069
65310,Edison Fuel Stop,US-1,Edison,NJ,115,3.159,Edison,NJ,40.517079,-74.397286
65314,Union 76,"I-55, EXIT 50A",Richwood,NJ,150,3.399,Richwood,NJ,39.7225,-75.165833
65315,SUNOCO- RICHARD STOCKTON PLAZA #7009,NJ TURNPIKE MILE POST 58.7 ,Trenton,NJ,115,3.899,Trenton,NJ,40.2169,-74.7433
65319,PHILLIPS 66,US-30,Clementon,NJ,150,3.199,Clementon,NJ,39.80703,-75.003997
65320,PILOT #891,"I-80, EXIT 27B",Ledgewood,NJ,105,4.099,Ledgewood,NJ,40.878028,-74.655405
65328,THIND TRAVEL PLAZA,SR-20,North Bergen                            ,NJ,115,3.259,North Bergen,NJ,40.793019,-74.017715
65329,UTE MOUNTAIN TRAVEL CENTER,US-160 & US-491,Towaoc                                  ,CO,810,3.45733333,Towaoc,CO,37.208408,-108.719993
65332,BETTY ROSS TRUCK STOP /BP,US-130 & SR-73,Pennsauken,NJ,150,3.329,Pennsauken,NJ,39.962742,-75.063446
65334,SUNOCO,US 22 WEST,Phillipsburg                            ,NJ,115,3.329,Phillipsburg,NJ,40.692819,-75.1741
65335,CONOCO,US-22,Phillipsburg,NJ,90,3.359,Phillipsburg,NJ,40.692819,-75.1741
65338,SWIFT FUEL STOP,"I-78, EXIT 13",Newark                                  ,NJ,115,3.879,Newark,NJ,40.7308,-74.1744
65339,US GAS & DIESEL,US-46,Ridgefield,NJ,115,3.229,Ridgefield,NJ,40.832568,-74.001531
65343,ENRITE,"I-287, EXIT 4",South Plainfield,NJ,115,3.999,South Plainfield,NJ,40.583884,-74.414695
65345,SOUTH BRUNSWICK VALERO,US-130,North Brunswick                         ,NJ,115,3.16566666,North Brunswick,NJ,40.453767,-74.482285
65350,Phillips 66,"I-295, EXIT 1",Vineland                                ,NJ,150,3.359,Vineland,NJ,39.48177,-75.009087
65351,RIGGINS TRUCK PLAZA,"I-55, EXIT 26",Vineland,NJ,150,3.269,Vineland,NJ,39.48177,-75.009087
65353,SUNOCO- GROVER CLEVELAND TRAVEL PLAZA #7014,"NORTH NJ TNPK, EXIT 11",Woodbridge,NJ,115,3.899,Woodbridge,NJ,40.555973,-74.284542
65359,ROAD RUNNER TRAVEL CENTER,"I-25, EXIT 156",Lemitar,NM,580,3.299,Lemitar,NM,34.155999,-106.904381
65360,Roswell #60,US-285,Roswell                                 ,NM,593,3.36566666,Roswell,NM,33.388504,-104.525857
65361,BLACK MESA TRAVEL CENTER,"I-25, EXIT 252",Algodones,NM,580,3.269,Algodones,NM,35.428527,-106.616589
65365,CHEVRON #381125,US-95,Hawthorne,NV,966,4.079,Hawthorne,NV,38.534658,-118.641143
65373,CHAMPLAIN PETERBILT FUEL MART,"I-87, EXIT 43",Champlain,NY,39,3.799,Champlain,NY,44.977292,-73.446603
65377,PETROL 9 W,US-9W,Glenmont,NY,12,3.699,Glenmont,NY,42.597147,-73.795884
65379,MIRABITO #74,"SR-79 N/I-88E, EXIT 6",Harpursville                            ,NY,12,4.659,Harpursville,NY,42.18232,-75.654538
65381,NATIVE PRIDE,"I-90, EXIT 58 & US-20",Irving,NY,38,2.899,Irving,NY,42.573866,-79.059634
65383,M AND M ALLEGANY JUNCTION,"I-86/SR-17, EXIT 23 & US-219/US-219 BUS",Limestone,NY,38,3.129,Limestone,NY,42.063945,-78.631979
65386,MIRABITO #73,"I-88, EXIT 12",Otego,NY,12,3.999,Otego,NY,42.41333,-75.207883
65387,MAPLEFIELDS,SR-22 & SR-442,Peru,NY,235,3.799,Peru,NY,44.585109,-73.529322
65392,CIRCLE K #4707622,"I-90, EXIT 41",Seneca Falls,NY,220,3.999,Seneca Falls,NY,42.909377,-76.792538
65395,BELLSTORES #132,US-30 & SR-60,Ashland,OH,249,3.499,Ashland,OH,40.855892,-82.318931
65398,QUICK FUEL #2306,"I-480, EXIT 12",Brookpark,OH,305,3.669,Brookpark,OH,40.37740765923863,-82.66069607428041
65400,NORTHSIDE FUEL STOP,US-30 & SR-19,Bucyrus,OH,411,3.50733333,Bucyrus,OH,40.810306,-82.969829
65406,MOBIL,"I-90/SR-2, EXIT 182B",Cleveland,OH,305,3.76566666,Cleveland,OH,41.4918,-81.6757
65411,CLARKS PUMP N SHOP #10,SR- 32,Jackson,OH,315,3.699,Jackson,OH,39.042821,-82.647209
65415,SPEEDWAY #9314,US-20 & SR-21,Massillon,OH,249,3.48233333,Massillon,OH,40.811605,-81.497263
65423,BARNEYS CONVENIENCE MART #15,"I-75, EXIT 195 & I-90, EXIT 64 & SR-795",Rossford,OH,550,3.599,Rossford,OH,41.604908,-83.563793
65426,CIRCLE K #4705357,US-23 & SR-316,Ashville,OH,315,3.089,Ashville,OH,39.731576,-82.944567
65431,QUICK MART AND MORE,US-22 & SR-43,Steubenville,OH,573,3.639,Steubenville,OH,40.370638,-80.66115
65441,HUTCH'S #103,SR-6 & SR-66,Elk City,OK,483,2.969,Elk City,OK,35.410359,-99.421086
65444,TXB #24 dba Kwik Chek Food Stores,US-70,Hugo,OK,253,2.969,Hugo,OK,34.011339,-95.513876
65445,QWIK CHEQUE,US-70 & SR-37,Idabel,OK,253,3.199,Idabel,OK,33.88512,-94.802012
65451,Petes #15,US-169 & SR-88,Oologah                                 ,OK,560,3.159,Oologah,OK,36.443723,-95.72901
65457,THACKERSVILLE TRAVEL PLAZA,"I-35, EXIT 1",Thackerville                            ,OK,253,2.93233333,Thackerville,OK,33.788167,-97.136349
65490,PILOT TRAVEL CENTER #422,"I-85, EXIT 41 & US-29",Newnan,GA,18,3.699,Newnan,GA,33.389404,-84.816952
65494,FLYING J TRAVEL PLAZA #633,"I-20, EXIT 138",Union Point,GA,135,3.859,Union Point,GA,33.634544,-83.087913
65513,GETGO #3602,"I-76, EXIT 146 & I-99, EXIT 1 & US-220",Bedford                                 ,PA,14,4.09233333,Bedford,PA,39.990838,-78.526071
65514,ONVO TRAVEL PLAZA,"I-78, EXIT 13 & SR- 501",Bethel,PA,70,3.34733333,Bethel,PA,40.480834,-76.274209
65518,KWIK FILL #239,ST 51,Crescent                                ,PA,165,3.799,Crescent,PA,40.5575,-80.230278
65521,RUTTERS #17,US-15 & SR-234,East Berlin,PA,70,4.294,East Berlin,PA,39.964546,-77.007252
65522,TURKEY HILL #950324,US-322 & SR-23/SR-897,East Earl,PA,208,3.78566666,East Earl,PA,40.139475,-76.027634
65523,SAC SHOP #512,US-30,Everett                                 ,PA,14,4.099,Everett,PA,40.009808,-78.371315
65524,SAC SHOP #514,I-76/I-70 & US-30,Everett                                 ,PA,14,4.099,Everett,PA,40.009808,-78.371315
65525,SHELL,"I-95, EXIT 46A & US-1",Fairless Hills,PA,160,3.899,Fairless Hills,PA,40.174822,-74.851923
65527,SUNOCO SERVICE STATION,"I-81, EXIT 5",Greencastle,PA,70,3.899,Greencastle,PA,39.781827,-77.746956
65530,7-ELEVEN #40284,"I-76, EXIT 19/247",Hershey,PA,70,3.96733333,Hershey,PA,40.263767,-76.654518
65532,PILOT TRAVEL CENTERS #1,"I-80,  EXIT 173",Mill Hall,PA,14,4.01566666,Mill Hall,PA,41.086688,-77.483609
65533,LIBERTY EXXON,US-15 & SR-414,Liberty,PA,138,3.699,Liberty,PA,41.565571,-77.119505
65537,SHEETZ #048,US-22,Nanty Glo,PA,14,3.51733333,Nanty Glo,PA,40.470435,-78.837504
65538,WELMART,"SR-28, EXIT 16",Natrona Heights                         ,PA,165,4.19233333,Natrona Heights,PA,40.628862,-79.725621
65549,T&C MINI MART,SR-33 & SR-191,Stockertown,PA,90,3.699,Stockertown,PA,40.753889,-75.2625
65552,A PLUS MINI MARKET,US-1 & SR-132,Feasterville Trevose                    ,PA,160,3.899,Feasterville Trevose,PA,40.151188,-74.983758
65556,RUTTERS #60,US-30 & SR-116,York,PA,70,4.249,York,PA,39.963539,-76.726887
65572,CIRCLE K #2705377,"I-20, EXIT 22 & US-1",Aiken,SC,135,3.129,Aiken,SC,33.553024,-81.719429
65573,SPEEDWAY/7fleet #4587,US-501,Aynor,SC,205,3.124,Aynor,SC,33.982271,-79.17773
65578,CIRCLE K #2723355,US-52,North Charleston,SC,42,3.399,North Charleston,SC,33.0562,-80.0759
65587,HOT SPOT #2022,US-25/US-76,Honea Path,SC,30,2.909,Honea Path,SC,34.441723,-82.425471
65588,SPEEDWAY #2836,US-17,Johns Island,SC,42,3.069,Johns Island,SC,32.709697,-80.094294
65593,CIRCLE K #2723441,"I-82, EXIT 73 & SR-773",Prosperity,SC,210,3.11566666,Prosperity,SC,34.183243,-81.532353
65594,PILOT #4567,I-77 EXIT 77,Rock Hill,SC,46,3.149,Rock Hill,SC,34.915068,-81.012904
65598,LEES QUICK STOP,US-52 & SR-45,Saint Stephen,SC,42,3.41566666,Saint Stephen,SC,33.405953,-79.937635
65603,JET TRUCK PLAZA,"I-29, EXIT 47",Beresford                               ,SD,530,3.159,Beresford,SD,43.087409,-96.781256
65604,SHELL,"I-29, EXIT 132",Huron                                   ,SD,455,3.359,Huron,SD,44.359022,-98.216293
65608,ZIP TRIP #81,"I-29, EXIT 62 & US-18",Lennox,SD,530,3.204,Lennox,SD,43.345066,-96.882061
65614,281 TRAVEL CENTER,US-281,Wolsey,SD,571,3.089,Wolsey,SD,44.399072,-98.474251
65622,QUICK STOP #34,US-11/SR-1,Bristol                                 ,TN,405,3.299,Bristol,TN,36.568643,-82.181864
65624,Sudden Service #61,SR-149 & SR-46,Cumberland City,TN,460,3.564,Cumberland City,TN,36.366924,-87.63494
65625,Chevron,US-64,Fayetteville,TN,460,3.754,Fayetteville,TN,35.152678,-86.566448
65629,CASEYS GOODSTOP #4036,"I-40, EXIT 355",Kingston,TN,405,3.164,Kingston,TN,35.852807,-84.497054
65639,SPEEDWAY #7138,"I-24, EXIT 70 & SR-102",Smyrna,TN,460,3.049,Smyrna,TN,35.965611,-86.504818
65641,ALLSUPS CONVENIENCE STORE #2331,I-20 & FM 600,Abilene,TX,575,2.87566666,Abilene,TX,32.468155,-99.718208
65652,CIRCLE K #2706343,"I-20, EXIT 428",Fort Worth,TX,630,2.969,Fort Worth,TX,32.7469,-97.3268
65659,ALLSUPS CONVENIENCE STORE #2169,US-287,Chillicothe,TX,770,2.89566666,Chillicothe,TX,34.243946,-99.515669
65666,FUEL CITY #2,"I-30, EXIT 45B/I-35E",Dallas,TX,630,2.96566666,Dallas,TX,32.996848,-96.792113
65667,ALLSUPS CONVENIENCE STORE #2103,US-287/US-81,Decatur,TX,630,2.899,Decatur,TX,33.235077,-97.573995
65671,SUPER STOP #22,SR-87 & SR-12,Orange,TX,610,3.439,Orange,TX,30.125167,-93.771883
65673,PILOT #894,US-57 & US-277,Eagle Pass,TX,693,3.899,Eagle Pass,TX,28.702786,-100.48176
65674,VALLEY MART #09,US-277,Eagle Pass,TX,740,3.199,Eagle Pass,TX,28.702786,-100.48176
65678,ONE9 #1300,US-287 & SR-34,Ennis,TX,630,2.869,Ennis,TX,32.332102,-96.622363
65683,ALLSUPS CONVENIENCE STORE #2225,US-60,Friona,TX,585,2.999,Friona,TX,34.640298,-102.719139
65686,CEFCO #2004,"I-35 , EXIT 499",Vernon,TX,770,2.86066666,Vernon,TX,34.149135,-99.30301
65690,CIRCLE G TRUCK STOP,US-183 & SR-97,Gonzales,TX,595,2.799,Gonzales,TX,29.50857,-97.449456
65691,CIRCLE K #2704037,US-90/SR-97 & US-183,Gonzales,TX,595,2.904,Gonzales,TX,29.50857,-97.449456
65721,Paradise RV & Truck Park,US-287/US-81,Alvord,TX,770,2.81566666,Alvord,TX,33.36982,-97.688488
65724,STRIPES 7FLEET #42427,US-385 & SR-191,Odessa,TX,710,3.289,Odessa,TX,31.8465,-102.3663
65728,RIVER MART,US-281/SR-241,Pharr,TX,639,3.349,Pharr,TX,26.177053,-98.187022
65738,CIRCLE K #2741499,SR-35 & FM-1069,Rockport,TX,625,2.80566666,Rockport,TX,28.020278,-97.054167
65755,CIRCLE K #2723373,US-11 & SR-622,Atkins,VA,185,3.349,Atkins,VA,36.866532,-81.404791
65759,XPRESS STOP,US-522 & SR-694,Cross Junction,VA,60,3.33233333,Cross Junction,VA,39.3762,-78.299724
65761,NEW DIXIE MART #15,US-58 & SR-671,Franklin,VA,180,3.099,Franklin,VA,36.678625,-76.939108
65762,7-ELEVEN #34516,"I-66, EXIT 6",Front Royal,VA,60,3.52566666,Front Royal,VA,38.926783,-78.179617
65764,LEESBURG CITGO,US-15,Leesburg,VA,60,3.499,Leesburg,VA,39.0867,-77.5775
65765,FOSTERS CONVENIENCE STORE,US-29 & SR-685,Rustburg,VA,185,3.599,Rustburg,VA,37.25454,-79.121507
65767,STATELINE FOOD MART #69,US-23,Pound,VA,44,3.599,Pound,VA,37.092734,-82.601555
65770,JOLLEY #136,"I-89, EXIT 21",Alburgh                                 ,VT,39,3.539,Alburgh,VT,44.968454,-73.280963
65771,CITGO,"I-91, EXIT 3 & US-5",Brattleboro,VT,12,3.67233333,Brattleboro,VT,42.857353,-72.593322
65789,BEAR CREEK CITGO,US-45 & SR-76/SR-22,Bear Creek,WI,360,3.439,Bear Creek,WI,44.5348,-88.740375
65791,EDGAR TRAVEL CENTER,SR-29 & CR-H,Edgar,WI,395,3.559,Edgar,WI,44.903831,-89.998029
65793,KWIK TRIP #921,SR-13 & SR-21,Friendship,WI,420,3.274,Friendship,WI,43.989629,-89.814875
65794,BP,"I-43, EXIT 180",Green Bay,WI,360,3.349,Green Bay,WI,44.485313,-88.016868
65796,ADDISON STATION,"I-41/US-41, EXIT 68 & CR-K",Hartford,WI,444,3.149,Hartford,WI,43.315749,-88.370727
65800,BP,US-45,Kewaskum,WI,444,3.219,Kewaskum,WI,43.521446,-88.19253
65804,KWIK TRIP #628,US-45,Larsen,WI,582,3.43233333,Larsen,WI,44.198421,-88.696305
65805,HI WAY HOP BP,"I-42/US-41, EXIT 85 & SR-67",Lomira,WI,444,3.099,Lomira,WI,43.588489,-88.441309
65806,SHELL,US-41 & SR-67,Lomira,WI,444,3.389,Lomira,WI,43.588489,-88.441309
65809,KWIK TRIP #399,SR-21 & SR-80,Necedah,WI,395,3.249,Necedah,WI,44.034481,-90.059976
65810,HIGHWAY HARRY'S,I-90/I-94 EXIT 61 & SR-80,New Lisbon,WI,420,3.17233333,New Lisbon,WI,43.88775,-90.152407
65812,PLAINFIELD PLAZA,SR-73 & I-39,Plainfield,WI,395,3.29066666,Plainfield,WI,44.209079,-89.455896
65813,KWIK TRIP #683,"I-39, EXIT 92 & US-51",Portage,WI,420,3.249,Portage,WI,43.550145,-89.47139
65814,Kracheys BP Truck Stop,US-18 & SR-35,Prairie Du Chien,WI,420,3.574,Prairie Du Chien,WI,43.042649,-91.119305
65817,TREGO TRAVEL CENTER,US-53 & CR-E,Trego,WI,545,3.58233333,Trego,WI,45.951556,-91.858051
65818,KWIK TRIP #1048,"I-90, EXIT 12",West Salem,WI,515,3.31733333,West Salem,WI,43.906253,-91.089311
65820,KWIK TRIP #673,"I-90 & SR-19, EXIT 131",Windsor,WI,420,3.254,Windsor,WI,43.214121,-89.341469
65822,RSTORE #4499,US-45 & SR-29,Wittenberg,WI,395,3.15566666,Wittenberg,WI,44.823247,-89.166479
65824,CHANEYS SERVICE STATION,US-30 & SR-2,Chester                                 ,WV,165,3.799,Chester,WV,40.598109,-80.558439
65828,PAR MAR FOOD STORE #52,US-50 & CR-50/16,West Union,WV,430,4.099,West Union,WV,39.276185,-80.791057
65831,Hat Six Travel Center,"I-25/US-87, EXIT 182 & SR-253/SR-256",Evansville,WY,790,3.999,Evansville,WY,42.861384,-106.263886
65835,SOUTHSIDE TRAVEL CENTER,US-20/SR-789,Thermopolis,WY,790,3.799,Thermopolis,WY,43.662152,-108.231297
65836,PILOT TRAVEL CENTERS #434,"I-35W, EXIT 65",Fort Worth,TX,630,3.264,Fort Worth,TX,32.7469,-97.3268
65837,PILOT TRAVEL CENTERS #455,"I-71, EXIT 140",Marengo                                 ,OH,315,3.719,Marengo,OH,40.389512,-82.812136
65842,AM PM TRAVEL CENTER,US-1/SR-4,Blythe,GA,135,3.599,Blythe,GA,33.294088,-82.203044
65847,ROAD RANGER #132,"I-57, EXIT 240",Champaign,IL,280,3.409,Champaign,IL,40.111017,-88.240747
65848,Mobil,I-475,Flint,MI,342,3.199,Flint,MI,43.0233,-83.6856
65849,PS FOOD MART #1034,"I-94, EXIT 110 & US-27",Marshall,MI,431,3.429,Marshall,MI,42.272047,-84.95828
65857,PILOT TRAVEL CENTERS #199,"I-20, EXIT 33",Haughton,LA,745,3.14566666,Haughton,LA,32.550732,-93.565742
65858,SPEEDWAY #6661,"I-94, EXIT 40  & US-20 & US-35",La Porte,IN,465,3.599,La Porte,IN,41.599438,-86.707654
65859,SPEEDWAY #6662,US-20 & SR-15,Bristol,IN,465,3.549,Bristol,IN,41.716885,-85.826192
65860,LOVES TRAVEL STOPS #283,"E I-30 & FM 549, EXIT 70",Rockwall,TX,630,3.049,Rockwall,TX,32.931111,-96.459444
65862,PILOT TRAVEL CENTERS #396,"I-81, EXIT 213",Staunton                                ,VA,185,3.659,Staunton,VA,38.145104,-79.07519
65863,VALERO,SR-31,Clinton,NJ,115,3.359,Clinton,NJ,40.641194,-74.908846
65866,FLYING J TRAVEL PLAZA #710,"I-81, EXIT 219",New Milford,PA,200,4.17566666,New Milford,PA,41.866409,-75.717113
65868,7-ELEVEN #36073,"I-77, EXIT 54 & US-21",Statesville,NC,46,2.879,Statesville,NC,35.8381,-80.8842
65873,PILOT TRAVEL CENTER #4619,"I-81 & I-77, EXIT 77",Wytheville,VA,185,3.55066666,Wytheville,VA,36.940669,-81.094082
65880,MR FUEL DBA ONE9 #1245,"I-55, EXIT 52 & SR-16",Litchfield,IL,574,3.199,Litchfield,IL,39.179345,-89.649915
65883,FLYING J TRAVEL PLAZA #647,"I-64, EXIT 25 & US-41",Haubstadt,IN,340,3.959,Haubstadt,IN,38.189536,-87.579827
65885,LOVES TRAVEL STOP #299,"US-75, EXIT 48 & SR-455",Anna,TX,630,3.19733333,Anna,TX,33.344516,-96.563862
65909,7-Eleven/7FLEET #40496,"I-81, EXIT 47 & SR-12",Watertown,NY,220,4.149,Watertown,NY,43.974258,-75.912212
65912,ATOKA FUEL,US-75/US-69/SR-3,Atoka,OK,569,3.179,Atoka,OK,34.34451,-96.141827
65914,CASEYS #2732,US-30 & US-284/SR-2,Grand Island,NE,330,3.149,Grand Island,NE,40.921858,-98.341062
65915,Marathon,"I-94/US-52, EXIT 346 & CR-17",West Fargo,ND,341,3.029,West Fargo,ND,46.869523,-96.895002
65917,CUMBERLAND CORNER MART,SR-90 & US-127,Albany,KY,410,3.574,Albany,KY,36.68569,-85.140677
65919,QUICK FUEL #5001,US-78/SR-4,Memphis,TN,435,3.02566666,Memphis,TN,35.0337,-89.9343
65935,MAIN ST JUNCTION,SR-14 & SR-15,Louisville                              ,MS,705,3.099,Louisville,MS,33.105824,-89.028653
65962,CIRCLE K #2705937,US-301/SR-35 & SR-50,Dade City,FL,225,3.33233333,Dade City,FL,28.4297,-82.2082
65969,PILOT  #1105,SR-29 & SR-182,Bunkie,LA,730,3.21233333,Bunkie,LA,30.949284,-92.182582
65974,BEACON & BRIDGE #13,"US-127, EXIT 117",Ithaca                                  ,MI,342,3.649,Ithaca,MI,43.282808,-84.60883
65978,KWIK TRIP #623,US-61,Minnesota City,MN,515,3.399,Minnesota City,MN,44.083222,-91.741808
65983,SPEEDWAY #6967,"US-17, EXIT 227 & SR-32",Edenton,NC,130,3.287,Edenton,NC,36.090777,-76.622384
65989,DANCING EAGLE,"I-40, EXIT 108",Casa Blanca                             ,NM,580,3.359,Casa Blanca,NM,35.035222,-107.433907
66014,BIG D TRAVEL CENTER,SR-12 & SR-183,Irving,TX,630,2.95566666,Irving,TX,32.842,-96.9719
66015,LOVES TRAVEL STOP #298,"I-35, EXIT 39 & SR-44",Encinal,TX,693,3.589,Encinal,TX,28.051329,-99.340902
66016,FLYING J TRAVEL PLAZA #660,"I-64, EXIT 185 & SR-180",Catlettsburg,KY,255,3.76566666,Catlettsburg,KY,38.379946,-82.632065
66017,FLYING J TRAVEL PLAZA #626,"I-95/SR-9, EXIT 305 & SR-206",Saint Augustine,FL,75,3.449,Saint Augustine,FL,29.8364,-81.2745
66020,LOVES TRAVEL STOP #221,I-70 EXIT 160,Zanesville,OH,315,3.48233333,Zanesville,OH,39.944265,-82.008898
66021,LOVES TRAVEL STOP #238,"I-65, EXIT 116 & SR-480",Shepherdsville,KY,415,3.599,Shepherdsville,KY,38.004515,-85.688767
66022,PILOT TRAVEL CENTER #459,"I-10, EXIT 133",Avondale,AZ,930,3.587,Avondale,AZ,33.432114,-112.343754
66023,SAPP BROS TRAVEL CENTER,"I-29, EXIT 10 & SR-2",Percival,IA,486,3.789,Percival,IA,40.740148,-95.809307
66024,LOVES TRAVEL STOP #239,"I-81/US-11, EXIT 84 & SR-619",Max Meadows,VA,185,3.545,Max Meadows,VA,36.91708,-80.921391
66025,SPACE AGE TRAVEL CENTER,"I-84, EXIT 183 & SR-207",Hermiston,OR,935,3.33233333,Hermiston,OR,45.844992,-119.284876
66026,FLYING J TRAVEL PLAZA #643,"I-70 & I-57, EXIT 160",Effingham,IL,510,3.299,Effingham,IL,39.121727,-88.561105
66029,Roady's Lucky Deuces,"I-10, EXIT 92 & SR-95",Duson,LA,600,3.03566666,Duson,LA,30.191216,-92.152455
66030,Colfax Travel Center,"I-80, EXIT 159 & SR-117",Colfax,IA,320,3.149,Colfax,IA,41.678785,-93.258816
66031,WILCO FAST BREAK,US-61/US-24,Palmyra,MO,494,3.119,Palmyra,MO,39.791309,-91.536817
66034,FAS MART #5134,"I-72, EXIT 144 S",Decatur,IL,280,3.459,Decatur,IL,39.827137,-88.925984
66035,ROAD RANGER #136,"I-90, EXIT 147",Cottage Grove,WI,420,3.544,Cottage Grove,WI,43.078405,-89.201692
66036,FLYING J TRAVEL PLAZA #602,"I-65, EXIT 264",Birmingham,AL,615,3.559,Birmingham,AL,33.519,-86.8014
66037,TA PRESCOTT TRAVEL CENTER,"I-30, EXIT 44",Prescott,AR,635,3.50233333,Prescott,AR,33.804029,-93.372544
66038,FLYING J #1043,"I-15, EXIT 113",Idaho Falls,ID,825,3.699,Idaho Falls,ID,43.517679,-111.990626
66039,LOVES TRAVEL STOP #237,"I-20, EXIT 171 & US-65",Tallulah,LA,760,3.259,Tallulah,LA,32.402127,-91.190066
66040,LOVES TRAVEL STOP #272,"I-40 & DW (RANCH RD), EXIT 59",Kingman,AZ,910,3.85566666,Kingman,AZ,35.258379,-114.05689
66041,PILOT TRAVEL CENTERS #195,"I-84, EXIT 104 & US-97",Wasco,OR,935,3.86566666,Wasco,OR,45.597447,-120.730356
66042,FLYING J TRAVEL PLAZA #707,"I-80, EXIT 78",Brookville,PA,14,4.034,Brookville,PA,41.159986,-79.064101
66043,LOVES TRAVEL STOPS #216,US-67 & US-287,Midlothian,TX,630,3.199,Midlothian,TX,32.475743,-96.993551
66044,TA TAMPA TRAVEL CENTER,"I-4, EXIT 10",Seffner,FL,225,3.39566666,Seffner,FL,27.983333,-82.275833
66045,FLYING J TRAVEL PLAZA #698,"I-71, EXIT 69",Jeffersonville,OH,315,3.399,Jeffersonville,OH,39.65896,-83.56873
66046,PETRO STOPPING CENTER #345,I-69 EXIT357,Fremont,IN,550,3.899,Fremont,IN,41.733125,-84.945247
66050,PILOT TRAVEL CENTERS #130,"I-77, EXIT 145",Richfield,OH,305,3.799,Richfield,OH,41.23712,-81.646668
66051,Caseys #4419,I-165 EXIT 5,Bowling Green,KY,460,3.02566666,Bowling Green,KY,37.007874,-86.455891
66054,LOVES TRAVEL STOP #220,"I-25/US-87, EXIT 7 & SR-212",Cheyenne,WY,795,3.709,Cheyenne,WY,41.143719,-104.796234
66055,WINDMILL BP,"US-20, EXIT 208 & SR-14",Holland                                 ,IA,320,3.599,Holland,IA,42.40114,-92.799884
66056,PILOT TRAVEL CENTERS #114,"I-40, EXIT 320",Crossville,TN,405,3.24566666,Crossville,TN,35.944041,-85.017171
66057,ROAD RANGER #205,"I-90, EXIT 1",South Beloit,IL,290,3.469,South Beloit,IL,42.483672,-89.029791
66059,TIME OUT TRAVEL CENTER,"I-40, EXIT 432-B",Newport,TN,405,2.96566666,Newport,TN,35.954431,-83.202749
66061,FLYING J TRAVEL PLAZA #709,"I-80, EXIT 173",Mill Hall,PA,14,4.01566666,Mill Hall,PA,41.086688,-77.483609
66062,FLYING J TRAVEL PLAZA #716,"I-29, EXIT 83",Sioux Falls                             ,SD,530,3.899,Sioux Falls,SD,43.488,-96.7343
66065,LOVES TRAVEL STOP #321,"SR 770 & I-75 , EXIT 29",Corbin,KY,410,3.599,Corbin,KY,36.934429,-84.10208
66068,HOLIDAY STATIONSTORE #2746262,I-175 EXIT 394,Sault Sainte Marie,MI,287,3.799,Sault Sainte Marie,MI,46.473932,-84.346746
66069,128 NEWTON GAS,"I-95, EXIT 20A/SR-128 & SR-9",Newton Lower Falls                      ,MA,34,4.299,Newton Lower Falls,MA,42.329167,-71.254167
66070,TAURO,"SR-78, EXIT 3",Phillipsburg,NJ,90,3.34233333,Phillipsburg,NJ,40.692819,-75.1741
66072,GENES GO TRUCK STOP,"I-10/US-83, EXIT 456 & US-377",Junction                                ,TX,740,3.289,Junction,TX,30.47544,-99.74731
66073,EXXON,"I-24 & HUSBAND ROAD, EXIT 11",Paducah                                 ,KY,460,3.15733333,Paducah,KY,37.063377,-88.663204
66074,HEARTLAND XPRESS,US-67 & SR-M,Poplar Bluff,MO,275,3.199,Poplar Bluff,MO,36.766235,-90.416647
66075,CORNER MART #349,"I-26, EXIT 54 & SR-72",Clinton                                 ,SC,210,3.099,Clinton,SC,34.470692,-81.87717
66078,Amoco,I-40 EXIT 447,Hartford,TN,405,3.099,Hartford,TN,35.825597,-83.099642
66083,KANGAROO CROSSING,SR-35,Kosciusko,MS,705,3.199,Kosciusko,MS,33.0446,-89.572351
66090,ROAD RANGER #267,US-281,Pharr,TX,639,3.564,Pharr,TX,26.177053,-98.187022
66091,KEYSVILLE SAV U TIME,US-360,Keysville                               ,VA,180,3.399,Keysville,VA,37.041086,-78.469912
66093,KWIK TRIP #414,"I-90, EXIT 209A & US-63/SR-30",Stewartville,MN,515,3.55733333,Stewartville,MN,43.867345,-92.454654
66099,NEW JERSEY TRUCK STOP DIESEL ONLY,"I-95, EXIT 15E & US-9/US-1",Kearny,NJ,79,3.759,Kearny,NJ,40.76466,-74.147108
66100,CIRCLE K #2723692,"I-26, EXIT 213",North Charleston,SC,42,3.399,North Charleston,SC,33.0562,-80.0759
66103,TERRIBLE HERBST #243,I-95 & SR-164,Searchlight,NV,910,3.83233333,Searchlight,NV,35.447601,-114.924182
66106,FLYING J TRAVEL PLAZA #509,"I-15, EXIT 112",Beaver,UT,910,3.689,Beaver,UT,38.28071,-112.629916
66109,QUARTERS TRAVEL PLAZA,"I-49, EXIT 23 & US-167 /SR-744",Opelousas                               ,LA,730,3.184,Opelousas,LA,30.51442,-92.089668
66110,LOVES TRAVEL STOP #479,"I-29, EXIT143",Sioux City,IA,527,3.64233333,Sioux City,IA,42.497223,-96.40292
66111,CROSSROADS EXPRESS,US-36 & US-83,Oberlin                                 ,KS,475,3.089,Oberlin,KS,39.827507,-100.531389
66113,7-ELEVEN #39467,"I-95, EXIT 16E",Jersey City,NJ,115,3.259,Jersey City,NJ,40.7164,-74.038
66114,LOVES TRAVEL STOP #235,"I-29 & US-169, EXIT 44",Saint Joseph,MO,400,3.33233333,Saint Joseph,MO,39.768755,-94.838488
66115,FLYING J TRAVEL PLAZA #697,"I-80, EXIT 234B",Hubbard,OH,573,3.459,Hubbard,OH,41.162401,-80.576192
66116,ONVO TRAVEL PLAZA - HARFORD,"I-81, EXIT 217 & SR-547",Harford,PA,200,3.589,Harford,PA,41.779891,-75.678632
66117,ONVO TRAVEL PLAZA PINE GROVE,"I-81, EXIT 32",Pine Grove,PA,70,3.539,Pine Grove,PA,40.567093,-76.326913
66119,FLYING J TRAVEL PLAZA #645,"I-270 & SR-11, EXIT 6",Granite City,IL,540,3.559,Granite City,IL,38.721572,-90.115822
66120,LOVES TRAVEL STOP #306,"I-40/SR-66, EXIT 412",Dandridge,TN,405,3.689,Dandridge,TN,36.001798,-83.404435
66121,ROAD RANGER #226,"I-65, EXIT 99",Greenwood,IN,375,3.60066666,Greenwood,IN,39.622398,-86.148993
66122,ROAD RANGER #139,"I-57, EXIT 212",Tuscola,IL,280,3.229,Tuscola,IL,39.799509,-88.281585
66123,ROAD RANGER #225,"I-80, EXIT 56",Princeton,IL,290,3.289,Princeton,IL,41.362934,-89.427017
66125,LOVES TRAVEL STOP #249,"I-55, EXIT 109",Williamsville,IL,318,3.389,Williamsville,IL,39.930438,-89.534172
66126,LOVES TRAVEL STOP #209,"I-20, EXIT 3 & US-80 & SR-169",Greenwood,LA,745,3.134,Greenwood,LA,32.424025,-93.969252
66131,SPEEDWAY #3446,"I-95, EXIT 10 & SR-440",Edison,NJ,115,3.58566666,Edison,NJ,40.517079,-74.397286
66133,LOVES TRAVEL STOPS #228,"I-4, EXIT 44",Polk City,FL,225,3.389,Polk City,FL,28.19867,-81.808282
66134,CIRCLE K #2721591,"I-10, EXIT 10 & US-29/SR-95",Pensacola,FL,155,3.22233333,Pensacola,FL,30.422282,-87.224763
66135,CIRCLE K #2721592,"I-10, EXIT 5 & US-90 ALT",Pensacola,FL,155,3.22233333,Pensacola,FL,30.422282,-87.224763
66136,CHOCTAW TRAVEL PLAZA #638,US-270 & US-59 & US-112,Poteau,OK,645,3.299,Poteau,OK,35.060561,-94.609603
66137,CIRCLE K #2721594,"I-10, EXIT 263",Slidell,LA,725,3.17066666,Slidell,LA,30.278411,-89.771192
66138,LOVES TRAVEL STOP #307,"I-75, EXIT 201",Jackson,GA,18,3.38566666,Jackson,GA,33.282006,-83.978391
66139,LOVES TRAVEL STOPS #305,"I-81, EXIT 291 & SR-651",Toms Brook,VA,60,3.649,Toms Brook,VA,38.97016,-78.403757
66141,QUICK FUEL #5102,"SR-826, EXIT NW 58TH ST",Miami,FL,95,3.389,Miami,FL,25.779,-80.1982
66142,QUICK FUEL #5106,SR-589 & SR-580,Tampa,FL,225,3.49233333,Tampa,FL,28.0879,-82.4593
66149,QUICK FUEL #5105,"I-75, EXIT W BRANDON BLVD",Tampa,FL,225,3.50066666,Tampa,FL,28.0879,-82.4593
66152,Flying J Travel Plaza #656,"I-65, EXIT 95 & CR-500",Whiteland,IN,375,3.959,Whiteland,IN,39.555313,-86.093476
66155,7-ELEVEN #36575,"I-35, EXIT 248",Pflugerville,TX,595,2.899,Pflugerville,TX,30.442133,-97.629895
66156,7-ELEVEN #36567,SR-6 & SR-21,Bryan,TX,670,3.144,Bryan,TX,30.632698,-96.36616
66172,Timewise Food Store #163,"I-35, EXIT 8",Laredo                                  ,TX,693,2.93566666,Laredo,TX,27.515538,-99.498579
66173,TIMEWISE FOOD STORE #160,"I-10, EXIT 661",Flatonia                                ,TX,740,3.199,Flatonia,TX,29.709493,-97.098685
66174,TIMEWISE FOOD STORE #162,"I-10, EXIT 456",Junction                                ,TX,740,3.099,Junction,TX,30.47544,-99.74731
66176,PILOT #6996,"I-40, EXIT 364",Warsaw,NC,245,3.47233333,Warsaw,NC,34.99818,-78.086739
66177,PILOT #6978,"I-74/I-73/US-220, EXIT 44 & SR-211",Candor,NC,65,3.999,Candor,NC,35.22335,-79.787623
66178,LOVES TRAVEL STOP #284,I-69C/US-281 & FM-2812,Edinburg,TX,639,3.11066666,Edinburg,TX,26.304221,-98.156922
66179,LOVES TRAVEL STOP #246,I-80 EXIT 46,Fernley,NV,966,3.91566666,Fernley,NV,39.601888,-119.235044
66182,CIRCLE K #2706708,"I-185, EXIT 10",Midland,GA,50,3.339,Midland,GA,32.561587,-84.855851
66183,CHEVRON CURB STORE,SR-35 & SR-21,Forest                                  ,MS,705,3.569,Forest,MS,32.346999,-89.467201
66184,HENRIETTA TRUCK STOP,"I-390, EXIT 12 & I-90, EXIT 46",Henrietta,NY,190,3.899,Henrietta,NY,43.048264,-77.612224
66185,TIGERMART OF BUFFALO,"I-45, EXIT 178 & US-79",Buffalo,TX,670,3.599,Buffalo,TX,31.457151,-96.058516
66186,STRIPES #40813,US-281 & SR-285,Falfurrias,TX,625,3.08733333,Falfurrias,TX,27.22416,-98.140844
66195,MOBIL,"I-495, EXIT 26 & SR-62",Berlin,MA,34,3.699,Berlin,MA,42.384438,-71.635634
66196,EXXON TIGER MART,"I-35, EXIT 386",Italy,TX,630,3.12233333,Italy,TX,32.178508,-96.88229
66198,CIRCLE K #2703117,"I-20, EXIT 11",Graniteville,SC,135,3.159,Graniteville,SC,33.563016,-81.814686
66221,ROAD RANGER #236,"I-43, EXIT 38",East Troy,WI,420,3.08233333,East Troy,WI,42.803531,-88.409215
66223,7-ELEVEN #36548,SR-83,Laredo,TX,693,2.999,Laredo,TX,27.515538,-99.498579
66224,ROAD RANGER #235,"I-90, EXIT 36",Hampshire,IL,290,3.369,Hampshire,IL,42.080748,-88.517033
66225,ROAD RANGER #140,"I-39, EXIT 72",Mendota,IL,520,3.269,Mendota,IL,41.544308,-89.10828
66227,Pilot Travel Center #482,"I-57, EXIT 95",Mount Vernon,IL,574,3.359,Mount Vernon,IL,38.317014,-88.910525
66229,LOVES TRAVEL STOP #308,"I-40, EXIT 86 & SR-226",Marion,NC,210,3.739,Marion,NC,35.681916,-82.017993
66230,PETRO COLBY TRUCKSTOP,"I-70, EXIT 53 & SR-25",Colby                                   ,KS,525,3.599,Colby,KS,39.383038,-101.044169
66235,LOVES TRAVEL STOP #291,"I-75, EXIT 95 & SR-627",Richmond,KY,410,3.599,Richmond,KY,37.754605,-84.295526
66236,LOVES TRAVEL STOP #309,"I-80, EXIT 332 & SR-14",Aurora,NE,330,3.289,Aurora,NE,40.852838,-98.020107
66237,ROUTE 66 TRAVEL CENTER,"I-40, EXIT 140",Albuquerque,NM,580,3.359,Albuquerque,NM,35.0936,-106.6423
66238,BETTY BEAVERS TRUCKSTOP,"I- 90, EXIT 29",Canajoharie,NY,12,3.599,Canajoharie,NY,42.88239,-74.583522
66239,Hola,US-27/SR-80/SR-25,South Bay                               ,FL,95,3.419,South Bay,FL,26.670126,-80.731214
66241,PUMP & PANTRY #29,US-30,Central City,NE,330,3.33733333,Central City,NE,41.121259,-98.001693
66242,PUMP & PANTRY #23,"US-34, EXIT 4TH AVE",Holdrege,NE,330,3.449,Holdrege,NE,40.447527,-99.367233
66243,CIRCLE K #4707000,SR-9,Baileyville,ME,170,3.899,Baileyville,ME,45.133234,-67.417519
66244,STRIPES #40809,"I-37, EXIT 56",George West,TX,625,3.044,George West,TX,28.320388,-98.116159
66247,GULF OIL #5045,I-90 EXIT 83,Charlton                                ,MA,34,3.909,Charlton,MA,42.137902,-71.966384
66248,CIRCLE K #4707046,"I-95, EXIT 6",Scarborough,ME,170,3.909,Scarborough,ME,43.578056,-70.322222
66249,CIRCLE K #4707206,SR-125,Epping,NH,170,3.76733333,Epping,NH,43.041052,-71.076367
66250,SPEEDWAY #6973,US-1,Wake Forest,NC,177,2.949,Wake Forest,NC,35.981544,-78.539213
66252,CIRCLE K #4707023,US-1A,Holden,ME,170,3.73233333,Holden,ME,44.742209,-68.648307
66255,CIRCLE K #4707217,US-2 & SR-16,Gorham,NH,170,3.75066666,Gorham,NH,44.399601,-71.179983
66257,LOVES TRAVEL STOP #310,"I-80/US-30, EXIT 173",Wamsutter,WY,795,3.723,Wamsutter,WY,41.658278,-108.151674
66258,CIRCLE K #4707208,"I-93, EXIT 23",New Hampton,NH,170,3.659,New Hampton,NH,43.618393,-71.643513
66259,CEFCO #48,"I-35, EXIT 304",Temple,TX,765,2.96566666,Temple,TX,31.089518,-97.334264
66261,CIRCLE K #2723123,"I-95, EXIT 71",Dunn,NC,205,3.14233333,Dunn,NC,35.316511,-78.615079
66263,One9 SPEEDWAY #6753,"I-78, EXIT 1",Fleetwood,PA,208,3.83233333,Fleetwood,PA,40.446766,-75.8144
66266,7-ELEVEN #40508,"I-80, EXIT 90",Elkhart,IN,465,3.999,Elkhart,IN,41.710083,-85.972949
66267,TA DEMOTTE TRAVEL CENTER,"I-65, EXIT 230",Demotte,IN,365,3.44733333,Demotte,IN,41.171319,-87.249129
66272,MOOSETRACKS #752,"I-85, EXIT 113",High Point,NC,63,3.114,High Point,NC,35.959313,-80.011673
66273,PETRO STOPPING CENTER,"I-59, EXIT 181 & US-77",Gadsden                                 ,AL,615,3.999,Gadsden,AL,33.997248,-86.010279
66274,FLYING J TRAVEL PLAZA #692,"I-80, EXIT 352 & US-93",Wells,NV,835,3.709,Wells,NV,41.129798,-114.532752
66278,PILOT TRAVEL CENTERS #394,"I-84, EXIT 6",Newburgh,NY,32,4.359,Newburgh,NY,41.517833,-74.03598
66284,JOLLEY #150,"I-89, EXIT 19",Saint Albans,VT,39,3.539,Saint Albans,VT,44.811138,-73.089025
66285,QUIKTRIP #787,"I-675, EXIT 5",Ellenwood,GA,18,3.109,Ellenwood,GA,33.61,-84.288056
66286,CASEYS #4205,"I-40/75, EXIT 374",Knoxville,TN,405,3.099,Knoxville,TN,35.9609,-83.9189
66290,ABBYLAND TRUCK STOP,"SR-29, EXIT 127",Curtiss,WI,395,3.46233333,Curtiss,WI,44.960186,-90.459223
66292,LOVES TRAVEL STOP #311,"I-20, EXIT 9",Waco,GA,18,3.39066666,Waco,GA,33.683986,-85.219674
66293,One9 #254,"I-24, EXIT 169",Wildwood,GA,285,3.099,Wildwood,GA,34.977911,-85.430456
66294,FLYING J TRAVEL PLAZA #667,"I-69, EXIT 81SB / I-96, EXIT 9",Grand Ledge,MI,406,3.959,Grand Ledge,MI,42.752924,-84.737314
66295,LOVES TRAVEL STOP #432,"I-94/I-41,  EXIT 322 & SR-100",Oak Creek,WI,444,3.867,Oak Creek,WI,42.88916,-87.902661
66299,XTRA MART #10093,SR-146,Millbury,MA,175,3.649,Millbury,MA,42.196779,-71.764438
66300,PILOT TRAVEL CENTERS #149,"I-40, EXIT 42 & SR-222",Stanton                                 ,TN,435,3.509,Stanton,TN,35.448171,-89.33263
66301,KWIK TRIP #743,US-10 & SR-114,Menasha,WI,582,3.50733333,Menasha,WI,44.211164,-88.417536
66303,KWIK TRIP #787,US-51 & CR-JJ,Schofield,WI,395,3.41566666,Schofield,WI,44.906407,-89.581789
66307,CM ST HELENA,SR-16,Amite,LA,600,3.399,Amite,LA,30.718208,-90.570493
66310,FLYING J #620,"I-70, EXIT 49",Smithton                                ,PA,165,4.109,Smithton,PA,40.144267,-79.731277
66313,LOVES TRAVEL STOP #313,"I-55, EXIT 58  & SR-80",Matthews,MO,275,3.27733333,Matthews,MO,36.807528,-89.576833
66314,PS FOOD MART #1042,"US-23, EXIT 17",Dundee,MI,325,3.429,Dundee,MI,41.951435,-83.652165
66315,SPEEDWAY #6748,"I-94, EXIT 34 & US-421",Michigan City,IN,465,3.68233333,Michigan City,IN,41.698031,-86.869899
66316,CASEYS #4204,SR-168,Knoxville                               ,TN,405,3.259,Knoxville,TN,35.9609,-83.9189
66317,LOVES TRAVEL STOP #314,I-24 EXIT 89,Christiana,TN,460,3.46233333,Christiana,TN,35.740877,-86.407932
66318,ROAD RANGER #242,"I-44, EXIT 163",Saint Robert,MO,540,3.264,Saint Robert,MO,37.828056,-92.1775
66319,ROAD RANGER #211,I-90 & RIVERSIDE BLVD,Loves Park,IL,520,3.469,Loves Park,IL,42.32952,-89.033521
66320,SPEEDWAY #8772,"I-69, EXIT 168 & SR-53",Imlay City,MI,342,3.779,Imlay City,MI,43.042512,-83.070799
66322,LOVES TRAVEL STOP #318,"I-57, EXIT 83 & CR-42",Ina,IL,574,3.389,Ina,IL,38.152743,-88.889362
66323,PILOT TRAVEL CENTERS #905- TOWN PUMP,"I-90, EXIT 109",Milltown                                ,MT,820,3.609,Milltown,MT,46.871389,-113.880833
66328,LOVES TRAVEL STOP #320,"I-16/SR-404, EXIT 49 & SR-257",Dublin,GA,85,3.33233333,Dublin,GA,32.547794,-82.90368
66329,CIRCLE K #2723438,"I-85, EXIT 96",Gaffney,SC,210,3.199,Gaffney,SC,35.061508,-81.649061
66332,PWI #172,"I-45, EXIT 258",Palmer,TX,630,2.77566666,Palmer,TX,32.438714,-96.679429
66334,Hucks Travel Center #052,"I-24/I-69, EXIT 40 & US-641/US-62/SR-93",Kuttawa                                 ,KY,490,3.699,Kuttawa,KY,37.061871,-88.149813
66337,ZIP TRIP #60,"I-25, EXIT 299 & US-16/SR-196",Buffalo,WY,836,3.58066666,Buffalo,WY,44.34847,-106.70726
66338,SHELL,"I-30, EXIT 160 & US-271/SR-49 & US-67",Mount Pleasant                          ,TX,723,3.899,Mount Pleasant,TX,33.173309,-94.969461
66339,PILOT DEALER #873,US-27,Miami,FL,176,3.699,Miami,FL,25.779,-80.1982
66341,7-ELEVEN #218,"I-44, EXIT 4",Harrold,TX,770,2.68733333,Harrold,TX,34.097097,-99.035052
66342,ONE9 #398,"I-75, EXIT 109",Vienna,GA,10,3.109,Vienna,GA,32.091291,-83.792198
66346,PILOT TRAVEL CENTERS #247,"I-74, EXIT 39 & SR-32",Crawfordsville,IN,375,3.899,Crawfordsville,IN,40.032524,-86.907424
66348,PIT STOP,I-40 EXIT 221,Wheatley                                ,AR,695,2.999,Wheatley,AR,34.920703,-91.108645
66349,CIRCLE K #2741796,"I-40, EXIT 5",Little Rock,AR,695,3.36566666,Little Rock,AR,34.748342,-92.281939
66352,KWIK TRIP #871,"US-41, EXIT 124 & SR-76",Oshkosh,WI,582,3.29066666,Oshkosh,WI,44.021962,-88.543635
66353,MOTOMART #3361,"I-55, EXIT 129",Perryville                              ,MO,540,2.989,Perryville,MO,37.717437,-89.873664
66355,CIRCLE K #2723439,"I-26, EXIT 5",Campobello,SC,30,3.13233333,Campobello,SC,35.108003,-82.140343
66357,LOVES TRAVEL STOP #351,"I-80 & E 8TH RD, EXIT 81",Utica,IL,290,3.289,Utica,IL,41.363033,-89.000795
66361,SHADY NOOK,US-61/US-49,Lyon,MS,655,3.999,Lyon,MS,34.247369,-90.498147
66362,TA FLORENCE TRAVEL CENTER,"I-95, EXIT 164 & US-52",Florence,SC,46,3.32566666,Florence,SC,34.18375,-79.772786
66363,LOVES TRAVEL STOP #178,"US-35/KS TPKE, MM 26",Belle Plaine,KS,570,3.329,Belle Plaine,KS,37.405155,-97.285221
66364,SHELL,"I-4, EXIT 64",Plant City,FL,225,3.44733333,Plant City,FL,28.0168,-82.1289
66365,LIBERTY,US-202,Ringoes,NJ,230,3.399,Ringoes,NJ,40.44587,-74.828839
66368,PETRO STOPPING CENTER #371,"I-90, EXIT 41",Waterloo,NY,190,4.19566666,Waterloo,NY,42.904515,-76.875498
66369,LOVES TRAVEL STOP #319,"I-74, EXIT 61",Pittsboro,IN,375,3.889,Pittsboro,IN,39.861529,-86.464548
66370,SPEEDWAY #6979,US-301,Wilson,NC,177,3.129,Wilson,NC,35.727022,-77.922733
66371,RAPIDES STATION TRUCK STOP,"I-49, EXIT 94",Boyce                                   ,LA,730,3.099,Boyce,LA,31.321601,-92.686681
66372,CEFCO #54,"I-35, EXIT 292",Belton,TX,765,2.95233333,Belton,TX,31.072298,-97.472025
66374,BROOKSHIRE BROS #6111,US-259,Nacogdoches,TX,618,3.369,Nacogdoches,TX,31.618534,-94.651093
66376,SUBS AND GRUBS,"I-63, EXIT 39",Jonesboro,AR,435,3.389,Jonesboro,AR,35.833016,-90.696526
66377,QUIKTRIP #873,"I-35W, EXIT 42",Fort Worth,TX,630,2.97566666,Fort Worth,TX,32.7469,-97.3268
66382,STATELINE CONOCO,"I-35, EXIT 114",Eagleville,MO,320,3.549,Eagleville,MO,40.491197,-93.995058
66383,TENAHA EXPRESS MART,US-96 & US-84,Tenaha,TX,618,3.299,Tenaha,TX,31.940812,-94.248773
66385,TA EXPRESS MINDEN,"I-20, EXIT 52",Minden,LA,745,3.114,Minden,LA,32.632281,-93.288587
66386,SPEEDWAY #4631,US-220,Bassett,VA,185,3.41566666,Bassett,VA,36.753425,-80.005506
66388,Gas n Go,"I-75, EXIT 117 AT MILE 117",Pinehurst,GA,85,3.099,Pinehurst,GA,32.196692,-83.720853
66392,MISSILE MART #10,"I-40, EXIT 161",El Dorado,AR,635,3.499,El Dorado,AR,33.20735,-92.662856
66393,VILLAGE PANTRY #5210,"I-74, EXIT 206",Oakwood,IL,280,3.179,Oakwood,IL,40.116656,-87.7825
66396,CIRCLE K #2723988,"I-55, EXIT 61 & SR-38",Kentwood,LA,600,3.299,Kentwood,LA,30.889215,-90.472829
66399,CIRCLE K #2723672,"I-59/I-20, EXIT 128",Birmingham,AL,615,3.699,Birmingham,AL,33.519,-86.8014
66400,PWI #640,"I-10/US-95, EXIT 5",Ehrenberg,AZ,900,3.359,Ehrenberg,AZ,33.604167,-114.524444
66404,QUICK FUEL #5302,"I-635, EXIT 14",Garland,TX,637,3.08733333,Garland,TX,32.922744,-96.624804
66405,FLYING J FUEL STOP #668,"I-75, EXIT 151",Saginaw,MI,260,3.289,Saginaw,MI,43.404692,-83.915626
66406,LOVES TRAVEL STOPS #317,"I-95, EXIT 4 & SR-629",Skippers,VA,180,3.789,Skippers,VA,36.579685,-77.543663
66407,CIRCLE K #2723668,SR-35,Fort Payne,AL,615,3.649,Fort Payne,AL,34.436792,-85.712394
66410,SIBLEY FOOD FUEL,US-72/SR-20 & CR-150,Courtland                               ,AL,615,3.399,Courtland,AL,34.671866,-87.314255
66416,DUCK THRU FOOD STORE #18,US-13,Winton,NC,130,3.56233333,Winton,NC,36.382616,-76.936007
66420,PILOT TRAVEL CENTER #911,I-90 EXIT 47,Superior,MT,820,3.559,Superior,MT,47.172103,-114.888483
66422,PLAQUEMINE TRUCK STOP,ST 1                          ,Plaquemine                              ,LA,600,3.999,Plaquemine,LA,30.268414,-91.252361
66424,CIRCLE K #2741652,"I-10, EXIT 139",Phoenix,AZ,930,3.369,Phoenix,AZ,33.451,-112.0685
66425,CLARK OIL #31,"I-10, EXIT 44",Biloxi                                  ,MS,620,2.849,Biloxi,MS,30.403478,-88.897143
66428,SHELL,US-167,Hensley,AR,695,3.589,Hensley,AR,34.591133,-92.214019
66437,PILOT #4596,"I-81, EXIT 4",White Pine,TN,405,3.699,White Pine,TN,36.090299,-83.287921
66439,JACK FLASH,I-55,Farmersville                            ,IL,574,3.199,Farmersville,IL,39.453048,-89.642718
66440,BP CONNECT #4701,I-55,Chicago,IL,290,3.569,Chicago,IL,41.885847,-87.618123
66447,CIRCLE K #4701207,"U-55, EXIT 220",Dwight,IL,399,3.349,Dwight,IL,41.088701,-88.415884
66448,HAMMOND TRAVEL CENTER,"I-55, EXIT 31B & US-190/SR-3260",Hammond,LA,600,3.099,Hammond,LA,30.51908,-90.487856
66449,CITGO,"I-55, EXIT 67",Blytheville                             ,AR,435,3.389,Blytheville,AR,35.934482,-89.922497
66451,EZ MART #304,M-57,Middleton                               ,MI,406,3.699,Middleton,MI,43.168911,-84.755221
66454,Fast Stop Shell,I-10,Reserve,LA,600,3.799,Reserve,LA,30.060255,-90.551773
66456,TEXACO #383124,SR-70,Saint James,LA,623,2.969,Saint James,LA,30.027598,-90.860549
66460,CASH MAGIC BROUSSARD NORTH,"I-49, EXIT 103",Broussard,LA,600,3.399,Broussard,LA,30.12189,-91.950171
66461,YESWAY #1167,US-62 & CR-41/CR-168,Ropesville,TX,700,3.04066666,Ropesville,TX,33.457499,-102.15841
66465,Knapp Truck Stop,"I-64, EXIT 50 & SR-127",Nashville                               ,IL,574,3.299,Nashville,IL,38.335208,-89.384058
66470,CIRCLE K #9068,"I-65, EXIT 181",Millbrook,AL,720,3.21566666,Millbrook,AL,32.499485,-86.364125
66472,DIAMOND #21,"I-65, EXIT 54",Atmore,AL,715,3.259,Atmore,AL,31.057245,-87.487347
66474,FAMCO EXPRESS,"I-690, EXIT 8",Syracuse,NY,235,3.299,Syracuse,NY,43.0459,-76.1528
66475,SPEEDWAY #4346,SR-7,Calexico,CA,900,4.799,Calexico,CA,32.683227,-115.502815
66478,LOVES TRAVEL STOP #175,"I-70, EXIT 187",Tecumseh,KS,553,3.289,Tecumseh,KS,39.021664,-95.537926
66480,LOVES TRAVEL STOP #360,"I-65, EXIT 58 & SR-218 & SR-335",Horse Cave,KY,415,3.429,Horse Cave,KY,37.184939,-85.878549
66487,COMPASS,"I-55, EXIT 282",La Grange                               ,IL,290,3.549,La Grange,IL,41.801345,-87.875252
66488,HUCKS FOOD & FUEL #54,I-74,Farmer City                             ,IL,280,3.269,Farmer City,IL,40.244689,-88.663385
66495,SUPER SAVER EXPRESS,"I-10, EXIT 21",Sulphur                                 ,LA,690,2.999,Sulphur,LA,30.219001,-93.363911
66496,EXXON FUEL EXPRESS,"I-10/SR-8, EXIT 31 & SR-87",Milton,FL,155,3.999,Milton,FL,30.660413,-87.047278
66502,SHOP RITE #82,"I-10, EXIT 64",Jennings                                ,LA,690,3.589,Jennings,LA,30.22011,-92.657405
66504,COUNTRY BOYS COUNTRY STORE,"I-10, EXIT 813",Hankamer,TX,610,2.86566666,Hankamer,TX,29.87524,-94.593846
66507,ST IGNACE TRUCKSTOP,I-75,Saint Ignace                            ,MI,287,3.799,Saint Ignace,MI,45.921527,-84.709409
66508,SAMS SUNOCO,I-75                          ,Toledo                                  ,OH,550,3.399,Toledo,OH,41.642,-83.5438
66509,FOUR STAR FOOD MART,"I-75, EXIT 122",Lima,OH,411,3.144,Lima,OH,40.764066,-84.097296
66512,MARATHON #1554,"I-75, EXIT 21",Newport                                 ,MI,325,3.299,Newport,MI,41.976582,-83.280438
66513,SUNRISE STORE,"I-75, EXIT 212",West Branch                             ,MI,260,3.199,West Branch,MI,44.279032,-84.228623
66514,BIGFOOT TRAVEL CENTER,"I-75, EXIT 29",Hahira,GA,10,3.099,Hahira,GA,30.941593,-83.357366
66516,ADEL TRUCK PLAZA,"I-75, EXIT 39",Adel,GA,10,2.999,Adel,GA,31.125143,-83.421346
66517,ADMIRAL PETROLEUM #5796,"I-75, EXIT 392",Sault Sainte Marie,MI,287,3.799,Sault Sainte Marie,MI,46.473932,-84.346746
66518,Racetrac #2622,"I-75, EXIT 60",Valdosta,GA,75,3.03233333,Valdosta,GA,30.810578,-83.277166
66523,LOVES TRAVEL STOP #325,"I-75, EXIT 59 & SOUTHWELL BLVD",Tifton,GA,10,3.609,Tifton,GA,31.450278,-83.508611
66525,BP,"I-76, EXIT 6",Luna Pier                               ,MI,550,3.399,Luna Pier,MI,41.815368,-83.436165
66527,TA EXPRESS #648,"I-76, EXIT 90A",Brush,CO,800,4.099,Brush,CO,40.260255,-103.62788
66528,GO MART FOOD STORE #99,US-50 & SR-14,Parkersburg,WV,430,3.489,Parkersburg,WV,39.264433,-81.535412
66529,7-ELEVEN #36076,"I-77, EXIT 73 & US-421",Hamptonville,NC,65,2.899,Hamptonville,NC,36.124248,-80.813687
66531,MIDWAY EXXON TRAVEL CENTER,"I-78, EXIT 16",Bethel                                  ,PA,70,3.359,Bethel,PA,40.480834,-76.274209
66532,PETRO PLAZA,"I-78, EXIT 17",Hampton,NJ,115,3.26566666,Hampton,NJ,40.677351,-74.962221
66534,LOVES TRAVEL STOP #347,"I-70, EXIT 101 & SR-5",Boonville,MO,310,3.509,Boonville,MO,38.95364,-92.744973
66537,BECKS EXPRESS MART #26,"I-80, EXIT 19",Geneseo,IL,270,3.269,Geneseo,IL,41.46881,-90.171127
66538,KUM & GO #0023,"I-80, EXIT 23",Neola,IA,486,3.15733333,Neola,IA,41.456383,-95.679358
66539,SOUTH RIDGE FARM MARKET,"I-80, EXIT 6",Clyde                                   ,OH,550,3.399,Clyde,OH,41.302397,-82.991849
66547,OLD STONE JIFFY MART,"I-81, EXIT 321",Clear Brook,VA,60,3.599,Clear Brook,VA,39.265461,-78.098788
66548,YESWAY #1156,US-84 & SR-289,Lubbock,TX,700,2.95066666,Lubbock,TX,33.586527,-101.860634
66550,CIRCLE K #2709663,"I-82, EXIT 730",Umatilla,OR,982,3.639,Umatilla,OR,45.915725,-119.313715
66552,GEM STOP,I-84,Marsing,ID,785,3.58566666,Marsing,ID,43.539866,-116.823968
66553,JACKSONS FOOD STORE #83,"I-84, EXIT 304",Baker City,OR,982,3.599,Baker City,OR,44.780102,-117.828631
66556,PILOT TRAVEL CENTER #899- SLIP IN,I-85,South Hill,VA,180,3.959,South Hill,VA,36.712388,-78.153388
66560,Sunoco,"I-85, EXIT 11",Townville,SC,30,3.199,Townville,SC,34.522638,-82.89633
66562,TA EXPRESS FAIR PLAY,"I-85, EXIT 4",Fair Play,SC,16,3.209,Fair Play,SC,34.577548,-82.999874
66564,SPEEDWAY #6954,US-70,High Point,NC,65,3.049,High Point,NC,35.959313,-80.011673
66565,KWIK FILL #395,"I-86, EXIT 12",Jamestown,NY,240,4.469,Jamestown,NY,42.092845,-79.243989
66571,LEXINGTON GULF,"I-128, NORTH MASS PIKE",Lexington                               ,MA,34,4.299,Lexington,MA,42.4558,-71.2193
66573,Brake Time Corner Market,"I-135, EXIT 14",Wichita,KS,570,3.299,Wichita,KS,37.6898,-97.3415
66579,GULF OIL LP #5010,"I-90, EXIT 2",Lee,MA,215,3.914,Lee,MA,42.298994,-73.231696
66582,PWI #807,"I-15, EXIT 163 & SR-99",Fillmore,UT,835,3.374,Fillmore,UT,38.980539,-112.331321
66584,MOAPA PAIUTE TRAVEL CENTER,"I-15, EXIT 75",Moapa,NV,910,3.33233333,Moapa,NV,36.675833,-114.62
66586,CIRCLE K #4707609,US-20 & SR-12,Sangerfield,NY,235,4.099,Sangerfield,NY,42.913889,-75.379444
66588,CUBBYS #402,"I-90, EXIT 330",Mitchell                                ,SD,530,3.149,Mitchell,SD,43.710921,-98.027026
66594,FRIENDLY GUS STORE #23,I-16/SR-19,Dublin,GA,85,3.399,Dublin,GA,32.547794,-82.90368
66595,GULF OIL LP #5040,"I-90, EXIT 9",Charlton,MA,34,3.909,Charlton,MA,42.137902,-71.966384
66597,BP,"I-16, EXIT 90 & US-1",Twin City                               ,GA,195,3.78233333,Twin City,GA,32.612926,-82.197856
66598,WOODSHED LL,I-166 & I-169,S Coffeyville,OK,307,3.099,S Coffeyville,OK,36.983684,-95.606509
66601,LOVES TRAVEL STOP #323,"I-69, EXIT 264 & SR-18",Marion,IN,457,3.57566666,Marion,IN,40.574333,-85.674127
66603,COFFEE CUP FUEL STOP #7,"I-90, EXIT 406 & SR-11",Brandon,SD,530,2.97733333,Brandon,SD,43.596413,-96.578201
66604,GALLOPS,"I-90, I-80, EXIT 40",La Porte,IN,370,3.549,La Porte,IN,41.599438,-86.707654
66606,BART INDUSTRIES,"I-91, EXIT 6",Bellows Falls                           ,VT,215,3.709,Bellows Falls,VT,43.148198,-72.466373
66607,7-ELEVEN #37392,"I-93, EXIT 5",Londonderry,NH,34,3.799,Londonderry,NH,42.865555,-71.37719
66608,CASEYS #2650,I-94/US-52 EXIT 135 & CR-173,Melrose,MN,522,3.179,Melrose,MN,45.658183,-94.819768
66612,STOP N GO #1709,"I-94, EXIT 105",Hixton                                  ,WI,295,3.23733333,Hixton,WI,44.397778,-91.039086
66613,LOVES TRAVEL STOP #362,"I-10, EXIT 7 & SR-3063",Vinton,LA,690,3.30566666,Vinton,LA,30.201523,-93.572808
66614,MARATHON,"I-94, EXIT 212A",Detroit,MI,325,3.699,Detroit,MI,42.347429,-83.060398
66615,KWIK TRIP #396,"I-94, EXIT 295",Waukesha,WI,444,3.399,Waukesha,WI,42.999304,-88.219559
66618,CIRCLE K #2723378,I-95,Sumter,SC,42,3.159,Sumter,SC,33.928199,-80.321008
66620,Shell,"I-95, EXIT 130",Ashland,VA,180,3.264,Ashland,VA,37.73948,-77.478373
66622,DUNCAN TRUCK STOP,"I-95, EXIT 15",Jersey City                             ,NJ,115,3.409,Jersey City,NJ,40.7164,-74.038
66624,Sunoco,"I-95, EXIT 25",Croydon                                 ,PA,160,3.659,Croydon,PA,40.093322,-74.899077
66625,EXIT 43 QUICK STOP,"I-95, EXIT 43",Richmond,ME,170,3.76566666,Richmond,ME,44.104213,-69.821077
66628,Chevron,"I-95, EXIT 5 & US-17",Hardeeville,SC,42,3.00733333,Hardeeville,SC,32.263512,-81.066865
66631,SPEEDWAY #3589,I-96,Lake Odessa,MI,342,3.599,Lake Odessa,MI,42.786335,-85.135667
66632,SHELL FOOD MART AND TRUCKSTOP,I-985,Gainesville,GA,16,3.399,Gainesville,GA,34.307269,-83.825596
66635,C  BARN,US-67,Park Hills,MO,540,3.049,Park Hills,MO,37.85555,-90.52735
66637,BERKLYS TRAVEL CENTER,US-281,Round Mountain,TX,595,3.31566666,Round Mountain,TX,30.442879,-98.436514
66640,Kent Kwik #928,US-82/SR-6 & SR-5/SR-25,Brent,AL,615,3.099,Brent,AL,32.93567,-87.211387
66643,DEERFIELD TRAVEL CENTER,"I-55, EXIT 8",Steele,MO,275,2.97566666,Steele,MO,36.091528,-89.834585
66645,ALLSUPS #2390,"I-20/US-84, EXIT 270",Merkel,TX,575,2.87566666,Merkel,TX,32.444371,-99.992443
66648,CHEVRON,"I-20, EXIT 113",Bessemer,AL,615,3.099,Bessemer,AL,33.409002,-86.947547
66649,CHOCTAW TRAVEL PLAZA #637,US-59 & CR-E1452,Heavener,OK,645,3.299,Heavener,OK,34.835267,-94.61849
66659,MARATHON,SR-37,Mitchell                                ,IN,415,3.599,Mitchell,IN,38.742625,-86.476096
66664,CASEYS #3294,"I-380/SR-27, EXIT 43 & SR-150",Urbana,IA,380,3.449,Urbana,IA,42.224167,-91.874167
66667,CIRCLE K #4701408,"I-36, EXIT 99",Rochelle,IL,520,3.499,Rochelle,IL,41.928156,-89.071035
66668,ACME TRUCK STOP,"I-4, EXIT 96",Orlando                                 ,FL,140,3.399,Orlando,FL,28.498821,-80.58248
66669,CIRCLE K #2726032,I-40,Jacksonville,FL,75,3.429,Jacksonville,FL,30.3163,-81.4175
66670,SPEEDWAY #7930,"I-40, 1126 N MAIN ST",Lillington,NC,63,3.759,Lillington,NC,35.331954,-78.921223
66671,CIRCLE K #2723686,US-72,Scottsboro,AL,285,3.26566666,Scottsboro,AL,34.67227,-86.051336
66673,MARATHON,SR-72,Huntsville,AL,615,2.979,Huntsville,AL,34.726866,-86.567318
66676,HUTCH'S #118,"I-40, EXIT 108",Watonga,OK,483,3.099,Watonga,OK,35.853762,-98.417487
66678,NKS ROYAL TRUCKSTOP,"I-40, EXIT 16",Gallup,NM,580,3.119,Gallup,NM,35.506475,-108.741352
66680,BIG TOP TRAVEL CENTER,"I-20, EXIT 157",Delhi                                   ,LA,760,2.969,Delhi,LA,32.450433,-91.512487
66683,SUPERSTOP Shell,"I-40, EXIT 192",Stuttgart                               ,AR,695,3.41566666,Stuttgart,AR,34.485358,-91.548742
66689,ROSCOE TRAVEL PLAZA,"I-20, EXIT 235",Roscoe,TX,575,2.759,Roscoe,TX,32.427558,-100.539088
66693,Allsup Marketplace #2400,"I-40, EXIT 356",San Jon,NM,585,3.059,San Jon,NM,35.119848,-103.284599
66705,7-ELEVEN,"I-44, EXIT 1/US-287",Wichita Falls,TX,770,2.76066666,Wichita Falls,TX,33.905284,-98.497645
66709,CIRCLE K #2709343,"I-24, EXIT 169",Wildwood,GA,285,3.14566666,Wildwood,GA,34.977911,-85.430456
66715,7-Eleven #34210,"I-25/US-87, EXIT 240 & SR-119",Longmont,CO,800,3.189,Longmont,CO,40.177921,-105.10095
66717,Fast Stop Travel Centers #1131,"I-25/US-87, EXIT 80",Wheatland,WY,795,3.499,Wheatland,WY,42.049467,-104.967852
66718,Bartonville SHELL,"I-474, EXIT 6",Peoria,IL,368,4.299,Peoria,IL,40.6854,-89.5953
66720,MOUNTAIN ENERGY #126,"I-26, EXIT 13",Hendersonville,NC,210,2.84566666,Hendersonville,NC,35.319213,-82.499995
66721,USA SPEEDTRAC,"I-49US-167, EXIT 11",Grand Coteau,LA,730,3.399,Grand Coteau,LA,30.419722,-92.046667
66725,SPEEDWAY #9662,I-264,Louisville,KY,415,3.029,Louisville,KY,38.2435,-85.7639
66728,CIRCLE K #2723706,"I-81/US-52, EXIT 72 & I-77, EXIT 41",Wytheville,VA,185,3.349,Wytheville,VA,36.940669,-81.094082
66734,Marathon,"I-675, Exit 7",Ellenwood,GA,18,3.009,Ellenwood,GA,33.61,-84.288056
66737,THE JUNCTION,US-59 & US-73,Atchison,KS,400,3.279,Atchison,KS,39.559411,-95.130408
66738,TREX MART #9,I-29,Dearborn                                ,MO,400,2.999,Dearborn,MO,39.517248,-94.766368
66739,ZIP TRIP #64,I-29,Brookings                               ,SD,530,3.399,Brookings,SD,44.305619,-96.791408
66741,DEANS LANE VALERO,I-295,Monmouth Junction,NJ,230,3.14566666,Monmouth Junction,NJ,40.394391,-74.547021
66742,DEEP WATER TRUCK STOP,"I-295, EXIT 2C",Penns Grove,NJ,230,3.279,Penns Grove,NJ,39.717938,-75.465623
66746,CASEYS #4246,"I-30, EXIT 123",Bryant,AR,695,3.03233333,Bryant,AR,34.606786,-92.492015
66747,LOVES TRAVEL STOP #322,"I-90, EXIT 3",Roscoe,IL,290,3.789,Roscoe,IL,42.421659,-88.99433
66749,BIG RIVER #18,"I-310 EXIT 2, & US-61",Saint Rose,LA,725,3.099,Saint Rose,LA,29.958074,-90.312432
66750,LOVES TRAVEL STOP #177,I-35,El Dorado,KS,336,3.25566666,El Dorado,KS,37.822649,-96.854297
66751,FAST N FRIENDLY,"I-35, EXIT 132",Emporia                                 ,KS,336,3.65733333,Emporia,KS,38.418405,-96.187145
66756,CASEYS #2550,"I-35, EXIT 33 & US-34",Osceola,IA,320,3.339,Osceola,IA,41.029503,-93.771236
66760,LOVES TRAVEL STOP #326,I-26 EXIT 154A,Orangeburg,SC,135,3.389,Orangeburg,SC,33.502545,-80.859282
66761,SPEEDWAY #4589,US-501 & SR-90,Conway,SC,205,3.064,Conway,SC,33.873066,-79.055712
66762,EXXON TIGER MART #44,"US-45,  EXIT 249",Ennis,TX,637,3.099,Ennis,TX,32.332102,-96.622363
66763,SPEEDWAY #7998,US-52 & US-74,Wadesboro,NC,46,3.64566666,Wadesboro,NC,34.980938,-80.069586
66765,STRIPES #40736,US-77/US-83,Olmito,TX,598,2.999,Olmito,TX,26.039167,-97.556111
66767,SPRINT MART #49,"I-22/US-78, EXIT 87 & SR-811",Tupelo,MS,742,2.99233333,Tupelo,MS,34.253834,-88.720853
66769,PETRO STOPPING CENTER #344,"I-95, EXIT 3",Kingsland,GA,75,3.649,Kingsland,GA,30.797681,-81.707483
66771,FLYING J TRAVEL PLAZA #727,"I-69C/US-281, EXIT 8 & FM-1925",Edinburg,TX,639,3.084,Edinburg,TX,26.304221,-98.156922
66773,STRIPES 7FLEET #42475,US-62,Hobbs,NM,700,3.459,Hobbs,NM,32.72217,-103.137246
66774,Clark #4667,"I-80/I-90, EXIT 39 & SR-109",Delta,OH,550,3.699,Delta,OH,41.557695,-83.9866
66775,GO MART,US-33 & CR-116,Rockbridge,OH,315,3.499,Rockbridge,OH,39.550907,-82.562572
66776,S&G #77,US-224 & US-23,Alvada,OH,411,3.259,Alvada,OH,41.046284,-83.376982
66778,LOVES TRAVEL STOP #169,"I-44, EXIT 179 & US-377/SR-99",Stroud                                  ,OK,560,3.144,Stroud,OK,35.782389,-96.684377
66780,DIAMOND #20,"I-65, EXIT 93 & SR-84",Evergreen,AL,720,3.399,Evergreen,AL,32.87297494349315,-86.81247245890411
66784,Texaco #384529,US-80/SR-8 & SR-14,Selma,AL,720,3.299,Selma,AL,32.419719,-87.024527
66785,WINFIELD TRUCK STOP,SR-129,Winfield,AL,615,3.659,Winfield,AL,33.930256,-87.79716
66786,Circle K #2741791,"I-40, EXIT 175 & SR-31",Lonoke,AR,695,3.139,Lonoke,AR,34.783162,-91.921367
66787,TEXACO,"I-59, EXIT 67B",Hattiesburg                             ,MS,620,3.06566666,Hattiesburg,MS,31.314553,-89.306471
66788,CIRCLE K #4703626,"I-75, EXIT 60 & SR-68",Sweetwater,TN,285,3.289,Sweetwater,TN,35.595703,-84.430424
66793,CIRCLE K #2723693,"I-526, EXIT 19 & SR-10-60",Charleston,SC,42,2.97566666,Charleston,SC,32.962223,-79.86533
66795,FUEL MART #645,"I-90, EXIT 353",Spencer                                 ,SD,530,3.499,Spencer,SD,43.755684,-97.59361
66796,ROYAL FARMS #109,US-13 & SR-404,Bridgeville,DE,243,3.259,Bridgeville,DE,38.736628,-75.608768
66799,SHELL DBA ONE9 #1403,"I-75/SR-93, EXIT 451 & US-129",Jasper,FL,10,3.244,Jasper,FL,30.502914,-82.932186
66800,CIRCLE K #2743950,I-35,San Antonio,TX,740,2.804,San Antonio,TX,29.468525,-98.526352
66801,SUNSTOP #330,"I-75, EXIT 460 & SR-6",Jennings,FL,75,3.299,Jennings,FL,30.548243,-83.134971
66802,MOBIL,US-27 & SR-66,Sebring                                 ,FL,140,3.459,Sebring,FL,27.492391,-81.435712
66803,Stripes,FM-2061 & FM-3072,Pharr,TX,639,3.16566666,Pharr,TX,26.177053,-98.187022
66804,PWI #586,"I-80, EXIT 104  & US-191",Rock Springs,WY,835,3.199,Rock Springs,WY,41.605957,-109.230047
66805,CIRCLE K #2723553,US-27,Ringgold,GA,285,3.07566666,Ringgold,GA,34.92052,-85.154908
66807,QUICK FUEL #5303,"I-35E, EXIT 436A",Dallas,TX,637,3.04566666,Dallas,TX,32.996848,-96.792113
66809,CASEYS #3449,SR-78,Wapello,IA,380,3.349,Wapello,IA,41.206982,-91.171921
66810,QUICK FUEL #3145,SR-83,Bensenville,IL,290,3.449,Bensenville,IL,41.9536,-87.935
66812,FAMILY EXPRESS #47 (DISCOUNT AVAILABLE),"I-65, EXIT 201 & US-24/US-231",Remington,IN,375,3.55233333,Remington,IN,40.766653,-87.15994
66813,MCCLURE OIL #59,I-69 EXIT 259,Gas City                                ,IN,457,3.639,Gas City,IN,40.487895,-85.605533
66815,MAXS #132,US-641 N,Murray,KY,490,3.399,Murray,KY,36.609915,-88.303249
66816,CIRCLE K #4707082,"I-95, EXIT 132 & SR-139",Fairfield,ME,170,3.899,Fairfield,ME,44.609639,-69.63321
66817,JOLLY TRUCK STOP,US-82/US-287,Wichita Falls,TX,770,2.899,Wichita Falls,TX,33.905284,-98.497645
66819,ROAD RANGER #265,"I-88, EXIT 54",Dixon,IL,520,3.479,Dixon,IL,41.847797,-89.489303
66820,CM BREAUX BRIDGE,"I-10, EXIT 109",Breaux Bridge,LA,600,3.299,Breaux Bridge,LA,30.274955,-91.905899
66821,DENTON GOOSE CREEK,SR-404/SR-619,Denton                                  ,MD,194,3.259,Denton,MD,38.877928,-75.836071
66822,WILD BILL'S,I-78,Sherman                                 ,MS,435,2.919,Sherman,MS,34.359167,-88.841111
66824,STRIPES #42435,US-87/US-277,San Angelo,TX,740,2.799,San Angelo,TX,31.478165,-100.481752
66833,STRIPES #5148,US-281,Pharr,TX,639,3.399,Pharr,TX,26.177053,-98.187022
66834,ROAD RANGER #186,"I-39/US-51, EXIT 27 & SR-2/CR-2200",Minonk,IL,280,3.339,Minonk,IL,40.898501,-89.034863
66838,RUTTERS #96,US-322 & SR-655,Milroy,PA,14,4.05066666,Milroy,PA,40.72033,-77.556739
66843,FLYING J TRAVEL PLAZA #728,"I-10, EXIT 37",El Paso,TX,640,3.09233333,El Paso,TX,31.758411,-106.478311
66844,CIRCLE K #2706984,US-77 & CR-1356,Kingsville,TX,625,2.82233333,Kingsville,TX,27.507418,-97.859598
66845,CIRCLE K #2723643,SR-431,Dothan,AL,20,3.58233333,Dothan,AL,31.202888,-85.418036
66846,CIRCLE K #2723664,US-280,Childersburg,AL,615,3.899,Childersburg,AL,33.266928,-86.337622
66847,CIRCLE K #2723667,"I-20, EXIT 185 & SR-21",Oxford,AL,615,2.999,Oxford,AL,33.596829,-85.83347
66848,CIRCLE K #2723695,"I-55, EXIT 265",Senatobia,MS,435,3.199,Senatobia,MS,34.632306,-89.885501
66850,Stripes,ST 77,Riviera,TX,625,3.12566666,Riviera,TX,27.321735,-97.778707
66853,LOVES TRAVEL STOP #327,US-77 & FM-1898,Kingsville,TX,625,3.15566666,Kingsville,TX,27.507418,-97.859598
66854,TA WAPAKONETA TRAVEL CENTER,"I-75, EXIT 111",Wapakoneta                              ,OH,411,3.28233333,Wapakoneta,OH,40.568978,-84.177378
66856,Speedway #4800,"I-94, EXIT 183",Clearwater,MN,453,3.199,Clearwater,MN,45.387694,-94.045246
66858,LOVES TRAVEL STOP #328,"I-10, EXIT 162",Chandler,AZ,930,3.469,Chandler,AZ,33.330091,-111.863156
66862,LOVES TRAVEL STOP #330,I-40 EXIT 280 & SR-56,Baxter,TN,460,3.234,Baxter,TN,36.124917,-85.637766
66863,101 TRAVEL PLAZA,"I-40, EXIT 101 & SR-104",Cedar Grove,TN,435,2.999,Cedar Grove,TN,35.861261,-88.551702
66865,FLYING J FUEL STOP #741,US-287/US-281/US-82 & SR-473,Wichita Falls,TX,770,3.12566666,Wichita Falls,TX,33.905284,-98.497645
66867,KWIK STAR #212,"US-61, EXIT 156",Maquoketa,IA,335,3.624,Maquoketa,IA,42.07782,-90.677075
66868,STRIPES #40604,US-83,Mission,TX,639,2.88233333,Mission,TX,26.24153,-98.342647
66869,SPEEDWAY #4630,US-220 BUS & CR-782,Ridgeway,VA,185,3.409,Ridgeway,VA,36.5874,-79.86859
66870,PETRO STOPPING CENTER NAPOLEON,"US-24/US-6/CR-3, EXIT 41",Napoleon,OH,550,3.70566666,Napoleon,OH,41.390969,-84.143271
66874,FLYING J TRAVEL PLAZA #733,"I-27, EXIT 4 & US-82",Lubbock,TX,700,3.33233333,Lubbock,TX,33.586527,-101.860634
66876,PILOT TRAVEL CENTERS #156,SR-1633 & SR-813 & SR-9004,Mortons Gap,KY,490,3.629,Mortons Gap,KY,37.236667,-87.475278
66877,PILOT TRAVEL CENTER #916- TOWN PUMP,US-93 & US-12,Lolo,MT,820,3.609,Lolo,MT,46.7585,-114.109732
66878,PILOT TRAVEL CENTER #915- TOWN PUMP,"I-90, EXIT 455",Billings,MT,780,3.58066666,Billings,MT,45.774489,-108.500452
66879,TA EXPRESS,"I-40, EXIT 101",Atkins,AR,695,3.34066666,Atkins,AR,35.244948,-92.950696
66880,LOVES TRAVEL STOP #324,I-80 EXIT 242 & SR 339,Mifflinville,PA,138,3.96566666,Mifflinville,PA,41.023473,-76.292396
66881,PLAZAGO TRUCKSTOP,US-50/SR-61 & SR-96/SR-14,South Hutchinson,KS,570,3.269,South Hutchinson,KS,38.007306,-97.90814
66888,LOVES TRAVEL STOP #334,"I-84, EXIT 211 & US-30/SR-24",Heyburn,ID,785,3.89233333,Heyburn,ID,42.559922,-113.770885
66890,CASEYS #4223,US-25E,Middlesboro,KY,405,3.489,Middlesboro,KY,36.617188,-83.723079
66892,LOVES TRAVEL STOP #336,"I-94, EXIT 112",Marshall,MI,385,3.489,Marshall,MI,42.272047,-84.95828
66893,ONE9 #1291,US-287 & CR-174,Bowie,TX,770,2.91233333,Bowie,TX,33.556796,-97.837337
66894,PILOT TRAVEL CENTERS #259,US-69,Muskogee,OK,560,3.32233333,Muskogee,OK,35.730661,-95.375491
66895,TA Express Tonkawa,"I-35, EXIT 40 & US-60",Tonkawa,OK,500,3.294,Tonkawa,OK,36.68062,-97.30634
66897,FLYING J TRAVEL PLAZA #604,"I-65, EXIT 158",Hope Hull,AL,720,3.309,Hope Hull,AL,32.224256,-86.393189
66898,PILOT TRAVEL CENTERS #384,"I-95, EXIT 58",Colonial Heights,VA,180,3.799,Colonial Heights,VA,37.269968,-77.403829
66899,LOVES TRAVEL STOP #333,"I-77, EXIT 83",Fort Mill,SC,46,3.38066666,Fort Mill,SC,35.0073697,-80.9450759
66900,DODGE CITY PETRO #397,"I-65, EXIT 299 & SR-69",Hanceville,AL,615,3.919,Hanceville,AL,34.051569,-86.784844
66902,CIRCLE K #4707239,SR-103,Warner,NH,170,3.93233333,Warner,NH,43.303512,-71.835349
66905,CIRCLE K #4707212,SR-27,Raymond,NH,170,3.759,Raymond,NH,43.032512,-71.191159
66906,LOVES TRAVEL STOP #331,"I-45, EXIT 272",Hutchins,TX,630,3.10233333,Hutchins,TX,32.639586,-96.707021
66908,CIRCLE K #2723708,"I-81, EXIT 77",Wytheville,VA,65,3.36566666,Wytheville,VA,36.940669,-81.094082
66911,LOVES TRAVEL STOP #343,"I-20 & I-59, EXIT 165",Toomsuba,MS,705,3.009,Toomsuba,MS,32.429583,-88.489225
66912,LOVES TRAVEL STOPS #335,"I-15, EXIT 62 & SR-130",Cedar City,UT,910,3.649,Cedar City,UT,37.689544,-113.074513
66914,FLYING J TRAVEL PLAZA #683,"I-95, EXIT 106",Kenly,NC,205,3.709,Kenly,NC,35.607742,-78.138227
66915,CIRCLE K #2723716,"I-81, EXIT 84",Max Meadows,VA,185,3.46233333,Max Meadows,VA,36.91708,-80.921391
66918,MINIT MART #647,"I-39, EXIT 35 & SR-17",Wenona,IL,280,3.499,Wenona,IL,41.054846,-89.041637
66920,7-ELEVEN #35562,"I-85, EXIT 32",Charlotte,NC,46,3.379,Charlotte,NC,35.2269,-80.8433
66921,LOVES TRAVEL STOP #338,"I-95/SR-405, EXIT 90 & SR-144",Richmond Hill,GA,195,3.364,Richmond Hill,GA,31.896152,-81.294026
66922,LOVES TRAVEL STOPS #339,"I-20, EXIT 115 & FM-1882",Odessa,TX,710,3.549,Odessa,TX,31.8465,-102.3663
66923,LOVES TRAVEL STOP #765,"I-85, EXIT 147",Commerce,GA,16,3.21066666,Commerce,GA,34.2216,-83.3874
66925,FLYING J TRAVEL PLAZA #714,"I-77, EXIT 73",Rock Hill,SC,46,3.399,Rock Hill,SC,34.915068,-81.012904
66927,PILOT TRAVEL CENTER #41,I-64 EXIT 113 SE QUAD,Mount Sterling                          ,KY,410,3.759,Mount Sterling,KY,38.054822,-83.938774
66928,FLYING J TRAVEL PLAZA #730,"I-35/US-83, EXIT 13",Laredo,TX,693,3.599,Laredo,TX,27.515538,-99.498579
66929,FLYING J TRAVEL PLAZA #642,"I-255,  EXIT 17",East Saint Louis                        ,IL,540,3.389,East Saint Louis,IL,38.631538,-90.138066
66931,CASEYS #3896,"I-380, EXIT 35",Center Point,IA,380,3.449,Center Point,IA,42.189844,-91.775764
66932,CIRCLE K #4701444,US-34 & SR-164,Monmouth,IL,345,3.399,Monmouth,IL,40.910702,-90.644828
66935,FRANCIS CREEK TRAVEL PLAZA,SR-41,Francis Creek,WI,444,3.384,Francis Creek,WI,44.199964,-87.720007
66937,LOVES TRAVEL STOP #341,"I-44, EXIT 189",Rolla,MO,540,3.30066666,Rolla,MO,37.948527,-91.760348
66939,KWIK TRIP #416,SR-172 & CR-GV,De Pere,WI,582,3.39066666,De Pere,WI,44.438779,-88.080613
66941,PILOT TRAVEL CENTERS #367,"I-30, EXIT 87 & 88",Caddo Mills,TX,630,3.169,Caddo Mills,TX,33.068267,-96.239093
66942,MAVERIK COUNTRY STORE #612,"I-15, EXIT 362",Brigham City,UT,835,3.449,Brigham City,UT,41.507921,-112.015177
66944,LOVES TRAVEL STOP #316,"I-95, EXIT 273 & US-1",Ormond Beach,FL,75,3.477,Ormond Beach,FL,29.2855,-81.0561
66945,PILOT TRAVEL CENTERS #159,"I-64, EXIT 211",Providence Forge,VA,180,3.899,Providence Forge,VA,37.425907,-77.071117
66948,CIRCLE K #4707618,"I-481, EXIT 8 & CR-82",East Syracuse,NY,220,3.799,East Syracuse,NY,43.073359,-76.05578
66951,BERKLYS TRAVEL CENTER #3,US-377/US-87,Brady,TX,575,3.61566666,Brady,TX,31.128304,-99.3372
66953,LOVES TRAVEL STOP #355,"I-65, EXIT 16",Memphis,IN,415,3.949,Memphis,IN,38.464181,-85.777501
66954,LOVES TRAVEL STOP #344,I-240 EXIT 21 & US-78/SR-4,Memphis,TN,435,3.249,Memphis,TN,35.0337,-89.9343
66955,LOVES TRAVEL STOP #349,"I-8, EXIT 3",Yuma,AZ,900,3.50233333,Yuma,AZ,32.701507,-114.642362
66956,LOVES TRAVEL STOP #348,"I-69/I-24, EXIT 27 & US-62",Calvert City,KY,490,3.689,Calvert City,KY,37.014741,-88.381115
66957,LOVES TRAVEL STOP #346,I-65 EXIT 46 & SR-99,Columbia,TN,460,3.789,Columbia,TN,35.615577,-87.038032
66959,PILOT TRAVEL CENTERS #388,"I-20 & I-59, EXIT 151",Meridian,MS,705,2.979,Meridian,MS,32.357441,-88.655973
66961,CIRCLE K #2707020,"I-4, EXIT 32 & US-98/SR-700/SR-35",Lakeland,FL,225,3.414,Lakeland,FL,28.038134,-81.939153
66962,PILOT TRAVEL CENTERS #242,"I-74, EXIT 109",Shelbyville,IN,375,3.999,Shelbyville,IN,39.50434,-85.787515
66963,SPARTA TRAVEL CENTER,"I-90, EXIT 28",Sparta,WI,420,3.179,Sparta,WI,43.954045,-90.814566
66964,PILOT TRAVEL CENTERS #239,US-30/US-23,Upper Sandusky,OH,411,3.899,Upper Sandusky,OH,40.824876,-83.297711
66965,EATONTON TRAVEL CENTER,US-441/US/129/SR-24,Eatonton,GA,67,3.249,Eatonton,GA,33.312723,-83.36277
66966,LOVES TRAVEL STOP #352,I-71 EXIT 65,Jeffersonville,OH,315,3.42233333,Jeffersonville,OH,39.65896,-83.56873
66968,FLYING J TRAVEL PLAZA #675,US-136 & SR-27,Wayland,MO,345,3.30566666,Wayland,MO,40.442574,-91.607864
66972,PETRO STOPPING CENTER #339,"I-90, EXIT 272",Spokane,WA,970,3.959,Spokane,WA,47.666485,-117.436527
66987,LOVES TRAVEL STOP #354,"US-78 & I-20, EXIT 172",Thomson,GA,135,3.849,Thomson,GA,33.477363,-82.494204
66993,PILOT TRAVEL CENTER #198,US-30 & US-31,Plymouth,IN,465,3.859,Plymouth,IN,41.333897,-86.324087
66994,PILOT TRAVEL CENTERS #303,US-24/US-6 & SR-108,Napoleon                                ,OH,550,3.71066666,Napoleon,OH,41.390969,-84.143271
66995,PILOT TRAVEL CENTERS #322,"I-86, EXIT 37",Bath,NY,190,4.499,Bath,NY,42.345451,-77.323255
66997,LOVES TRAVEL STOP #289,"I-20, EXIT 49 & SR-531",Minden,LA,745,3.149,Minden,LA,32.632281,-93.288587
67008,TA ST LOUIS EAST TRAVEL CENTER,"I-55, EXIT 18",Troy,IL,574,3.379,Troy,IL,38.724275,-89.870848
67009,PILOT TRAVEL CENTERS #407,"I-35, EXIT 194",Clear Lake,IA,433,3.659,Clear Lake,IA,43.140607,-93.384978
67030,LOVES TRAVEL STOP #337,"I-90 & I-35, EXIT 11",Albert Lea,MN,515,4.089,Albert Lea,MN,43.653678,-93.370672
67034,LOVES TRAVEL STOP #356,"I-75, EXIT 167",North Baltimore,OH,550,3.34733333,North Baltimore,OH,41.186703,-83.680581
67037,LOVES TRAVEL STOP #332,I-71 EXIT 204,Burbank,OH,305,3.689,Burbank,OH,40.963725,-81.995753
67038,PILOT TRAVEL CENTERS #260,US-82/SR-520 & SR-300,Albany,GA,10,3.799,Albany,GA,31.567783,-84.161923
67039,ROAD RANGER #145,"I-44, EXIT 275",Fenton,MO,540,3.359,Fenton,MO,38.501489,-90.468299
67040,FLYING J TRAVEL PLAZA #603,US-431/SR-210 & US-231/SR-1,Dothan,AL,20,3.999,Dothan,AL,31.202888,-85.418036
67041,CIRCLE K #4707040,"I-95, EXIT 133 & US-201",Skowhegan,ME,170,3.72566666,Skowhegan,ME,44.777212,-69.697571
67044,PILOT TRAVEL CENTER #1212,"I-10, EXIT 45",Salome,AZ,930,3.959,Salome,AZ,33.748141,-113.571459
67047,Circle K #2746490,"I-90, EXIT 332",Mitchell,SD,455,3.064,Mitchell,SD,43.710921,-98.027026
67051,PILOT TRAVEL CENTERS #208,"I-44, EXIT 257",Pacific                                 ,MO,540,3.324,Pacific,MO,38.492168,-90.747968
67053,TA LAREDO TRAVEL CENTER,"I-35/US-83, EXIT 13",Laredo,TX,693,3.649,Laredo,TX,27.515538,-99.498579
67054,LOVES TRAVEL STOPS #436,"I-80, EXIT 118",Salt Lake City,UT,835,3.649,Salt Lake City,UT,40.755851,-111.896657
67055,FLYING J TRAVEL PLAZA #641,I-15,Mccammon,ID,825,3.749,Mccammon,ID,42.63362,-112.175758
67056,Arco,US-2 & US-59,Erskine,MN,355,3.399,Erskine,MN,47.661817,-96.012173
67057,PILOT TRAVEL CENTERS #146,"I-90, EXIT 12",Castleton On Hudson,NY,12,3.999,Castleton On Hudson,NY,42.538243,-73.709529
67058,PILOT TRAVEL CENTER #368,"I-72, EXIT 144",Decatur                                 ,IL,280,3.459,Decatur,IL,39.827137,-88.925984
67060,PILOT TRAVEL CENTERS #151,"I-5, EXIT 99NE",Olympia,WA,977,4.599,Olympia,WA,47.012906,-122.876311
67063,PILOT TRAVEL CENTERS #330,"I-35, EXIT 184 SW",New Braunfels,TX,740,3.399,New Braunfels,TX,29.694733,-98.113041
67064,LOVES TRAVEL STOP #385,"I-40, EXIT 101 & US-281",Hinton,OK,483,3.38566666,Hinton,OK,35.4675,-98.331348
67065,TA GREENWOOD TRAVEL CENTER,"I-20, EXIT 5 & US-79",Greenwood,LA,745,3.16566666,Greenwood,LA,32.424025,-93.969252
67066,LOVES TRAVEL STOP #361,"I-80, EXIT 168",Newton,IA,320,3.76233333,Newton,IA,41.699173,-93.045456
67067,LOVES TRAVEL STOP #377,"I-76/US-6, EXIT 31 & SR-52",Hudson,CO,800,3.459,Hudson,CO,40.060555,-104.653208
67069,FLYING J TRAVEL PLAZA #621,"I-70, EXIT 359 & US-24",Limon,CO,800,3.874,Limon,CO,39.263889,-103.691667
67070,CASEYS #4225,"SR-155N, EXIT 26-A",Nashville,TN,460,3.06233333,Nashville,TN,36.167028,-86.778441
67071,FAS MART #5154,"I-270, EXIT 3 & SR-3",Hartford,IL,574,3.279,Hartford,IL,38.829852,-90.074533
67073,PILOT TRAVEL CENTERS #81,"I-79, EXIT 99",Portersville,PA,165,4.259,Portersville,PA,40.948651,-80.172965
67075,CM FOREST GOLD,SR-16,Amite,LA,600,3.399,Amite,LA,30.718208,-90.570493
67076,CASH MAGIC LUCKY MAGNOLIA,SR-63/SR-16,Denham Springs,LA,600,3.399,Denham Springs,LA,30.5821,-90.9341
67077,CASH MAGIC BROUSSARD SOUTH,US-90,Broussard,LA,600,3.399,Broussard,LA,30.12189,-91.950171
67078,CASH MAGIC SILVER FOX,SR-63/SR-16,Denham Springs,LA,600,3.399,Denham Springs,LA,30.5821,-90.9341
67081,LOVES TRAVEL STOP #376,"I-85/SR-403, EXIT 28 & SR-54/SR-100",Hogansville,GA,18,3.689,Hogansville,GA,33.164382,-84.930856
67082,PILOT TRAVEL CENTERS #179,"I-81, EXIT 5-B",Hagerstown,MD,22,3.959,Hagerstown,MD,39.632022,-77.737215
67085,PILOT TRAVEL CENTERS #210,"I-287, EXIT 66 & SR-17",Mahwah,NJ,105,3.899,Mahwah,NJ,41.074473,-74.155974
67086,SPEEDWAY #7945,SR-24,Swansboro,NC,205,3.699,Swansboro,NC,34.699066,-77.135013
67087,SPEEDWAY #8189,"I-40, EXIT 408 & SR-210 & US-117",Rocky Point,NC,245,3.60566666,Rocky Point,NC,34.434418,-77.923448
67088,PILOT #4580,"I-26, EXIT 82",Prosperity,SC,30,3.42566666,Prosperity,SC,34.183243,-81.532353
67090,LOVES TRAVEL STOP #373,US-69 & PLATTER RD,Calera,OK,253,3.229,Calera,OK,33.928872,-96.410205
67091,SPEEDWAY #7903,SR-211,Raeford,NC,63,3.699,Raeford,NC,34.989009,-79.22276
67092,SPEEDWAY #8288,US-64 & SR-149,Plymouth,NC,177,3.20733333,Plymouth,NC,35.850826,-76.743148
67094,SPEEDWAY #7943,US-64/SR-49 & US-220,Asheboro,NC,65,3.54233333,Asheboro,NC,35.693496,-79.819678
67095,SPEEDWAY #8297,US-17 & US-17 BYP,Chocowinity,NC,205,3.13233333,Chocowinity,NC,35.481409,-77.086801
67096,SPEEDWAY #6997,I-95/US-301,Fayetteville,NC,63,3.39566666,Fayetteville,NC,35.05099,-78.842255
67097,SPEEDWAY #8298,SR-11/SR-55,Kinston,NC,205,3.353,Kinston,NC,35.278333,-77.585969
67101,SPEEDWAY #7974,US-601 & SR-24/SR-27,Midland,NC,46,3.429,Midland,NC,35.247724,-80.531853
67103,SPEEDWAY #8225,US-13/US-17 & US-64,Williamston,NC,205,3.849,Williamston,NC,35.660154,-77.048344
67106,PILOT TRAVEL CENTER #4656,"I-295, EXIT 3-A & US-460",Disputanta,VA,180,3.57233333,Disputanta,VA,37.148268,-77.273172
67107,SPEEDWAY/7fleet #4595,US-501 & SR-544,Conway,SC,205,3.089,Conway,SC,33.873066,-79.055712
67108,SPEEDWAY/7fleet #4594,SR-90,Longs,SC,205,3.309,Longs,SC,33.906408,-78.793359
67109,SPEEDWAY #4676,US-13/SR-32,Suffolk,VA,130,3.799,Suffolk,VA,36.866823,-76.559811
67113,COLUMBUS WEST TRAVEL CENTER,"US-151, EXIT 118",Columbus,WI,420,3.119,Columbus,WI,43.331494,-89.027089
67114,SPEEDWAY #1415,"I-57, EXIT 306 & US-45/US-52",Kankakee,IL,280,3.339,Kankakee,IL,41.116582,-87.869607
67115,CIRCLE K #3912,"I-24/SR-27, EXIT 155 & SR-28",Jasper,TN,285,2.889,Jasper,TN,35.066603,-85.614737
67117,MCCLURE OIL #65,US-31 & SR-38,Cicero                                  ,IN,375,3.889,Cicero,IN,40.126781,-86.024844
67118,ABELS QUIK SHOP #20,US-36 & CR-437,Hannibal,MO,540,3.06566666,Hannibal,MO,39.70636,-91.38387
67119,EASTWAY TRUCKSTOP,SR-80,Somerset,KY,410,3.599,Somerset,KY,37.073853,-84.604362
67120,LOVES TRAVEL STOP #379,"I-10 & CR 255, EXIT 262 SW",Lee,FL,20,3.789,Lee,FL,30.397863,-83.284392
67121,BETTY BEAVERS TRUCKSTOP,"I-88, EXIT 12 & CR-48",Otego                                   ,NY,12,3.819,Otego,NY,42.41333,-75.207883
67122,WORKMANS TRAVEL CENTER,"I-540, EXIT 24 & SR-282",Alma,AR,735,3.37233333,Alma,AR,35.500043,-94.207337
67125,LOVES TRAVEL STOP #370,I-80 EXIT 234,Hubbard,OH,573,3.46566666,Hubbard,OH,41.162401,-80.576192
67126,PILOT TRAVEL CENTERS #366,"I-40, EXIT 85 CHRISTMASVILLE RD",Jackson,TN,435,3.509,Jackson,TN,35.610222,-88.814011
67127,LOVES TRAVEL STOP #381,"I-65, EXIT 322 & CR-55",Falkville,AL,615,3.849,Falkville,AL,34.347653,-86.913086
67129,PILOT TRAVEL CENTER #920,"I-70, EXIT 54",Colby,KS,525,3.634,Colby,KS,39.383038,-101.044169
67130,Pilot Travel Centers #473,"I-55, EXIT 248 & US-6",Channahon                               ,IL,290,3.359,Channahon,IL,41.434664,-88.213786
67133,LOVES TRAVEL STOP #365,I-80 EXIT 352,Wells,NV,835,3.71566666,Wells,NV,41.129798,-114.532752
67137,PILOT TRAVEL CENTERS #485,"I-80, EXIT 173",Winnemucca                              ,NV,966,3.77066666,Winnemucca,NV,40.966418,-117.746693
67138,Kum N Go #0561,US-65 & SR-744,Springfield,MO,535,2.899,Springfield,MO,37.2152,-93.295
67139,LOVES TRAVEL STOP #383,I-71 EXIT 55 & SR-1039,Sparta,KY,415,3.749,Sparta,KY,38.725582,-84.881334
67140,Maverik Country Store #5069,I-35 EXIT 133,Ellsworth,IA,320,3.09566666,Ellsworth,IA,42.30086,-93.548979
67141,KUM & GO #0022,"I-80, EXIT 182 & SR-146",Grinnell,IA,320,3.19733333,Grinnell,IA,41.742081,-92.734432
67143,ALL AMERICAN STORES #7,US-30,Fort Wayne,IN,370,3.559,Fort Wayne,IN,41.0716,-85.1367
67149,HOOPS TRAVEL CENTER,I-39 & SR-21,Coloma,WI,395,3.18233333,Coloma,WI,44.027462,-89.494332
67150,Maverik Country Store #5119,"US-30, EXIT 150",Ames,IA,320,3.08233333,Ames,IA,42.029859,-93.639398
67151,CASEYS #2523,"SR-163, EXIT 29 & SR-14",Monroe,IA,320,3.199,Monroe,IA,41.535619,-93.072551
67155,PILOT TRAVEL CENTER #1219,"I-70, EXIT 61",Vandalia,IL,540,3.699,Vandalia,IL,38.94391,-89.104116
67158,GOLDEN GATE AUTO TRUCK PLAZA,"I-80 , EXIT 32",Sparks,NV,966,3.539,Sparks,NV,39.547254,-119.755588
67160,LOVES TRAVEL STOPS #378,"I-77, EXIT 132 ",Ripley,WV,44,3.589,Ripley,WV,38.809042,-81.701987
67162,PILOT TRAVEL CENTER #495,"I-80 , EXIT 201",Brooklyn,IA,380,3.699,Brooklyn,IA,41.732147,-92.428462
67163,LOVES TRAVEL STOP #358,"I-78, EXIT 23",Hamburg,PA,208,3.85733333,Hamburg,PA,40.548799,-75.987361
67164,FLYING J TRAVEL PLAZA #510,"I-15 , EXIT 188",Scipio,UT,835,3.689,Scipio,UT,39.245,-112.103333
67165,SOMERSET TRAVEL CENTER,"I-76 , EXIT 110",Somerset,PA,14,4.219,Somerset,PA,40.024813,-79.080814
67166,Circle K #4705726,US-33,Carroll,OH,315,3.24566666,Carroll,OH,39.795743,-82.708358
67167,LOVES TRAVEL STOP #372,"I-84, EXIT 374",Ontario,OR,982,3.689,Ontario,OR,44.04156,-116.978268
67168,LOVES TRAVEL STOP #455,"I-70, EXIT 145",Ellis,KS,525,3.623,Ellis,KS,38.947128,-99.52851
67169,JD ORANGEBURG,US-301/US-601/SR-4,Orangeburg,SC,135,3.34233333,Orangeburg,SC,33.502545,-80.859282
67170,FAST TRACK #410,"I-10, EXIT 258",Madison                                 ,FL,20,3.749,Madison,FL,30.480209,-83.406678
67174,KWIK STAR #419,"US-218, EXIT 218",Charles City,IA,433,3.539,Charles City,IA,43.068327,-92.676062
67175,KWIK STAR #428,SR-9,Cresco,IA,515,3.524,Cresco,IA,43.363007,-92.125954
67178,KWIK STAR #701,US-63,Denver,IA,565,3.499,Denver,IA,42.673137,-92.341701
67182,KWIK STAR #817,US-52 & SR-24,Calmar,IA,565,3.579,Calmar,IA,43.197402,-91.912579
67185,KWIK TRIP #385,SR-19/SR-3,Northfield,MN,451,3.499,Northfield,MN,44.458724,-93.166826
67186,KWIK TRIP #424,SR-15 & CR-26,Fairmont,MN,425,3.399,Fairmont,MN,43.637592,-94.45095
67192,KWIK TRIP #464,US-63,Rochester,MN,515,3.54066666,Rochester,MN,44.049572,-92.48962
67193,KWIK TRIP #609,SR-16 & SR-43,Rushford,MN,515,3.499,Rushford,MN,43.821626,-91.75365
67195,KWIK TRIP #646,US-169 & CR-53,Blue Earth,MN,425,3.324,Blue Earth,MN,43.639426,-94.092379
67196,KWIK TRIP #753,US-14 & SR-42,Eyota,MN,515,3.61566666,Eyota,MN,44.004294,-92.244068
67200,KWIK TRIP #319,SR-13,Spencer,WI,395,3.47566666,Spencer,WI,44.739148,-90.311406
67202,KWIK TRIP #328,US-53 & SR-95,Blair,WI,295,3.23733333,Blair,WI,44.296843,-91.223501
67204,KWIK TRIP #337,SR-65,New Richmond,WI,451,3.499,New Richmond,WI,45.159819,-92.551333
67206,KWIK TRIP #352,US-53,Chippewa Falls,WI,295,3.40733333,Chippewa Falls,WI,44.932202,-91.384376
67207,KWIK TRIP #354,SR-26,Watertown,WI,420,3.37233333,Watertown,WI,43.194722,-88.728889
67208,KWIK TRIP #363,US-14 & CR-O,Richland Center,WI,420,3.389,Richland Center,WI,43.362714,-90.391378
67209,KWIK TRIP #386,SR-64,Merrill,WI,395,3.499,Merrill,WI,45.180924,-89.690696
67211,KWIK TRIP #392,SR-49/SR-23,Ripon,WI,582,3.39066666,Ripon,WI,43.845402,-88.842433
67219,KWIK TRIP #455,US-8 & SR-27,Ladysmith,WI,295,3.27233333,Ladysmith,WI,45.471941,-91.108804
67220,KWIK TRIP #456,"US-18/151, EXIT 79 & CR-PB",Verona,WI,420,3.579,Verona,WI,42.999913,-89.552247
67221,KWIK TRIP #457,"I-41/US-41, EXIT 116 & SR-44/SR-91",Oshkosh,WI,582,3.29066666,Oshkosh,WI,44.021962,-88.543635
67223,KWIK TRIP #476,"US-53, EXIT 140",Rice Lake,WI,295,3.43233333,Rice Lake,WI,45.510466,-91.733544
67226,KWIK TRIP #494,US-53 & SR-35,Onalaska,WI,515,3.33566666,Onalaska,WI,43.897392,-91.231419
67229,KWIK TRIP #740,SR-15,Hortonville,WI,582,3.509,Hortonville,WI,44.327306,-88.62813
67230,KWIK TRIP #750,US-14/US-61/SR-35,La Crosse,WI,515,3.299,La Crosse,WI,43.798938,-91.217494
67233,KWIK TRIP #807,US-10,Brillion,WI,582,3.36566666,Brillion,WI,44.17792,-88.083337
67234,KWIK TRIP #847,SR-33 & SR-82/SR-80,Wonewoc,WI,395,3.499,Wonewoc,WI,43.62848,-90.239357
67235,FLYING J TRAVEL PLAZA #507,I-35,Jarrell,TX,765,3.22066666,Jarrell,TX,30.748406,-97.600833
67237,OUTPOST TRAVEL CENTER,US-79 & CR-111,Minden,LA,745,3.13233333,Minden,LA,32.632281,-93.288587
67239,RELAY STATION,SR-1,Shreveport,LA,745,3.13233333,Shreveport,LA,32.503743,-93.748696
67241,RELAY STATION 3,SR-175,Frierson,LA,745,3.259,Frierson,LA,32.244968,-93.691488
67242,SPEEDWAY #6940,"I-77, EXIT 85 & SR-268",Elkin,NC,65,2.859,Elkin,NC,36.28723,-80.855365
67243,LOVES TRAVEL STOP #386,"I-40, EXIT 9 & SR-95",Lake Havasu City,AZ,910,3.92233333,Lake Havasu City,AZ,34.492879,-114.308083
67245,SPEEDWAY #4582,US-378,Conway,SC,205,3.089,Conway,SC,33.873066,-79.055712
67246,SPEEDWAY #7941,US-17 & SR-24,Jacksonville,NC,245,3.32566666,Jacksonville,NC,34.737456,-77.462815
67247,CIRCLE K #4707512,"I-93, EXIT 47",Methuen,MA,170,3.799,Methuen,MA,42.728019,-71.181031
67248,SPEEDWAY #6962,"I-40, EXIT 303",Garner,NC,177,2.92066666,Garner,NC,35.681254,-78.597527
67255,LOVES TRAVEL STOP #393,"I-55, EXIT 13",Mccomb,MS,620,3.239,Mccomb,MS,31.221594,-90.432449
67262,PILOT TRAVEL CENTER #497,"I-20, EXIT 165",Lincoln,AL,615,3.109,Lincoln,AL,33.605913,-86.111152
67264,CIRCLE K #4707016,US-1,Princeton,ME,170,3.88233333,Princeton,ME,45.213091,-67.600826
67265,CIRCLE K #4707048,US-2,Lincoln,ME,170,3.73233333,Lincoln,ME,45.350832,-68.507693
67269,ONVO TRAVEL PLAZA - GOULDSBORO,"I-380, EXIT 13 & SR-507",Gouldsboro,PA,200,3.58566666,Gouldsboro,PA,41.2448,-75.503653
67271,KWIK TRIP #330,US-169 & SR-25,Belle Plaine,MN,451,3.379,Belle Plaine,MN,44.613852,-93.760394
67272,PILOT TRAVEL CENTER #922- TOWN PUMP,US-2 & SR-40,Columbia Falls                          ,MT,820,3.649,Columbia Falls,MT,48.353394,-114.178394
67273,LOVES TRAVEL STOP #396,I-26 EXIT 76,Newberry,SC,30,3.41566666,Newberry,SC,34.284661,-81.615741
67274,KWIK STAR #790,"US-20, EXIT 275 & SR-13",Manchester,IA,335,3.56233333,Manchester,IA,42.483418,-91.449001
67275,KWIK TRIP #481,US-61,Red Wing                                ,MN,451,3.324,Red Wing,MN,44.552779,-92.548559
67279,LOVES TRAVEL STOP #391,"I-74, EXIT 123",Saint Paul,IN,375,3.989,Saint Paul,IN,39.427747,-85.599374
67281,PARKERS SURRENCY #208,US-341/SR-27 & SR-121,Surrency,GA,195,3.58566666,Surrency,GA,31.648931,-82.198218
67282,RUTTERS #65,"I-81, EXIT 14 & US-11",Chambersburg,PA,70,4.399,Chambersburg,PA,39.931318,-77.657928
67283,PILOT #4597,"I-40, EXIT 258/SR-53",Gordonsville,TN,460,3.24566666,Gordonsville,TN,36.184317,-86.000818
67284,LOVES TRAVEL STOP #390,"I-80, EXIT 179",North Platte,NE,475,3.45566666,North Platte,NE,41.132595,-100.774631
67285,CASEY'S #4504,"I-35, EXIT 159 & CR-C47",Dows,IA,433,3.299,Dows,IA,42.661026,-93.505801
67292,LOVES TRAVEL STOP #304,"I-59, EXIT 174",Steele,AL,615,3.989,Steele,AL,33.941679,-86.228929
67293,KWIK TRIP #367,SR-33/CR-A,Fox Lake,WI,582,3.24566666,Fox Lake,WI,43.581507,-88.904081
67294,MAPLEFIELDS,"I-87, EXIT 42/SR-11",Champlain,NY,300,3.799,Champlain,NY,44.977292,-73.446603
67296,LOVES TRAVEL STOP #340,"I-15, EXIT 64 & US-93",Las Vegas,NV,910,3.689,Las Vegas,NV,36.172082,-115.122366
67297,BAR-B,I-20 EXIT 370 & FM-919,Gordon                                  ,TX,637,2.93233333,Gordon,TX,32.547828,-98.363211
67298,SPEEDWAY #5360,US-42,London,OH,315,3.099,London,OH,39.900074,-83.443899
67302,KUM & GO #0187,"I-90, EXIT 87",Sherburn,MN,440,3.18733333,Sherburn,MN,43.661089,-94.726877
67303,KUM & GO #0615,"I-29, EXIT 15",Elk Point,SD,527,3.07233333,Elk Point,SD,42.738219,-96.686954
67304,JACKRABBIT JUNCTION,"SR-60, EXIT 51 & CR-A22",Sibley                                  ,IA,521,3.26566666,Sibley,IA,43.406929,-95.7424
67305,RELAY STATION,"I-20, EXIT 3",Bethany,LA,745,3.12233333,Bethany,LA,32.366179,-94.003394
67306,150 QUICK STOP,US-150/SR-605,Bardstown,KY,415,3.17233333,Bardstown,KY,37.80835,-85.461343
67307,CMS FUELING CENTER,I-69 EXIT 153 AT MILE 153,Lapeer                                  ,MI,342,3.899,Lapeer,MI,43.057879,-83.333153
67308,FUEL STAR,SR-48,New Orleans,LA,619,3.279,New Orleans,LA,29.963071,-90.160953
67311,HOLIDAY STATIONSTORE #2746409,US-53 & CR-13,Duluth,MN,334,3.499,Duluth,MN,47.094431,-91.846731
67312,RHODES 101 STOP #790,"I-55, EXIT 91",Scott City                              ,MO,275,3.424,Scott City,MO,37.20771,-89.518081
67313,Majors 660 Diboll Truck Plaza,US-59,Diboll                                  ,TX,610,2.83233333,Diboll,TX,31.195028,-94.772911
67316,LOVES TRAVEL STOP #302,US-287 & US-412,Boise City,OK,585,3.40233333,Boise City,OK,36.728328,-102.535519
67321,LOVES TRAVEL STOP #388,"I-55, EXIT 246 & SR-35",Batesville,MS,655,3.46066666,Batesville,MS,34.331651,-89.91418
67322,LOVES TRAVEL STOP #398,"US-78, EXIT 81 & SR-178",Tupelo,MS,435,3.88233333,Tupelo,MS,34.253834,-88.720853
67323,PUMP & PANTRY #13,US-281/SR-92,Saint Paul,NE,330,3.30733333,Saint Paul,NE,41.224212,-98.443987
67325,LOVES TRAVEL STOP #225,"I-65, EXIT 93 & US-84",Evergreen,AL,720,3.339,Evergreen,AL,32.87297494349315,-86.81247245890411
67329,LOVES TRAVEL STOP #387,"I-85, EXIT 4",Fair Play,SC,16,3.21233333,Fair Play,SC,34.577548,-82.999874
67331,LOVES TRAVEL STOP #227,"I-20 /I-59, EXIT 100 & SR-216",Mc Calla,AL,615,3.159,Mc Calla,AL,33.284546,-87.102379
67333,PILOT #880,"I-84, EXIT 1",Montague,NJ,105,3.999,Montague,NJ,41.302259,-74.753956
67334,KWIK TRIP #338,US-51,Plover,WI,395,3.299,Plover,WI,44.450673,-89.542805
67335,TOP STOP MARKET,"I-24, EXIT 111",Manchester,TN,285,3.01566666,Manchester,TN,35.481667,-86.088611
67336,LOVES TRAVEL STOPS #342,"I-37, EXIT 72 & US-281",Three Rivers,TX,740,3.089,Three Rivers,TX,28.475646,-98.178162
67337,KWIK TRIP #422,"I-94, EXIT 322",Oak Creek,WI,444,3.744,Oak Creek,WI,42.88916,-87.902661
67338,HUTCH'S #114,US-81,Enid,OK,337,2.999,Enid,OK,36.402842,-97.862257
67340,MCCLURE,I-74 EXIT  34,Crawfordsville                          ,IN,375,3.61566666,Crawfordsville,IN,40.032524,-86.907424
67341,CASEYS #3898,"US-151, EXIT 49 & CR-E34",Anamosa,IA,380,3.359,Anamosa,IA,42.107763,-91.285115
67342,One9 #1414,"I-81, EXIT 128",Elliston,VA,185,3.24233333,Elliston,VA,37.212651,-80.249658
67343,EAGLE EXPRESS,US-41,Peshtigo,WI,360,3.399,Peshtigo,WI,45.045778,-87.729795
67344,DODGE CITY SHELL,"I-65, EXIT 299",Hanceville,AL,615,3.95233333,Hanceville,AL,34.051569,-86.784844
67345,STEELE SERVICE STATION,"I-59, EXIT 174",Steele,AL,587,3.889,Steele,AL,33.941679,-86.228929
67348,LOVES TRAVEL STOP #389,I-90 EXIT 241,Conneaut,OH,305,3.849,Conneaut,OH,41.934479,-80.580257
67350,DE PERE SUPER STORE,US-41,De Pere,WI,360,3.25566666,De Pere,WI,44.438779,-88.080613
67356,PRIDE CONVENIENCE STORE,"I-91, EXIT 8 & US-20",Springfield,MA,100,3.559,Springfield,MA,42.106,-72.5977
67357,LOVES TRAVEL STOP #353,"I-29, EXIT 62",Fargo,ND,341,3.52566666,Fargo,ND,46.900878,-96.793577
67358,KWIK TRIP #453,SR-35/SR-65,River Falls,WI,451,3.44733333,River Falls,WI,44.85501,-92.631275
67359,SAGE HILL TRAVEL CENTER,"I-15, EXIT 89 & US-91",Blackfoot                               ,ID,825,3.569,Blackfoot,ID,43.194327,-112.361545
67360,BP,"I-95/SR-405, EXIT 49 & SR-251",Darien                                  ,GA,195,3.539,Darien,GA,31.382574,-81.431175
67361,SUMNER TRUCK STOP,SR-167,Sumner,WA,977,4.299,Sumner,WA,47.203333,-122.239167
67362,TA Glenrio,"I-40, Exit 369 & SR-392",San Jon,NM,585,3.899,San Jon,NM,35.119848,-103.284599
67364,KWIK TRIP #373,"I-94, EXIT 295",Waukesha,WI,444,3.45733333,Waukesha,WI,42.999304,-88.219559
67365,KWIK TRIP #491,US-151,Manitowoc,WI,582,3.38233333,Manitowoc,WI,44.097122,-87.682303
67366,KWIK TRIP #499,"I-43, EXIT 57",New Berlin,WI,444,3.49066666,New Berlin,WI,42.97397,-88.155274
67367,KWIK TRIP #757,US-14/US-61/SR-27,Viroqua,WI,515,3.359,Viroqua,WI,43.54419,-90.893865
67368,KWIK TRIP #653,"I-39, EXIT 87 & US-51/SR-16",Portage,WI,420,3.274,Portage,WI,43.550145,-89.47139
67369,KENOSHA TRAVEL PLAZA,"I-94, EXIT 340/US-41 & SR-142",Kenosha,WI,444,3.719,Kenosha,WI,42.605228,-87.829945
67370,CIRCLE M #43,US-441/US-23/SR-15,Rabun Gap                               ,GA,30,3.549,Rabun Gap,GA,34.957552,-83.390122
67371,PARAMOUNT TRAVEL PLAZA,"I-30, EXIT 46 & SR-19",Prescott,AR,635,3.379,Prescott,AR,33.804029,-93.372544
67380,MILLERS TRAVEL CENTER,"I-80, EXIT 1",Wendover,UT,835,3.599,Wendover,UT,40.597396,-113.993573
67381,ENMARKET #875,US-78 & US-21,Branchville,SC,195,3.26566666,Branchville,SC,33.262802,-80.805931
67382,CORNER PANTRY TRAVEL PLAZA,SR-79 & SR-40,Hermosa,SD,506,3.299,Hermosa,SD,43.818845,-103.20596
67383,FRIENDSHIP FOOD MART #96,SR-101/SR- 2,Sandusky,OH,550,3.529,Sandusky,OH,41.434878,-82.70633
67391,SHOEMAKERS SHELL TRAVEL CENTER,I-80 EXIT 395 AT MILE 395,Lincoln,NE,413,3.349,Lincoln,NE,40.8169,-96.7103
67393,LOVES TRAVEL STOP #280,"I-10, EXIT 114",Buckeye,AZ,930,3.569,Buckeye,AZ,33.38896,-112.607728
67394,Circle K #2745133,US-23 & SR-38,Waycross,GA,75,3.399,Waycross,GA,31.219686,-82.364512
67395,KUM & GO #0267,"I-80, EXIT 267 & SR 38",Tipton,IA,380,2.98233333,Tipton,IA,41.756276,-91.136163
67396,Q C MART,US-61 & CR-E63,Welton,IA,270,3.699,Welton,IA,41.907472,-90.606785
67397,EXPRESS LANE #51,I-80 EXIT 93 ROUTE 71,Ottawa                                  ,IL,290,3.599,Ottawa,IL,41.352619,-88.841589
67398,CASEYS #3998,SR-13 & HWY-C,Lowry City                              ,MO,400,3.249,Lowry City,MO,38.140443,-93.711352
67400,SPEEDWAY #3547,I-75 & 696,Lima,OH,411,3.499,Lima,OH,40.764066,-84.097296
67401,QUIKTRIP #973,"I-45, EXIT 272",Hutchins,TX,630,2.88233333,Hutchins,TX,32.639586,-96.707021
67402,TA EXPRESS HOT SPRINGS,US-395/US-18 & SR-79,Hot Springs,SD,506,3.299,Hot Springs,SD,43.422308,-103.476555
67404,Meskwaki Travel Plaza,HIGHWAY 30 E,Tama,IA,486,3.234,Tama,IA,41.961642,-92.580049
67405,ANTELOPE TRUCK STOP,"I-80, EXIT 386",Burns                                   ,WY,795,3.199,Burns,WY,41.200297,-104.315521
67406,GETGO #3701,"I-99, EXIT 23",East Freedom                            ,PA,14,4.099,East Freedom,PA,40.328197,-78.447519
67408,STOCKTON TRAVEL CENTER,US-20/SR-78,Stockton                                ,IL,520,3.599,Stockton,IL,42.349224,-90.020185
67409,XTRA MART #7025,SR-146,Sutton,MA,175,3.649,Sutton,MA,42.140586,-71.748416
67410,STRIPES #40532,US-83 & US-277,Carrizo Springs,TX,740,3.349,Carrizo Springs,TX,28.52779,-99.863513
67411,LOVES TRAVEL STOP #226,"I-25, EXIT 104",Pueblo,CO,803,3.619,Pueblo,CO,38.287876,-104.584828
67414,PILOT TRAVEL CENTERS #590,"I-94, EXIT 100",Alexandria,MN,250,3.46566666,Alexandria,MN,45.881747,-95.381994
67416,CASEYS #4025,US-61/SR-92,Muscatine                               ,IA,380,3.299,Muscatine,IA,41.430378,-91.050928
67417,QUIKTRIP #444,"I-10 EXIT, 139",Phoenix,AZ,930,3.369,Phoenix,AZ,33.451,-112.0685
67418,KUM & GO #0080,"US-218/SR-27, EXIT 80 & SR-22",Riverside,IA,380,3.09733333,Riverside,IA,41.475792,-91.57414
67419,LOVES TRAVEL STOP #359,"I-75, EXIT 283",Cartersville,GA,18,3.55566666,Cartersville,GA,34.186975,-84.820401
67420,LOVES TRAVEL STOP #369,I-40 EXIT 163 & SR-48,Dickson,TN,460,3.17566666,Dickson,TN,36.076014,-87.399532
67421,LOVES TRAVEL STOP #375,US-79/SR-6 & FM-485,Hearne,TX,670,3.489,Hearne,TX,30.86686,-96.584256
67422,KUM & GO #0137,"I-80, EXIT 237",Tiffin,IA,380,3.099,Tiffin,IA,41.705833,-91.662778
67423,FIRELAKE GRAND TRAVEL PLAZA,"I-40, EXIT 178 & SR-102",Shawnee,OK,483,2.899,Shawnee,OK,35.34907,-96.931321
67424,FLORIDA 595 TRUCK STOP,"I-595/SR-84, EXIT 9 & US-441",Fort Lauderdale,FL,64,3.769,Fort Lauderdale,FL,26.121561,-80.128778
67425,LITTLEFIELD EXPRESS #15,"US-67, EXIT 55 & SR-258",Bald Knob,AR,695,3.309,Bald Knob,AR,35.311331,-91.550197
67426,Spearville Truck Stop,"I-56, 126 RD",Spearville                              ,KS,570,3.46566666,Spearville,KS,37.823473,-99.737041
67427,CASEYS #2907,I-57 & I-62,Charleston,MO,275,3.044,Charleston,MO,36.921341,-89.334207
67428,CONOCO,"I-95, EXIT 12",Carteret                                ,NJ,79,3.499,Carteret,NJ,40.582278,-74.231345
67429,7-ELEVEN #40396,"NJTP, EXIT 8A",Monroe Township,NJ,115,3.559,Monroe Township,NJ,40.342475,-74.433568
67431,SPARKYS ONE STOP #32,I-30 & CR 33,Carroll,IA,320,3.23233333,Carroll,IA,42.071972,-94.866664
67432,PILOT TRAVEL CENTERS #471,US-27 & US-17,Haines City,FL,140,3.559,Haines City,FL,28.095073,-81.614712
67434,SHELL FOOD MART,"I-35, EXIT 54",Cameron,MO,400,2.99066666,Cameron,MO,39.730892,-94.243723
67435,7 ELEVEN #40122,I-95 MM2,Newark,DE,160,3.459,Newark,DE,39.634869,-75.699339
67436,7-ELEVEN #40069,"I-81, EXIT 29",Shippensburg,PA,70,3.42233333,Shippensburg,PA,40.051359,-77.519477
67437,CANDIA FIRST STOP,"SR-101, EXIT 3",Candia                                  ,NH,170,3.899,Candia,NH,43.058514,-71.304857
67438,LOVES TRAVEL STOPS #363,"I-75, EXIT 358 & SR-326",Ocala,FL,225,3.329,Ocala,FL,29.1981,-82.0974
67439,LOVES TRAVEL STOPS #380,US-287/SR-114,Rhome,TX,630,3.089,Rhome,TX,33.054045,-97.481688
67440,PILOT TRAVEL CENTERS #503,"I-79, EXIT 146 & CR-77",Morgantown,WV,165,4.059,Morgantown,WV,39.6368,-80.018
67442,PILOT #4598,I-75 EXIT 56,Niota,TN,285,3.599,Niota,TN,35.581924,-84.57215
67443,PILOT #4599,"I-24, EXIT 135",Monteagle,TN,285,3.33566666,Monteagle,TN,35.240172,-85.822795
67612,FLYING J TRAVEL PLAZA #914- TOWN PUMP,"I-90, EXIT 96 & US-93/SR-200",Missoula,MT,820,3.609,Missoula,MT,46.856274,-114.025207
67613,KWIK STAR #490,"US-20, EXIT 225 & SR-27/SR-58",Cedar Falls,IA,565,3.524,Cedar Falls,IA,42.524071,-92.449725
67614,KWIK TRIP #622,US-14 & CR-5,Byron,MN,515,3.574,Byron,MN,44.037333,-92.630753
67615,KWIK TRIP #844,US-63,Lake City,MN,515,3.549,Lake City,MN,44.430493,-92.283778
67616,KWIK TRIP #887,"US-41, EXIT 139 & SR-15",Appleton,WI,582,3.30233333,Appleton,WI,44.277325,-88.397649
67617,Twice Daily Convenience Store #8046,"I-24, EXIT 31 & SR-249",Joelton,TN,460,3.349,Joelton,TN,36.328974,-86.916306
67618,7-ELEVEN #40441,I-80 MM 21E,West Unity,OH,550,3.66233333,West Unity,OH,41.575645,-84.442066
67619,7-ELEVEN #40442,"I-80, MM 21W",West Unity,OH,550,3.66233333,West Unity,OH,41.575645,-84.442066
67620,LOVES TRAVEL STOP #452,"I-35, EXIT 70",Pauls Valley,OK,253,3.649,Pauls Valley,OK,34.738506,-97.219501
67621,FLYING J TRAVEL PLAZA #925- TOWN PUMP,"I-15, EXIT 277",Great Falls,MT,815,3.63566666,Great Falls,MT,47.509812,-111.273397
67622,LOVES TRAVEL STOP #454,"I-5/US-12, EXIT 72",Chehalis,WA,977,4.589,Chehalis,WA,46.638193,-122.965764
67623,LOVES TRAVEL STOP #301,"I-90, EXIT 2",Post Falls,ID,970,3.74566666,Post Falls,ID,47.720475,-116.935349
67624,LOVES TRAVEL STOP #300,I-70 EXIT 304,Bennett,CO,800,3.32566666,Bennett,CO,39.725398,-104.427284
67625,LOVES TRAVEL STOP #453,"I-10, EXIT 130 & US-231",Cottondale,FL,20,3.553,Cottondale,FL,30.800359,-85.384672
67626,KWIK TRIP #316,SR-15 N/SR-22 E,Hutchinson,MN,451,3.279,Hutchinson,MN,44.894554,-94.384691
67627,PILOT #4556,"I-75, EXIT 329",Wildwood,FL,225,3.22566666,Wildwood,FL,28.845353,-82.03473
67628,LOVES TRAVEL STOP #394,"I-65,EXIT 230",Demotte,IN,365,3.51233333,Demotte,IN,41.171319,-87.249129
67629,KWIK TRIP #681,"I-94, EXIT 205",Saint Michael,MN,451,3.29733333,Saint Michael,MN,45.206409,-93.659253
67630,KWIK TRIP #630,US-151/SR-32/SR-57,Chilton,WI,582,3.36566666,Chilton,WI,44.024242,-88.182689
67634,54 TRUCK STOP,US-54,Mullinville                             ,KS,357,3.46566666,Mullinville,KS,37.571608,-99.46388
67635,LOVES TRAVEL STOP #456,I-280 EXIT 1B,Perrysburg,OH,550,3.76066666,Perrysburg,OH,41.542926,-83.592727
67636,LOVES TRAVEL STOPS #258,"I-35, EXIT 183",Ottawa,KS,336,3.239,Ottawa,KS,38.614247,-95.274519
67637,Power Gas & Truck Stop,US-1/US-9/US-46 & SR-5,Palisades Park                          ,NJ,115,3.219,Palisades Park,NJ,40.846238,-73.995436
67641,DANIEL BOONE TRAVEL CENTER,US-23 /US-421/US-58 & SR-871,Duffield,VA,405,3.55733333,Duffield,VA,36.704402,-82.80651
67642,GO MART FOOD STORE #103,SR-16 & CR 50/39,Ellenboro                               ,WV,44,3.699,Ellenboro,WV,39.282364,-81.060382
67643,QUALITY MART #62,I-77 EXIT 82,Jonesville,NC,65,2.859,Jonesville,NC,36.228571,-80.787029
67644,PARKERS #31 (DISCOUNT AVAILABLE),US-80/SR-26 & US-280,Ellabell,GA,195,3.03233333,Ellabell,GA,32.127304,-81.498302
67645,CIRCLE K #2721416,US-441 & SR-20,Gainesville,FL,75,3.899,Gainesville,FL,29.645029,-82.310046
67647,BUCHS TRUCK STOP,SR-7,Steubenville                            ,OH,542,3.69233333,Steubenville,OH,40.370638,-80.66115
67650,VIRGINIA FAST STOP,SR-78 & SR-125,Virginia,IL,318,3.759,Virginia,IL,39.945475,-90.212681
67651,SIMMONS,US-60/SR-21,Ellsinore,MO,275,3.424,Ellsinore,MO,36.945263,-90.74853
67652,ON THE GO TRAVEL CENTER,"I-435, EXIT 8",Kansas City,KS,400,3.999,Kansas City,KS,39.115733,-94.627139
67655,CIRCLE K #2706627,"I-10, EXIT 261",Slidell,LA,725,3.189,Slidell,LA,30.278411,-89.771192
67656,KWIK TRIP #888,US-10/US-49 & SR-54,Waupaca,WI,395,3.45733333,Waupaca,WI,44.348101,-89.110143
67657,KWIK TRIP #463,US-52/SR-60,Zumbrota,MN,515,3.524,Zumbrota,MN,44.303179,-92.671863
67658,MIRABITO #41,I-81 EXIT 13,Tully                                   ,NY,12,4.299,Tully,NY,42.806977,-76.13936
67664,CEFCO #16,SR-171,Godley,TX,637,2.98233333,Godley,TX,32.428174,-97.534865
67665,ALL STAR,US-75 N,Sabetha                                 ,KS,553,3.499,Sabetha,KS,39.89929,-95.811271
67666,5 STAR TRUCK STOP,"I-44, EXIT 137",Oklahoma City,OK,483,2.879,Oklahoma City,OK,35.3337,-97.4922
67668,ADVENTURE TRUCK PLAZA,SR-3185 & SR-3107,Thibodaux,LA,623,3.399,Thibodaux,LA,29.799213,-90.809605
67669,CHEVRON DBA ONE9 #1271,SR-86,Thermal,CA,900,4.259,Thermal,CA,33.543418,-116.11584
67676,VALERO,"I-530/US-65, EXIT 34 & SR-365",White Hall,AR,695,3.16566666,White Hall,AR,34.257001,-92.089718
67677,BIGGAS TRUCK STOP,US-190/SR-6 & FM-2818,Bryan,TX,670,3.199,Bryan,TX,30.632698,-96.36616
67678,7-ELEVEN #40301,I-90/I-80,Genoa,OH,550,3.66233333,Genoa,OH,41.530005,-83.358984
67682,CASEYS #2739,1323 E MAIN ST,Beloit,KS,336,3.359,Beloit,KS,39.45446,-98.111714
67683,CASEYS #2734,"I-80, EXIT 222",Cozad,NE,330,3.03233333,Cozad,NE,40.861934,-99.992091
67684,CASEYS #2490,"I-35, EXIT 124 & US-69",Story City,IA,320,3.06233333,Story City,IA,42.183487,-93.598811
67685,CASEYS #2792,"I-380/US-218, EXIT 13",Cedar Rapids,IA,380,3.499,Cedar Rapids,IA,41.9743,-91.655382
67686,CASEYS #2956,"I-315/US-81, EXIT 40",Hesston,KS,570,3.199,Hesston,KS,38.135951,-97.449458
67690,CEFCO #64,ST RT 14,Mexia,TX,765,3.099,Mexia,TX,31.678386,-96.495186
67695,MOREHEAD TRUCKSTOP,"I-64, EXIT 133 & SR- 801",Morehead,KY,255,3.599,Morehead,KY,38.199047,-83.443645
67697,FLORENCE TRAVEL PLAZA,"I-95, EXIT 150",Timmonsville                            ,SC,42,3.999,Timmonsville,SC,34.101241,-79.937845
67698,FRONTIER TRAVEL CENTER,US-12 & US-85,Bowman,ND,807,3.53233333,Bowman,ND,46.173316,-103.401965
67699,GAP FARMS TRAVEL CENTER,"I-20, EXIT 69 & SR-151",Arcadia                                 ,LA,590,3.249,Arcadia,LA,32.555643,-92.924529
67701,MARATHON,"I-94, EXIT 331",Casselton,ND,341,3.31566666,Casselton,ND,46.899195,-97.213821
67702,SPEEDWAY #6539,US-41/SR-45 & SR-52,Land O Lakes,FL,225,3.49566666,Land O Lakes,FL,28.2682,-82.465
67703,SPEEDWAY #6880,CR-611,Clearwater,FL,225,3.37733333,Clearwater,FL,27.9799,-82.7806
67705,CITGO,US-1,North Brunswick,NJ,115,3.18566666,North Brunswick,NJ,40.453767,-74.482285
67706,SPEEDWAY #3495,US-1/9,Elizabeth,NJ,115,3.599,Elizabeth,NJ,40.67169,-74.204335
67707,SPEEDWAY #3503,"I-95, EXIT 13 & I-278/US-1/US-9",Linden,NJ,115,3.429,Linden,NJ,40.635366,-74.255567
67711,HOUMA COTEAU TRAVEL PLAZA,I-90/SR-20,Houma                                   ,LA,725,3.06233333,Houma,LA,29.59433,-90.754808
67712,CASEYS #3810,"I-29, EXIT 132 & US-14",Volga,SD,530,3.279,Volga,SD,44.322354,-96.925148
67715,HUTCH'S #109,"I-40, EXIT 38",Elk City                                ,OK,483,2.969,Elk City,OK,35.410359,-99.421086
67716,HWY 19 SCALE,"SR-19/I-35, EXIT 66",Gaylord                                 ,MN,425,3.46566666,Gaylord,MN,44.546298,-94.195543
67718,SUNSTOP #622,SR-52 & SR-167,Hartford,AL,715,3.599,Hartford,AL,31.08598,-85.719204
67720,REFUEL #1046,"I-20, EXIT 116 & US-15",Bishopville,SC,42,3.309,Bishopville,SC,34.224101,-80.274988
67721,J AND D COUNTRYSIDE MARTHON,SR-76 & SR-173,Poplar Grove                            ,IL,520,3.499,Poplar Grove,IL,42.359365,-88.842774
67723,JET FOOD STORE #80,US-221/SR-135 & SR-206,Douglas                                 ,GA,10,3.45733333,Douglas,GA,31.497287,-82.846468
67724,LOVES TRAVEL STOP #458,"I-44, EXIT 88",Strafford,MO,416,3.37233333,Strafford,MO,37.279718,-93.10663
67726,SPEEDWAY #7909,"US-264, EXIT 73",Greenville,NC,205,3.13233333,Greenville,NC,35.6594,-77.3974
67727,SPEEDWAY #7907,US-264 & SR-33,Greenville,NC,205,2.944,Greenville,NC,35.6594,-77.3974
67728,SPEEDWAY #7905,SR-43 & SR-118,Vanceboro,NC,205,3.37566666,Vanceboro,NC,35.306255,-77.171618
67729,SPEEDWAY #6981,US-301 BYP,Rocky Mount,NC,177,3.43233333,Rocky Mount,NC,35.94265,-77.760816
67732,Quik Pik,US-275 & SR-9,West Point,NE,470,3.21566666,West Point,NE,41.84503,-96.731763
67734,TROTTER TRUCK PLAZA,ST 11,Ord,NE,330,3.299,Ord,NE,41.596187,-98.941783
67735,Fast Fuel,US-81/SR-3,Kingfisher,OK,483,3.19066666,Kingfisher,OK,35.863613,-97.947293
67736,SPEEDWAY #9855,I-10 EXIT 49,Fabens,TX,640,3.23566666,Fabens,TX,31.502222,-106.158056
67738,SUPER JACK TRUCK STOP,US-84,Brookhaven,MS,620,3.11566666,Brookhaven,MS,31.58581,-90.451995
67739,STRIPES #40819,SR-359,Orange Grove,TX,625,3.06566666,Orange Grove,TX,27.948659,-97.983835
67742,STRIPES 7FLEET #42514,"I-20, EXIT 138",Midland,TX,710,3.459,Midland,TX,31.989636,-102.06261
67743,STRIPES 7FLEET #42506,US-380 & US-277,Haskell,TX,575,3.539,Haskell,TX,33.157993,-99.730923
67744,STRIPES #40715,SR-107,La Villa,TX,639,3.169,La Villa,TX,26.298333,-97.928333
67745,STRIPES #40628,"I-2, EXIT 134 & US-83",Mission,TX,639,3.259,Mission,TX,26.24153,-98.342647
67746,STRIPES #40598,I-2/US-83,Mission,TX,639,2.869,Mission,TX,26.24153,-98.342647
67747,STRIPES 7FLEET #42424,US-87/US-190,Brady,TX,740,3.599,Brady,TX,31.128304,-99.3372
67748,STRIPES 7FLEET #42428,"I-20 EXIT, 115",Odessa,TX,710,3.069,Odessa,TX,31.8465,-102.3663
67749,STRIPES 7FLEET #42436,I-20 EXIT 134,Midland,TX,612,3.06566666,Midland,TX,31.989636,-102.06261
67750,STRIPES #40729,FM-511 & FM-802,Brownsville,TX,598,2.999,Brownsville,TX,25.933743,-97.517413
67753,STRIPES #40892,SR-359 & SR-16,Hebbronville,TX,625,3.28566666,Hebbronville,TX,27.2997,-98.682888
67754,Refuel #185,US-220,Stokesdale,NC,65,3.699,Stokesdale,NC,36.255217,-79.970528
67755,BLUE WATER #12,"I-526, EXIT 23",Charleston,SC,42,3.23233333,Charleston,SC,32.962223,-79.86533
67757,KEITH'S SUPERSTORE,"I-59, I-20, EXIT 160",Meridian,MS,705,3.049,Meridian,MS,32.357441,-88.655973
67758,CLARKS PUMP N SHOP #47,SR-10/SR-9,Vanceburg,KY,312,3.599,Vanceburg,KY,38.551511,-83.355448
67762,CEFCO #2008,US-83/US-62 & US-287,Childress,TX,770,2.91566666,Childress,TX,34.428124,-100.21017
67763,SHELL,US-72,Mount Pleasant,MS,435,3.399,Mount Pleasant,MS,34.9364,-89.5321
67764,NINNEKAH TRUCK STOP,US-277/US-81 & SR-19,Ninnekah,OK,483,3.229,Ninnekah,OK,34.91435,-97.933277
67766,STOP IN Food Store #8143,US-221/US-460 & SR-607,Montvale,VA,185,3.36566666,Montvale,VA,37.40696,-79.717462
67768,SHELL,US-60 & SR-657,Lewisport,KY,487,3.499,Lewisport,KY,37.909016,-86.895712
67771,DUCK THRU FOOD STORE #26,"I-95, EXIT 154 & SR-308 & SR-11/SR-42",Lewiston Woodville                      ,NC,177,3.399,Lewiston Woodville,NC,36.134416,-77.206631
67772,STEVES SHELL,"I-55, EXIT 42",Brookhaven                              ,MS,620,3.199,Brookhaven,MS,31.58581,-90.451995
67774,7-ELEVEN #39329,I-278/US-1,Linden,NJ,79,3.37566666,Linden,NJ,40.635366,-74.255567
67777,CIRCLE K #2721270,"I-95, EXIT 358B, SR-105",Jacksonville,FL,75,3.34233333,Jacksonville,FL,30.3163,-81.4175
67779,REATA PETROLEUM,I-76 & BARLOW RD,Fort Morgan                             ,CO,800,3.439,Fort Morgan,CO,40.254084,-103.803119
67782,SAMS MART #45,"I-40, EXIT 24 & SR-209",Waynesville,NC,405,3.599,Waynesville,NC,35.488611,-82.988889
67783,RUTTERS #4,US-30 & SR-1016/2011,Wrightsville                            ,PA,70,3.989,Wrightsville,PA,39.996559,-76.526971
67784,HAVANA CONVENIENCE,US-136,Havana                                  ,IL,368,3.799,Havana,IL,40.295995,-90.04952
67787,PWI #109,"I-20, EXIT 126",Midland,TX,710,2.999,Midland,TX,31.989636,-102.06261
67789,BEAR RIVER VALLEY CO OP,SR-13/SR-83,Corinne                                 ,UT,835,3.419,Corinne,UT,41.544986,-112.151388
67791,KINGSPORT TRUCK STOP,"I-81, EXIT 63",Kingsport,TN,405,3.899,Kingsport,TN,36.552766,-82.554034
67792,CUBBYS #113,US-20/US-275,Oneill                                  ,NE,470,3.22566666,Oneill,NE,42.485733,-98.645565
67793,PILOT TRAVEL CENTERS #131,"I-35, EXIT 34",Osceola                                 ,IA,320,3.439,Osceola,IA,41.029503,-93.771236
67794,ROAD RANGER #181,"I-55, EXIT 90",Springfield,IL,318,3.299,Springfield,IL,39.80004,-89.649531
67795,ROAD RANGER #263,"I-80, EXIT 93",Ottawa,IL,520,3.219,Ottawa,IL,41.352619,-88.841589
67797,CHEVRON,US-71 & SR-179,Coushatta                               ,LA,745,3.15566666,Coushatta,LA,32.050099,-93.315644
67798,SUNSTOP #631,SR-231/SR-53 & SR-123,Ozark,AL,20,3.599,Ozark,AL,31.439069,-85.643629
67801,SUNOCO,"I-275, EXIT 42/SR-747",Cincinnati                              ,OH,407,3.099,Cincinnati,OH,39.091293,-84.277383
67804,SUNSTOP #616,US-84/SR-134 & CR-1,Daleville,AL,20,3.399,Daleville,AL,31.281091,-85.730473
67806,84 QUICK STOP,I-84,Brookhaven                              ,MS,620,3.149,Brookhaven,MS,31.58581,-90.451995
67811,QUICK FUEL #5301,SR-360,Grand Prairie,TX,637,3.024,Grand Prairie,TX,32.76488,-97.01121
67813,LEROY TRUCK PLAZA,"I-74, EXIT 149",Le Roy,IL,280,3.479,Le Roy,IL,40.346781,-88.759813
67815,LOVES TRAVEL STOP #254,"I-70, EXIT 59 & SR-39",Mooresville,IN,375,3.929,Mooresville,IN,39.591469,-86.364173
67818,LOVES TRAVEL STOP #457,"I-30/US-67/US-70, EXIT 128",Little Rock,AR,695,3.24233333,Little Rock,AR,34.748342,-92.281939
67819,BREW #31,US-71/US-18,Spencer,IA,440,3.46566666,Spencer,IA,43.145107,-95.14569
67820,CIRCLE K #2723487,US-17 & SR-211,Supply,NC,245,3.289,Supply,NC,33.962504,-78.296089
67821,FAS MART #5261,SR-9 & SR-57,Tollesboro,KY,410,3.35233333,Tollesboro,KY,38.572332,-83.560458
67822,SPINX #178 (DISCOUNT AVAILABLE),"I-385, EXIT 42 & I-85, EXIT 51B & US-25",Travelers Rest,SC,210,3.19233333,Travelers Rest,SC,35.003929,-82.427179
67823,FLASH MARKET #17032,"I-555/US-63, EXIT 29 & SR-69",Trumann,AR,435,3.40733333,Trumann,AR,35.668914,-90.518738
67824,CIRCLE K #2723641,US-231/SR-87/SR-10/SR-53 & CR-21,Troy,AL,720,3.799,Troy,AL,31.7567,-85.9993
67826,VALLEN MART,US-14,Volga,SD,566,3.319,Volga,SD,44.322354,-96.925148
67827,GAS N GO,US-280/SR-27 & SR-520,Richland                                ,GA,10,3.199,Richland,GA,32.084578,-84.666724
67829,KWIK TRIP #721,SR-19 & SR-73,Marshall,WI,420,3.49733333,Marshall,WI,43.163639,-89.075331
67832,Sprint Mart #45,US-278/US-45,Tupelo,MS,742,3.189,Tupelo,MS,34.253834,-88.720853
67833,PETES #05,US-59 & US-400,Parsons,KS,307,3.299,Parsons,KS,37.338888,-95.269288
67835,CIRCLE K #2723782,"I-40, EXIT 38 & US-421",Greensboro,NC,65,3.08233333,Greensboro,NC,36.0726,-79.792
67837,PILOT TRAVEL CENTER #1054,US-183 & SR-21,Buda,TX,740,3.41566666,Buda,TX,30.091758,-97.853422
67839,EL TIGRE FOOD STORE #13,SR-336,Hidalgo                                 ,TX,639,3.21566666,Hidalgo,TX,26.102832,-98.253641
67841,CIRCLE K #2723844,US-15/US-501/US-1,Sanford,NC,177,3.049,Sanford,NC,35.464148,-79.176446
67842,CIRCLE K #4707627,"I-81, EXIT 48",Watertown,NY,220,4.099,Watertown,NY,43.974258,-75.912212
67844,UNCLE WILLIES #1288,US-13,Felton,DE,243,3.219,Felton,DE,39.022538,-75.582906
67846,CEDAR RIVER PLAZA,SR-35,Stephenson,MI,360,3.419,Stephenson,MI,45.416594,-87.62579
67847,E Z PICKENS,"US-20, EXIT 275 & SR-13",Manchester,IA,335,3.579,Manchester,IA,42.483418,-91.449001
67848,JEMISON EXXON,"I-65, EXIT 219 & CR-42",Jemison,AL,615,3.299,Jemison,AL,32.980539,-86.718052
67849,KUM & GO #0379,US-412/ US-63 & SR-25,Black Rock,AR,435,3.199,Black Rock,AR,36.114874,-91.117629
67850,SMILEYS FUEL CITY,"I-64/I-81, EXIT 205 & SR-206",Raphine,VA,185,3.539,Raphine,VA,37.937353,-79.221903
67854,CircleK #2709341,US-411,Chatsworth,GA,285,3.499,Chatsworth,GA,34.758929,-84.794293
67855,FAS MART #5262,"I-64, EXIT 94 & SR-1958/SR-2888",Winchester,KY,410,2.90733333,Winchester,KY,37.987161,-84.178894
67859,PILOT #1135,US-281,Falfurrias,TX,639,3.459,Falfurrias,TX,27.22416,-98.140844
67860,SHELL,"I-55, EXIT 227 & SR-32",Oakland,MS,435,2.999,Oakland,MS,34.075552,-89.887748
67861,CASEYS #4308,US-34,Chariton                                ,IA,320,3.539,Chariton,IA,41.022638,-93.30419
67862,SUNOCO TRUCK STOP,"I-70, EXIT 123 & SR-3",Spiceland,IN,375,3.399,Spiceland,IN,39.827078,-85.445043
67865,PILOT TRAVEL CENTER #897,"I-95, EXIT 12B, INTERSECTION OF SR-826 & 817",Opa Locka,FL,95,3.699,Opa Locka,FL,25.909662,-80.247004
67866,QUICK DRAW TRAVEL PLAZA,"I-20, EXIT 49 & SR-531",Minden                                  ,LA,590,3.01233333,Minden,LA,32.632281,-93.288587
67868,CHEVRON,SR-19,Huntsville                              ,TX,670,2.979,Huntsville,TX,30.7947,-95.5337
67871,BASIN MARKET #107,US-40,Vernal,UT,810,3.599,Vernal,UT,40.440613,-109.546883
67872,SMOKIES,US-45,Okolona                                 ,MS,576,3.099,Okolona,MS,33.989015,-88.759843
67874,RUTTERS #56,"I-83, EXIT 39A & SR-114",New Cumberland                          ,PA,70,3.899,New Cumberland,PA,40.215105,-76.868909
67875,EXXON TIGER MART,"US-67/US-167, EXIT 28 & US-64",Beebe,AR,695,3.299,Beebe,AR,35.093743,-91.907449
67876,KUM & GO #0880,"US-412, EXIT 36",Stillwater,OK,560,2.954,Stillwater,OK,36.104349,-97.060868
67877,CIRCLE K #4703701,I-24 EXIT 70,Smyrna,TN,460,3.03233333,Smyrna,TN,35.965611,-86.504818
67879,Strike,US-287/96/69 & SR-347,Beaumont,TX,610,3.499,Beaumont,TX,30.068805,-94.103896
67883,CASH MAGIC HOLLYWOOD,US-90,Berwick,LA,725,3.399,Berwick,LA,29.698786,-91.205662
67884,ROADRUNNER FUELS,US-550/SR-544,Aztec,NM,614,3.77566666,Aztec,NM,36.820499,-108.010982
67886,MAVERIK #5200,"I-70 BUSINESS, EXIT 25, CR-24",De Beque,CO,800,3.44233333,De Beque,CO,39.311764,-108.230405
67887,AIRLINE CHEVRON,US-61,Kenner                                  ,LA,725,3.099,Kenner,LA,29.991203,-90.247901
67890,KUM & GO #0449,US-60/US-71,Neosho,MO,535,3.05566666,Neosho,MO,36.870634,-94.386218
67892,TURRELL FUEL STOP,"I-55, EXIT 21",Turrell                                 ,AR,435,3.46566666,Turrell,AR,35.296936,-90.262979
67894,CIRCLE K #2705098,US-27 & SR-44,Leesburg,FL,140,3.57233333,Leesburg,FL,28.807965,-81.885772
67897,KENT KWIK #273,SR-302 & SR-18,Kermit,TX,710,3.039,Kermit,TX,31.85496,-103.091269
67900,SPRINT FOODS #725,"I-520, EXIT 16/SR-28",Beech Island                            ,SC,135,3.349,Beech Island,SC,33.427222,-81.891111
67906,ON THE GO,SR-239,Prescott,KS,400,3.199,Prescott,KS,38.071802,-94.700841
67908,CIRCLE K #2744062,"I-25, EXIT 74",Colorado City,CO,796,3.349,Colorado City,CO,37.945278,-104.834722
67910,G FUEL,US-40 & SR-140,Penns Grove,NJ,243,3.399,Penns Grove,NJ,39.717938,-75.465623
67917,STRIPES 7FLEET #42510,"I-10, EXIT 256/US-285",Fort Stockton,TX,710,3.379,Fort Stockton,TX,30.890785,-102.879942
67918,DELAWARE TRUCK STOP,"I-80, EXIT 4C/US-46",Delaware,NJ,90,3.079,Delaware,NJ,40.892778,-75.065
67922,EXXON,"I-20, EXIT 44 & US-371 & US-80/US-79",Minden,LA,745,3.399,Minden,LA,32.632281,-93.288587
67923,MONROE CENTER BP OASIS,"I-39, EXIT 111/US-51 & SR-72",Monroe Center                           ,IL,520,3.599,Monroe Center,IL,42.10501,-89.016946
67924,KUM & GO #0026,"I-90, EXIT 26",Adrian,MN,440,3.19066666,Adrian,MN,43.619683,-95.927261
67925,CHEVRON,US-61,Baton Rouge                             ,LA,600,3.899,Baton Rouge,LA,30.450731,-91.186954
67927,STONES TRUCK STOP,"I-29, EXIT 77/US-212",Watertown,SD,566,3.38233333,Watertown,SD,44.904295,-97.123977
67929,Circle K,SR-574,Plant City,FL,225,3.32566666,Plant City,FL,28.0168,-82.1289
67930,CIRCLE K #2721426,US-98/SR-30A & SR-368,Panama City,FL,145,3.29066666,Panama City,FL,30.160624,-85.649403
67931,Forks 1&23,US-1/US-23/SR-4 & SR-19,Alma                                    ,GA,195,3.599,Alma,GA,31.546525,-82.4633
67932,SPRINT MART #4144,US-82/US-45/SR-12 & SR-182,Columbus                                ,MS,576,3.01566666,Columbus,MS,33.537699,-88.426194
67933,SUNOCO,SR-50 & SR-471,Webster,FL,140,3.33566666,Webster,FL,28.577492,-82.092975
67934,WHISPERING PINES,SR-10,Greensburg                              ,LA,600,3.099,Greensburg,LA,30.864693,-90.725561
67935,CIRCLE K #2707610,"I-10, EXIT 26",Milton,FL,155,3.23233333,Milton,FL,30.660413,-87.047278
67938,TEXACO,"I-84, EXIT 376",Tremonton,UT,835,3.45566666,Tremonton,UT,41.701564,-112.181293
67939,DELTA FUEL,"I-80, EXIT 242 & SR-339",Mifflinville,PA,138,3.36566666,Mifflinville,PA,41.023473,-76.292396
67940,MARTIN GENERAL STORE,US-22,Ebensburg                               ,PA,14,3.524,Ebensburg,PA,40.480105,-78.726294
67941,FIESTA MART #21,"I-40, EXIT 278",Warner,OK,560,3.639,Warner,OK,35.494546,-95.306434
67943,LOVES TRAVEL STOP #459,"I-65, EXIT 133 & SR-267",Whitestown,IN,375,3.62233333,Whitestown,IN,40.00002,-86.350716
67949,7-ELEVEN #36835,"I-85, EXIT 32",Pelzer,SC,30,3.18233333,Pelzer,SC,34.646063,-82.467334
67952,CIRCLE K #2707682,"I-75, EXIT 164 & US-17/SR-35",Punta Gorda,FL,225,3.399,Punta Gorda,FL,26.915163,-82.053166
67957,CITGO,US-27,Hialeah,FL,64,3.47233333,Hialeah,FL,25.905,-80.3049
67965,DIAMOND #7,"I-65, EXIT 69",Brewton,AL,715,3.399,Brewton,AL,31.118926,-87.067325
67968,WHITESBURG BP,US-27/SR-16,Whitesburg                              ,GA,18,3.699,Whitesburg,GA,33.511093,-84.925426
67974,TALL TIMBERS TRUCKSTOP,"I-10, EXIT 23 & SR-108",Sulphur                                 ,LA,690,3.83233333,Sulphur,LA,30.219001,-93.363911
67976,KWIK TRIP #587,US-141 & SR-22,Lena,WI,582,3.28233333,Lena,WI,44.940494,-88.054308
67977,KUM & GO #4127,"I-29, EXIT 127",Sloan,IA,527,3.109,Sloan,IA,42.242726,-96.230634
67994,Pure,US-82/SR-520/SR-135,Willacoochee,GA,10,3.46566666,Willacoochee,GA,31.345481,-83.044931
67997,CIRCLE K #2745137,"I-75/SR-401, EXIT 149 & SR-49",Byron,GA,85,3.199,Byron,GA,32.647384,-83.762244
68002,CO RETAIL VENTURE DB,US-34 & SR-59,Yuma,CO,800,3.449,Yuma,CO,40.130063,-102.707174
68005,WESSON,"I-84, EXIT 22, SR-8, EXIT 22",Waterbury,CT,100,4.179,Waterbury,CT,41.558,-73.0519
68007,Highland oil,US-412,Hardy,AR,435,3.269,Hardy,AR,36.322746,-91.411027
68008,FAST LANE #3,US-64 & US-49,Mc Crory,AR,435,3.399,Mc Crory,AR,35.247292,-91.179327
68009,CIRCLE K #2741779,"US-270, EXIT 2",Hot Springs National Park,AR,695,3.369,Hot Springs National Park,AR,34.501475,-93.026024
68012,ROYAL FARMS #120,US-13/CR-16,Greenwood                               ,DE,194,3.259,Greenwood,DE,38.817519,-75.593547
68016,Chevron #386730,"I-10, EXIT 139",Phoenix                                 ,AZ,930,3.299,Phoenix,AZ,33.451,-112.0685
68017,TEXACO,SR-89,Prescott,AZ,930,3.739,Prescott,AZ,34.629909,-113.022459
68019,PAC PRIDE CARDLOCK,CR-25/CR-826,Miami,FL,95,3.479,Miami,FL,25.779,-80.1982
68020,EXXON,"I-10, EXIT 335/SR-121",Macclenny,FL,75,3.499,Macclenny,FL,30.273671,-82.132475
68026,MINIT MART #600627,"I-57, EXIT 312",Kankakee,IL,399,3.449,Kankakee,IL,41.116582,-87.869607
68029,MAPCO #3502,SR-151,Ringgold,GA,285,3.09233333,Ringgold,GA,34.92052,-85.154908
68030,FIVE STAR EXPRESS,"I-520/SR-415, EXIT 16 & SR-28",Augusta,GA,135,3.499,Augusta,GA,33.511692,-82.099505
68031,ORCHARD STOP BP,US-30,Montgomery                              ,IL,290,3.549,Montgomery,IL,41.717742,-88.331965
68033,CIRCLE K #2703175,"I-520/SR-415, EXIT 9 & SR-56",Augusta,GA,135,3.28233333,Augusta,GA,33.511692,-82.099505
68036,MOBIL,"I-95, EXIT 60",Salisbury,MA,178,3.599,Salisbury,MA,42.850678,-70.858822
68040,MISHAWAKA ROAD FLEET SITE,SR-19 & CR-20,Elkhart                                 ,IN,465,3.689,Elkhart,IN,41.710083,-85.972949
68043,CARROLL MOTOR FUELS,US-40,Middle River,MD,22,3.139,Middle River,MD,39.340098,-76.415255
68048,CASEYS #3961,SR-3 & SR-143,Marcus,IA,527,3.299,Marcus,IA,42.819959,-95.803431
68052,CUBBYS #302,SR-39 & SR-175,Odebolt,IA,319,3.31566666,Odebolt,IA,42.309514,-95.25005
68053,KJ TRAVEL CENTER,"US-20, EXIT 310",Idaho Falls,ID,825,3.40733333,Idaho Falls,ID,43.517679,-111.990626
68055,Gallops,US-20,Michigan City,IN,370,3.399,Michigan City,IN,41.698031,-86.869899
68062,FARMERS UNION OIL,US-83,Wilton                                  ,ND,390,3.899,Wilton,ND,47.170853,-100.794385
68065,Caseys #4450,US-160,Ulysses                                 ,KS,525,3.399,Ulysses,KS,37.579174,-101.348846
68067,PUMP & PANTRY #2,US-30 & US-281,Grand Island,NE,330,3.30733333,Grand Island,NE,40.921858,-98.341062
68068,ELGIN ONE STOP,SR-14 & SR-70,Elgin,NE,470,3.13733333,Elgin,NE,41.973239,-98.075082
68070,PAULS TRUCK STOP,US-171,Leesville                               ,LA,690,3.449,Leesville,LA,31.144292,-93.223957
68072,FAMILY FARE #834 (DISCOUNT AVAILABLE),"US-131, EXIT 175",Byron Center,MI,371,3.739,Byron Center,MI,42.801614,-85.713602
68073,BIG BATS 2,US-20,Chadron,NE,506,3.699,Chadron,NE,42.819268,-102.995331
68076,JENNINGS TRUCKSTOP,"I-10, EXIT 65",Jennings,LA,690,2.999,Jennings,LA,30.22011,-92.657405
68079,NORTH FORK TRUCK STOP,US-12/CR-103,White Pigeon,MI,465,3.559,White Pigeon,MI,41.792891,-85.67501
68080,SAMMYS TRUCK AUTO PLAZA,"I-49, EXIT 53",Bunkie                                  ,LA,730,3.399,Bunkie,LA,30.949284,-92.182582
68081,SHELL,SR-308 & SR-654,Mathews                                 ,LA,725,3.459,Mathews,LA,29.681982,-90.494914
68091,ALLTOWN MARKETS,"SR-101, EXIT 2",Auburn,NH,178,3.799,Auburn,NH,42.992529,-71.344892
68093,MARATHON,US-223/CR-52,Adrian,MI,385,3.599,Adrian,MI,41.900516,-84.044556
68095,ALEXS MARKET AND GRILL,"I-75, EXIT 101",Holly                                   ,MI,342,4.699,Holly,MI,42.790494,-83.612737
68100,REFINED MARKETERS,"I-96, EXIT 31A/US-131, EXIT 88",Grand Rapids                            ,MI,344,3.739,Grand Rapids,MI,42.9704,-85.6738
68102,SUNOCO,ST 17,Carlstadt                               ,NJ,115,3.16233333,Carlstadt,NJ,40.840298,-74.092498
68107,SPEEDWAY #4500,"I-35, EXIT 171/CR-11",Pine City,MN,451,3.549,Pine City,MN,45.832273,-92.982604
68110,CIRCLE K #4705573,SR-82,Grafton,OH,414,3.749,Grafton,OH,41.28537,-82.043098
68112,QUICK FUEL #3138,"I-35, EXIT 98/CR-26",Saint Paul,MN,448,3.61733333,Saint Paul,MN,44.902691,-93.096435
68113,CIRCLE K #4705571,ST 2,Holland,OH,550,3.549,Holland,OH,41.622629,-83.725712
68114,BP,US-130,Burlington                              ,NJ,230,3.14566666,Burlington,NJ,40.068015,-74.845353
68116,Circle K #2746335,"I-35, EXIT 22",Minneapolis,MN,448,3.799,Minneapolis,MN,45.049582,-93.246095
68122,CENEX,SR-11/SR-310,Roseau                                  ,MN,449,3.499,Roseau,MN,48.826809,-95.756709
68124,CIRCLE K #4705587,SR-585 & SR-57,Rittman,OH,249,3.659,Rittman,OH,40.968381,-81.782599
68129,CULVERS HAWKINS,"US-59/I-29, EXIT 43",Saint Joseph,MO,400,3.199,Saint Joseph,MO,39.768755,-94.838488
68133,CASEYS #4256,US-71/SR-175,Joplin                                  ,MO,416,3.069,Joplin,MO,37.096858,-94.505144
68140,CROSSROADS RATON TRUCK STOP,"I-25/US-85, EXIT 451 & US-87",Raton,NM,803,3.499,Raton,NM,36.895187,-104.434881
68147,Regal Truck Stop,SR 30,New Albany,MS,435,3.249,New Albany,MS,34.485051,-89.003058
68148,CIRCLE K #2723389,US-49,Gulfport,MS,715,2.944,Gulfport,MS,30.382556,-89.097618
68151,KUM & GO #0498,SR-125,Rogersville,MO,535,3.05233333,Rogersville,MO,37.131047,-93.096449
68154,LOVES TRAVEL STOP #395,"I-57, EXIT 308",Kankakee,IL,290,3.379,Kankakee,IL,41.116582,-87.869607
68155,SHEETZ #181,"I-80, EXIT 158 & SR-220",Bellefonte,PA,14,3.729,Bellefonte,PA,40.909377,-77.7642
68156,A PLUS MINI MARKET,"I-95, EXIT 26",Philadelphia                            ,PA,160,3.999,Philadelphia,PA,39.864998,-75.275196
68157,RAJS MINI MART,US-1/SR-29,Morrisville,PA,230,3.899,Morrisville,PA,40.212064,-74.822153
68158,SUNOCO,"I-78, EXIT 29A/SR-61",Shoemakersville,PA,90,3.639,Shoemakersville,PA,40.495495,-75.960313
68161,KWIK FILL #390,SR-15 & TABER RD,Blossburg,PA,138,3.684,Blossburg,PA,41.669771,-77.079711
68165,GOLDEN GATE Fallon,US-50,Fallon,NV,966,3.549,Fallon,NV,39.470254,-118.786112
68167,CIRCLE K #4707628,SR-90 & SR-5,Montezuma,NY,220,3.999,Montezuma,NY,43.01,-76.703611
68169,GOLDEN GATE GOLDEN VALLEY,"US-395, EXIT 73",Reno,NV,966,3.949,Reno,NV,39.526812,-119.811275
68174,MIRABITO #42,"I-81, EXIT 7",Castle Creek,NY,12,3.999,Castle Creek,NY,42.256805,-75.908746
68177,ONVO TRAVEL PLAZA - MIFFLINVILLE,"I-80, EXIT 242/CR-339",Mifflinville,PA,138,3.36566666,Mifflinville,PA,41.023473,-76.292396
68178,CIRCLE K #2723748,"I-20, EXIT 48",Pearl,MS,760,3.389,Pearl,MS,32.276837,-90.102714
68179,WEST PAK A POK,SR-8,Houston                                 ,MS,655,3.399,Houston,MS,33.902554,-88.967005
68180,One9 #1374,"I-81, EXIT 143, SR-924",Hazleton,PA,200,3.86233333,Hazleton,PA,40.962107,-75.978193
68185,CITGO,US-22/SR-72,Jonestown                               ,PA,70,3.749,Jonestown,PA,40.43607,-76.503842
68188,ONVO TRAVEL PLAZA - GIBSON,"I-81, EXIT 219 & SR-848",New Milford,PA,200,3.589,New Milford,PA,41.866409,-75.717113
68189,EAGLE EXXON,US-27/SR-29,Dayton,TN,285,3.399,Dayton,TN,35.500186,-85.013455
68191,MARTIN GENERAL STORE # 207,SR-865/I-99 EXIT 41,Altoona                                 ,PA,14,3.539,Altoona,PA,40.520945,-78.408901
68196,CATDADDY MARKET,SR-33,Tazewell,TN,405,3.299,Tazewell,TN,36.471012,-83.555219
68211,CEFCO #2005,"I-40, EXIT 73",Amarillo,TX,585,2.869,Amarillo,TX,35.203238,-101.842052
68212,CIRCLE K #2723415,"I-26, EXIT 16",Spartanburg,SC,210,3.099,Spartanburg,SC,34.935211,-81.965377
68213,CADOO MILLS,"I-30/US-67, EXIT 87 & FM-1903",Caddo Mills,TX,253,2.80066666,Caddo Mills,TX,33.068267,-96.239093
68215,COWBOY TRAVEL PLAZA,"I-10, EXIT 833",Hamshire,TX,610,2.899,Hamshire,TX,29.866769,-94.318739
68217,CIRCLE K #2723881,US-701 & US-501,Conway,SC,46,3.184,Conway,SC,33.873066,-79.055712
68225,OASIS TRUCK STOP,US-60 & US-83,Canadian,TX,585,3.299,Canadian,TX,35.885906,-100.353875
68227,QUARLES #4914,"I-64 EXIT 297, US-13",Chesapeake,VA,130,3.52566666,Chesapeake,VA,36.735246,-76.23843
68234,CIRCLE K #2723705,"I-81, EXIT 80 & SR-121",Wytheville,VA,65,3.26566666,Wytheville,VA,36.940669,-81.094082
68235,JOLLEY #113,"I-91, EXIT 28",Derby,VT,39,3.539,Derby,VT,44.950182,-72.137555
68236,TEX BEST #506,"I-35, EXIT 84",Dilley                                  ,TX,747,3.099,Dilley,TX,28.678201,-99.174684
68243,PILOT EXPRESS #1173,"I-5, EXIT 135",Tacoma,WA,977,4.599,Tacoma,WA,47.2764,-122.7583
68245,STRIPES #40705,US-77/SR-374,Combes,TX,665,2.91233333,Combes,TX,26.248333,-97.733611
68253,KENT KWIK #262,"CR-18/I-20, EXIT 80",Monahans,TX,710,2.859,Monahans,TX,31.581294,-102.900273
68256,EXTRA MILE TRUCK STOP,I-30 EXIT 208,Hooks,TX,723,2.81733333,Hooks,TX,33.477542,-94.269188
68257,LOVES TRAVEL STOP #292,"I-55, EXIT 220",Dwight,IL,290,3.349,Dwight,IL,41.088701,-88.415884
68258,CIRCLE K #2741536,SR-83/CR-1015,Weslaco,TX,639,3.03566666,Weslaco,TX,26.169444,-97.988714
68260,ALVARADO MARKET STATION,"I-35W, EXIT 26A & US-67",Alvarado,TX,637,2.844,Alvarado,TX,32.439499,-97.212971
68261,STRIPES #2294,US-83 & FM-1120,Leakey,TX,740,2.949,Leakey,TX,29.768951,-99.747913
68266,FREDS FUEL AND FOOD #2,"I-57, EXIT 283 & US-24",Gilman,IL,280,3.049,Gilman,IL,40.767987,-87.993336
68268,SPEED SMART,"I-10, EXIT 114",Buckeye,AZ,930,3.37233333,Buckeye,AZ,33.38896,-112.607728
68270,MPC #2,US-67 & CR-A,Fredericktown,MO,574,2.99066666,Fredericktown,MO,37.543716,-90.310527
68271,PHOENIX #308,ST 210,Rocky Point                             ,NC,245,3.619,Rocky Point,NC,34.434418,-77.923448
68273,CHISUM TRAVEL CENTER,US-70/US-54,Tularosa,NM,640,2.999,Tularosa,NM,33.065049,-106.010789
68274,CEFCO #6,SR-6 & SR-7,Marlin,TX,765,2.999,Marlin,TX,31.303592,-96.888942
68276,KWIK STAR #895,US-18/US-63 EXIT 204,New Hampton,IA,565,3.449,New Hampton,IA,43.056015,-92.313136
68277,WHITE OAK STATION #15,US-65,Harrison,AR,735,3.599,Harrison,AR,36.241707,-93.106162
68279,MACS MARKET #101,ST 22A,Fair Haven                              ,VT,12,3.599,Fair Haven,VT,43.62345,-73.270068
68282,SUNSTOP #612,US-84,Andalusia,AL,720,3.48566666,Andalusia,AL,31.297142,-86.490468
68290,WALTON TRUCK STOP,US-78/SR-10 & SR-83,Monroe                                  ,GA,16,3.999,Monroe,GA,33.808141,-83.707221
68292,GAS N GO,US-280/US-19,Americus,GA,10,3.299,Americus,GA,32.0881,-84.2362
68294,BP,"I-74, EXIT 51",Galesburg,IL,270,3.499,Galesburg,IL,40.952138,-90.369807
68298,MR FUEL #719,"I-80, EXIT 6",Gary,IN,365,3.56566666,Gary,IN,41.593333,-87.346389
68301,LOVES TRAVEL STOP #463,I-10 EXIT 604,Seguin,TX,740,3.179,Seguin,TX,29.561316,-97.962801
68302,FLYING J #493,I-95 EXIT 77,Saint George,SC,42,3.519,Saint George,SC,33.184532,-80.573246
68303,KWIK TRIP #351,SR-13 & SR-64,Medford,WI,295,3.40066666,Medford,WI,45.151185,-90.350306
68306,BIG D #018,SR-387 & SR-59,Gillette,WY,790,3.459,Gillette,WY,44.282009,-105.497442
68307,EXPRESSWAY LUVERNE,"I-90, EXIT 12",Luverne,MN,432,3.239,Luverne,MN,43.661366,-96.221562
68308,PINECONE TRAVEL PLAZA,"I-94, EXIT 267",Johnson Creek,WI,420,3.219,Johnson Creek,WI,43.075051,-88.783602
68311,SUN DO KWIK SHOP,SR-242,Evergreen                               ,NC,63,3.159,Evergreen,NC,34.375234,-78.884638
68314,Refuel #313,US-183 & SR-29,Liberty Hill                            ,TX,595,2.909,Liberty Hill,TX,30.662953,-97.931598
68315,SHELL,"I-40, EXIT 200 & SR-99",Seminole,OK,483,2.859,Seminole,OK,35.224444,-96.670278
68316,CIRCLE K #2723622,"I-75, EXIT 345",Ringgold,GA,285,3.07566666,Ringgold,GA,34.92052,-85.154908
68318,NINOS TRUCK PLAZA,"I-10, EXIT 151",Port Allen,LA,600,3.039,Port Allen,LA,30.471983,-91.254088
68319,HOLIDAY STATIONSTORE #2746484,US-61 & US-10,Hastings,MN,448,3.569,Hastings,MN,44.718932,-92.862566
68321,Big's #304,"I-35, EXIT 141",Moore,TX,740,2.999,Moore,TX,29.035377,-98.987403
68323,TRAINER MART,"I-10, EXIT 593",Marion,TX,740,2.999,Marion,TX,29.56835,-98.151709
68328,TONKAWA TRAVEL CENTER,"I-35, EXIT 214 & US-60",Tonkawa,OK,500,3.099,Tonkawa,OK,36.68062,-97.30634
68330,SHREES TRUCK STOP,"I-90, EXIT 149 & SR-281",George                                  ,WA,920,3.569,George,WA,47.079167,-119.854722
68332,CIRCLE K #2701526,"I-40, EXIT 208",Colfax,NC,65,2.95733333,Colfax,NC,36.100272,-80.010276
68333,GO MART FOOD STORE #106,US-250/US-219/SR-92/SR-55,Elkins                                  ,WV,44,3.499,Elkins,WV,38.925304,-79.847115
68335,PILOT #481,"I-75, EXIT 20",Mc Donald,TN,285,3.599,Mc Donald,TN,35.086902,-84.989198
68337,SPEEDWAY #1426,US-30 & SR-51,Merrillville,IN,290,3.88566666,Merrillville,IN,41.4957,-87.350932
68339,LOVES TRAVEL STOP #464,"I-10, EXIT 523 & US-87",Comfort,TX,740,3.21233333,Comfort,TX,29.979072,-98.843772
68343,HUTCH'S #119,I-40 EXIT 40,Elk City,OK,483,2.969,Elk City,OK,35.410359,-99.421086
68347,ENERGY EXPRESS TRAVEL CENTER,I-70 EXIT 247,Saint Louis,MO,540,2.909,Saint Louis,MO,38.642574,-90.324189
68348,HOT SPOT #6007,"I-85, EXIT 80",Spartanburg                             ,SC,210,3.089,Spartanburg,SC,34.935211,-81.965377
68349,SAPP BROS TRAVEL CENTER,"US-75, EXIT 116",Le Mars,IA,527,3.269,Le Mars,IA,42.79623,-96.170386
68350,JOAQUIN QUICK STOP,US-84,Joaquin,TX,618,3.43233333,Joaquin,TX,31.943989,-94.060833
68354,LEERJAK TRAVEL CENTER,US-60,Ellsinore,MO,275,3.409,Ellsinore,MO,36.945263,-90.74853
68359,LOVES TRAVEL STOP #466,"I-78, EXIT 65",Jasper,AL,615,3.55566666,Jasper,AL,33.871672,-87.249144
68360,A PLUS MINI MARKET,"I-95, EXIT 19",Philadelphia                            ,PA,160,4.049,Philadelphia,PA,39.864998,-75.275196
68361,DUCK THRU FOOD STORE #34,US-158 & US-17,Elizabeth City                          ,NC,130,3.499,Elizabeth City,NC,36.3019,-76.2236
68362,RUTTERS #5,US-30 & SR-997,Fayetteville,PA,70,3.859,Fayetteville,PA,39.906543,-77.53096
68364,Maplefields,"I-89, EXIT 19",Saint Albans                            ,VT,39,3.539,Saint Albans,VT,44.811138,-73.089025
68365,7-ELEVEN #36834,SR-72,Abbeville,SC,30,3.619,Abbeville,SC,34.18186,-82.378452
68366,MARATHON,US-68/SR-80,Russellville,KY,460,3.199,Russellville,KY,36.853074,-86.888708
68367,LOVES TRAVEL STOP #447,"I-10 E, EXIT 0",Anthony,TX,640,3.449,Anthony,TX,31.990718,-106.597625
68368,AKAL TRAVEL CENTER,I-80 EX 360,Waco,NE,413,2.799,Waco,NE,40.919826,-97.453352
68369,WORKMANS TRAVEL CENTER,"I-40 EXIT, 35 & SR-23",Ozark,AR,735,3.29733333,Ozark,AR,35.524645,-93.837423
68370,GULF EXPRESS DIESEL AND GAS,"I-295, EXIT 4 & SR-14",Johnston                                ,RI,175,3.799,Johnston,RI,41.826431,-71.497646
68372,SPEEDWAY #8062,SR-26/CR-00,Kokomo,IN,375,3.799,Kokomo,IN,40.49884,-86.145273
68375,PILOT #491,"I-81, EXIT 251 & US-11",Harrisonburg,VA,185,3.659,Harrisonburg,VA,38.448864,-78.871438
68377,PILOT #4568,I-20 EXIT 11,Graniteville,SC,135,3.39233333,Graniteville,SC,33.563016,-81.814686
68378,PILOT TRAVEL CENTERS #596,I-69 EXIT 196,Smiths Creek,MI,342,3.959,Smiths Creek,MI,42.922072,-82.574516
68381,Fast Stop Travel Centers #2241,US-26 S & SR-39,Blackfoot,ID,825,3.999,Blackfoot,ID,43.194327,-112.361545
68382,QUIKTRIP #766,US-29 & SR-316,Dacula,GA,18,3.32066666,Dacula,GA,33.988611,-83.898056
68383,AYERCO 32,US-61 & SR-P,Canton,MO,494,3.01566666,Canton,MO,40.143695,-91.547987
68386,KWIK TRIP #884,US-45 & SR-22,Clintonville,WI,582,3.559,Clintonville,WI,44.636442,-88.742999
68389,WEBERS OF PLYMOUTH,SR-57 N/CR-PP E,Plymouth,WI,582,3.499,Plymouth,WI,43.75258,-87.977906
68394,CHEVRON,"I-84, EXIT 343/CR-104",Ogden,UT,835,3.44233333,Ogden,UT,41.2443,-112.0072
68396,TOOT N TOTUM #44,SR-287 E/CR-335 N,Amarillo,TX,585,3.04233333,Amarillo,TX,35.203238,-101.842052
68403,RUTTERS #16,"I-83, EXIT 10 & SR-214",York,PA,70,4.199,York,PA,39.963539,-76.726887
68405,PILOT TRAVEL CENTER #1028,"I-45, EXIT 178/US-79 N",Buffalo,TX,765,3.549,Buffalo,TX,31.457151,-96.058516
68406,TOOT N TOTUM #114,US-385/US-54,Dalhart,TX,585,3.199,Dalhart,TX,36.073183,-102.517658
68411,PAWNEE TRAVEL PLAZA,US-412 & SR-18,Pawnee                                  ,OK,560,3.044,Pawnee,OK,36.336197,-96.79227
68416,STRIPES 7FLEET #42515,US-87 N,Lamesa,TX,710,3.099,Lamesa,TX,32.736677,-101.956914
68417,7-ELEVEN #42072,"I-20, EXIT 599/SR-281",Longview                                ,TX,766,3.20733333,Longview,TX,32.526854,-94.72328
68419,ROAD RANGERS #270,"I-35, EXIT 114/SR-462",Moore,TX,740,3.169,Moore,TX,29.035377,-98.987403
68420,SHELBINA Phillips 66,US-36 & SR-15,Shelbina,MO,494,3.099,Shelbina,MO,39.694718,-92.03706
68421,STRIPES,US-77,Refugio,TX,625,3.074,Refugio,TX,28.316944,-97.276665
68423,GOLDEN GATE TRUCKSTOP,"I-80, EXIT 106 & SR-398",Lovelock,NV,966,3.649,Lovelock,NV,40.1819,-118.468915
68424,MAVERICK TRAVEL CENTER,"I-20, EXIT 386/US-281",Santo                                   ,TX,637,3.099,Santo,TX,32.597935,-98.179675
68428,STRIPES #40519,US-90/CR-1023,Uvalde,TX,740,3.359,Uvalde,TX,29.217238,-99.793074
68432,PAPA ROCK,US-79/SR-76,Clarksville,TN,460,3.199,Clarksville,TN,36.522014,-87.348997
68434,Circle K #2741789,"I-30, EXIT 98 & US-270",Malvern,AR,695,3.439,Malvern,AR,34.355715,-92.829162
68440,EXPRESS GAS,"I-40, EXIT 2A/US-51",Memphis                                 ,TN,435,2.979,Memphis,TN,35.0337,-89.9343
68441,QUIKTRIP #1106,US-76,Anderson,SC,30,2.959,Anderson,SC,34.526051,-82.630436
68444,Sunoco,US-30,Roebling,NJ,160,3.159,Roebling,NJ,40.115352,-74.777224
68446,J J OIL #07,US-160,Ulysses,KS,525,3.399,Ulysses,KS,37.579174,-101.348846
68447,JUMPIN JACKS 419,SR-161,Rockport                                ,IN,487,3.999,Rockport,IN,37.885803,-87.07701
68451,CASEYS #3439,US-63,Lime Springs,IA,433,3.56566666,Lime Springs,IA,43.45563,-92.273324
68453,Marathon,US-82/US-27,Cuthbert,GA,10,3.699,Cuthbert,GA,31.771111,-84.789444
68458,SPEEDWAY #6278,"I-96, EXIT 16",Coopersville,MI,456,3.499,Coopersville,MI,43.06013,-85.951722
68462,CHEVRON,SR-24 & SR-660,Houma                                   ,LA,623,3.099,Houma,LA,29.59433,-90.754808
68463,SPANISH LAKE TRUCK AND CASINO PLAZA,SR-182,New Iberia,LA,730,3.329,New Iberia,LA,30.001027,-91.819959
68465,LOVES TRAVEL STOP #470,"I-75, EXIT 451",Jasper,FL,10,3.32733333,Jasper,FL,30.502914,-82.932186
68466,KWIK TRIP #462,SR-11 & SR-83,Burlington,WI,444,3.274,Burlington,WI,42.666034,-88.274886
68468,SHELL,SR-193/SR-163 & CR-26,Theodore,AL,715,3.039,Theodore,AL,30.544374,-88.180748
68469,8 MILE STORE,"US-64/I-40, EXIT 127",Conway,AR,695,3.399,Conway,AR,35.084199,-92.423574
68471,B LINE SHELL,SR-710,Jupiter                                 ,FL,140,3.95733333,Jupiter,FL,26.933938,-80.120091
68476,CREEK TRAVEL PLAZA,"I-65, EXIT 54",Atmore,AL,715,3.13566666,Atmore,AL,31.057245,-87.487347
68480,KUM & GO #0414,US-212/SR-265,Springdale,AR,645,3.14233333,Springdale,AR,36.183521,-94.176216
68493,FAST TRACK 427,"I-10, EXIT 225/US-19",Lamont,FL,20,3.739,Lamont,FL,30.365341,-83.900266
68494,LOVES TRAVEL STOPS #469,"I-85, EXIT 15 & US-1",South Hill,VA,180,3.949,South Hill,VA,36.712388,-78.153388
68497,JACKSONS FOOD STORE #30,"I-86, EXIT 61",Pocatello                               ,ID,825,3.459,Pocatello,ID,42.887592,-112.438142
68499,DUBOIS TRAVEL STOP,I-15 & MAIN,Dubois                                  ,ID,825,4.299,Dubois,ID,44.185769,-112.325852
68506,WARRIOR RIDGE,US-22 & SR-3035,Ashland,PA,14,3.699,Ashland,PA,40.773231,-76.342972
68511,PWI #675,I-10/US-85/US-180 EXIT 155 & SR-227,Vado,NM,640,2.949,Vado,NM,32.115,-106.663333
68512,BP,US-29/SR-154,Palmetto                                ,GA,18,3.249,Palmetto,GA,33.524195,-84.678999
68518,CHEVRON,SR-243,Gordon                                  ,GA,85,3.359,Gordon,GA,32.909212,-83.320416
68520,SPEED GAS,SR-56,Rosenhayn                               ,NJ,150,3.459,Rosenhayn,NJ,39.478056,-75.131667
68522,MINIT MART #600632,"I-474, EXIT 9 & SR-29",Pekin,IL,368,3.739,Pekin,IL,40.567435,-89.624332
68524,Coastal Fuel,US-421,Wilmington                              ,NC,245,3.399,Wilmington,NC,34.225304,-77.937856
68531,CASEYS #2845,"SR-150, I-380, EXIT 41",Urbana,IA,380,3.449,Urbana,IA,42.224167,-91.874167
68533,MACH ONE FOOD SHOP #17,US-45/US-50,Flora,IL,510,3.899,Flora,IL,38.670337,-88.49186
68534,BG FOOD MART,US-31,Bowling Green,KY,460,3.05733333,Bowling Green,KY,37.007874,-86.455891
68535,CASEYS #3295,SR-35 & SR-27,Prairie Du Chien,WI,420,3.499,Prairie Du Chien,WI,43.042649,-91.119305
68541,DUCK THRU #3,SR-11 & SR-561,Ahoskie,NC,130,3.56233333,Ahoskie,NC,36.295737,-76.996632
68542,EXCELL FUELS,SR-5,Buffalo,NY,38,3.999,Buffalo,NY,42.896659,-78.884575
68549,GOOD 2 GO #212,US-310/SR 789,Lovell,WY,780,3.657,Lovell,WY,44.833637,-108.414107
68552,HUCKS FOOD & FUEL #368,"US-41, EXIT 44/SR-281",Madisonville,KY,340,3.399,Madisonville,KY,37.325551,-87.495326
68556,MONICARLO FUEL STOP,US-61 & SR-54,Garyville                               ,LA,623,3.199,Garyville,LA,30.05352,-90.620113
68559,KUM & GO #0779,"I-35, EXIT 92 & US-136",Bethany,MO,320,2.95566666,Bethany,MO,40.260055,-94.018863
68562,CHEVRON,SR-3235,Galliano                                ,LA,725,3.499,Galliano,LA,29.431125,-90.298054
68572,FOOD N FUN #17,US-90 & SR-83 & CR-605,New Iberia                              ,LA,730,3.067,New Iberia,LA,30.001027,-91.819959
68574,SPRING STREET SERVICE STATION,US-1/US-9,Elizabeth                               ,NJ,115,3.099,Elizabeth,NJ,40.67169,-74.204335
68581,CHEVRON #308195,"I-82, EXIT 58/US-12 & SR-223",Granger,WA,977,4.329,Granger,WA,46.348045,-120.181848
68588,SHELL,"US-202, EXIT 16",Orange,MA,175,3.649,Orange,MA,42.591231,-72.305867
68592,Sprint Food #742,US-25/SR-121,North Augusta                           ,SC,135,3.159,North Augusta,SC,33.517766,-81.934794
68593,ONE9 #1285,"I-20, EXIT 386 & US-281",Santo,TX,575,2.924,Santo,TX,32.597935,-98.179675
68594,CIRCLE K #2723796,SR-S-8-33 & SR-S-8-119,Charleston,SC,42,3.199,Charleston,SC,32.962223,-79.86533
68595,SUPER LUCKY LOUIES,US-190/SR-1,Port Allen                              ,LA,600,3.03233333,Port Allen,LA,30.471983,-91.254088
68596,FLASH MARKET SHELL,US-63,Koshkonong,MO,418,3.499,Koshkonong,MO,36.605553,-91.630411
68598,7-ELEVEN #41032,US-84 & US-259,Mount Enterprise,TX,618,3.349,Mount Enterprise,TX,31.9125,-94.623505
68602,NEW DIXIE MART #19,"I-95, EXIT150",Whitakers,NC,205,3.339,Whitakers,NC,36.075797,-77.716743
68606,SAMS MART #95,SR-49,Harrisburg                              ,NC,46,3.799,Harrisburg,NC,35.324731,-80.659401
68613,SHEETZ #236,SR-441 & SR-772,Marietta,PA,70,3.389,Marietta,PA,40.066442,-76.564527
68618,MINER TOWNE MART,206 R-11,Shullsburg,WI,335,3.399,Shullsburg,WI,42.57856,-90.226619
68621,CIRCLE K #2723367,"I-77, EXIT 8 & SR-148",Fancy Gap,VA,65,3.29066666,Fancy Gap,VA,36.663972,-80.69075
68622,PILOT #474,"I-79, EXIT 67 & SR-19",Sutton,WV,44,3.86566666,Sutton,WV,38.673855,-80.681072
68623,FLYING J TRAVEL PLAZA #304,"I-469, EXIT 19 & US-30",New Haven,IN,370,3.859,New Haven,IN,41.069856,-85.01173
68624,PILOT #586,"I-10, EXIT 69 & SR-63",Moss Point                              ,MS,715,3.459,Moss Point,MS,30.411389,-88.534444
68625,FLYING J #470 HUDSON,"I-94, EXIT 10 & US-65",Roberts,WI,450,3.559,Roberts,WI,44.987356,-92.559773
68626,BECKS EXPRESS MART #14,SR-26,Princeton,IL,270,3.249,Princeton,IL,41.362934,-89.427017
68630,DOWNSTREAM Q STORE,US-166/US-400,Joplin,MO,277,3.199,Joplin,MO,37.096858,-94.505144
68642,EXXON SANDY RIDGE MART,"I-40/US-421, EXIT 208",Colfax,NC,65,3.099,Colfax,NC,36.100272,-80.010276
68643,SHELL,"I-95, EXIT 58 & US-13",Wade,NC,63,3.199,Wade,NC,35.160559,-78.724929
68644,SUPERPUMPER #32,US-2,Minot,ND,452,3.599,Minot,ND,48.22914,-101.298476
68650,MARATHON,"I-75, EXIT 8",Cincinnati                              ,OH,300,3.899,Cincinnati,OH,39.091293,-84.277383
68653,KWIK TRIP #679,"I-43, EXIT 128 & SR-42",Sheboygan,WI,444,3.21566666,Sheboygan,WI,43.740981,-87.724667
68656,TA Express Williston,US-2 & US-85,Williston                               ,ND,807,3.44733333,Williston,ND,48.167924,-103.631699
68659,KWIK TRIP #659,"US-52, EXIT 56 & CR-22",Rochester,MN,515,3.549,Rochester,MN,44.049572,-92.48962
68663,LOVES TRAVEL STOP #474,US-85/US-2 & CR-6,Williston,ND,273,3.519,Williston,ND,48.167924,-103.631699
68665,BIG D 14,"I-90, EXIT 46/US-14/SR-79",Piedmont                                ,SD,506,3.13733333,Piedmont,SD,44.228744,-103.368818
68671,CASEYS #2969,US-81 & RD F,Fairmont,NE,350,3.28233333,Fairmont,NE,40.6404,-97.58729
68672,24 NORTH MOBIL,"I-495, EXIT 7A & SR-24, EXIT 14B",Bridgewater,MA,175,3.699,Bridgewater,MA,41.977341,-70.97234
68674,TEXACO,US-290 & SR-696,Elgin                                   ,TX,595,3.099,Elgin,TX,30.323136,-97.373748
68684,Rebecca Plantation Truck Plaza,"US-90, EXIT 200 & SR-311",Schriever                               ,LA,623,2.999,Schriever,LA,29.712276,-90.851341
68685,QUICK FUEL #2403,"I-29/I-35/SR-71, EXIT 5B",Kansas City,MO,400,3.344,Kansas City,MO,39.163189,-94.569882
68689,CHEVRON,"I-10, EXIT 59 & SR-395",Roanoke                                 ,LA,690,3.609,Roanoke,LA,30.318167,-92.686973
68690,MARATHON,US-30 & SR-30,Mansfield,OH,315,3.499,Mansfield,OH,40.7633,-82.5138
68691,BYRNE DAIRY #43,"I-81, EXIT 36 & SR-13",Pulaski,NY,220,4.099,Pulaski,NY,43.55617,-76.125231
68692,DANDY MINI MART #57,SR-14,Horseheads,NY,190,3.899,Horseheads,NY,42.180493,-76.834539
68693,SUPER STOPS,SR-70 & SR-308,Belle Rose,LA,623,3.499,Belle Rose,LA,30.025955,-91.044351
68696,STRIPES #40800,FM-351 & US-181,Beeville,TX,625,3.01566666,Beeville,TX,28.422246,-97.761571
68697,STRIPES #40915,"I-35, EXIT 8 & SR-20 & FM-1472",Laredo,TX,693,2.979,Laredo,TX,27.515538,-99.498579
68698,GAS N WASH,"I-80, EXIT 145 & SR-84",Mokena,IL,365,3.499,Mokena,IL,41.53421,-87.891121
68699,ORGANIC CONNECTION MOBIL,SR-997,Homestead,FL,95,3.344,Homestead,FL,25.476639,-80.483853
68701,SPEEDWAY #1421,US-45 & CR-74,Frankfort,IL,293,3.299,Frankfort,IL,41.509361,-87.824774
68702,QUIKTRIP #1120,"I-85, EXIT 90 & SR-105",Gaffney,SC,210,3.19066666,Gaffney,SC,35.061508,-81.649061
68708,LOVES TRAVEL STOP #476,"I-80, EXIT 292 & SR-130",Davenport,IA,270,3.86233333,Davenport,IA,41.5218,-90.5743
68716,ALLTOWN MARKETS #833,I-95 EXIT 41,Milford,CT,100,3.599,Milford,CT,41.217466,-73.054948
68722,Pilot #140,US-40/US-191,Roosevelt,UT,835,3.759,Roosevelt,UT,40.310229,-110.010782
68730,KENT KWIK #315,SR-158 & FM-1788,Midland,TX,710,3.43733333,Midland,TX,31.989636,-102.06261
68734,LOVES TRAVEL STOP #478,"I-15, EXIT 113",Idaho Falls,ID,825,3.75566666,Idaho Falls,ID,43.517679,-111.990626
68737,KWIK TRIP #691,"I-39, EXIT 161",Stevens Point,WI,395,3.559,Stevens Point,WI,44.521221,-89.558764
68738,CASEYS #2316,US-136/SR-5 & SR-5,Unionville,MO,320,3.214,Unionville,MO,40.481464,-92.995094
68740,Certified Oil #400352,US-20 & SR-510 & SR-101,Clyde,OH,550,3.379,Clyde,OH,41.302397,-82.991849
68741,COUNTY LINE TRUCK STOP,SR-22,Dickinson,ND,273,3.53233333,Dickinson,ND,46.887289,-102.787595
68742,ARTESIA #401,SR-82 & SR-285,Artesia,NM,593,3.439,Artesia,NM,32.838355,-104.407401
68796,MR FUEL #731,"I-70, EXIT 123 & SR-3",Spiceland,IN,375,3.699,Spiceland,IN,39.827078,-85.445043
68797,SPEEDWAY #1412,SR-43,Frankfort,IL,293,3.359,Frankfort,IL,41.509361,-87.824774
68798,PILOT DEALER #1179,SR-189,Nogales,AZ,980,4.249,Nogales,AZ,31.376969,-110.943508
68799,SHELL FOOD MART # 25,"I-20, EXIT 77 & SR-13",Morton,MS,705,3.199,Morton,MS,32.436105,-89.551222
68801,7-ELEVEN #40574,US-281,Blanco,TX,740,3.399,Blanco,TX,30.087359,-98.410663
68803,SHELL,"I-45, EXIT 152",Madisonville                            ,TX,670,3.18233333,Madisonville,TX,30.953335,-95.909094
68806,SHELL,US-90,Westwego                                ,LA,725,3.06566666,Westwego,LA,29.914386,-90.181305
68808,SPEEDWAY #4574,US-701,Loris,SC,245,3.269,Loris,SC,34.055756,-78.916096
68813,SPEEDWAY #8741,"I-96, EXIT 86 & SR-100",Eagle,MI,406,3.789,Eagle,MI,42.826306,-84.758971
68814,TA HOLBROOK,"I-40/US-180, EXIT 283",Holbrook,AZ,580,3.65566666,Holbrook,AZ,34.908451,-110.143412
68815,LOVES TRAVEL STOP #471,"I-35, EXIT 127 & FM-471",Natalia,TX,740,3.203,Natalia,TX,29.211669,-98.855158
68821,Joe's Kwik Mart #473,CR-139,Lancaster,NY,38,3.659,Lancaster,NY,42.901681,-78.663085
68822,CASEYS #3919,"I-35/US-50, EXIT 148 & SR-131",Lebo,KS,400,3.089,Lebo,KS,38.416085,-95.822174
68823,FRIENDS FOOD MART,SR-13,Mansfield                               ,OH,249,4.199,Mansfield,OH,40.7633,-82.5138
68824,EXPRESSWAY,SR-60 & CR-9,Heron Lake,MN,425,3.299,Heron Lake,MN,43.79788,-95.326736
68825,ALLTOWN MARKETS #832,"I-95, EXIT 40",Milford,CT,100,3.599,Milford,CT,41.217466,-73.054948
68826,HIGHWAY SERVICE,US-44,Seekonk                                 ,MA,175,3.319,Seekonk,MA,41.837835,-71.322406
68828,CIRCLE K #2721540,US-78 & SR-15,New Albany,MS,435,3.759,New Albany,MS,34.485051,-89.003058
68831,KWIK TRIP #896,SR-65 & CR-J,Minneapolis,MN,451,3.599,Minneapolis,MN,45.049582,-93.246095
68835,SPEEDWAY #7954,US-258/SR-24,Richlands,NC,205,3.324,Richlands,NC,34.862426,-77.586305
68836,Corner Market #160,US-60,Pampa,TX,585,3.399,Pampa,TX,35.538043,-100.957885
68839,CHOCTAW TRAVEL PLAZA #641,US-69/SR-43,Stringtown,OK,560,3.159,Stringtown,OK,34.467597,-96.000245
68840,LOVES TRAVEL STOP #475,"I-20/US-84, EXIT 242 & FM-142",Sweetwater,TX,575,3.189,Sweetwater,TX,32.472589,-100.397908
68841,PILOT TRAVEL CENTER #575,"I-95, EXIT 1",Saint Marys,GA,75,3.599,Saint Marys,GA,30.773467,-81.565211
68843,PILOT #467,"I-37, EXIT 125",San Antonio                             ,TX,740,3.399,San Antonio,TX,29.468525,-98.526352
68844,FLYING J #553,"I-10, EXIT 259",Fort Stockton                           ,TX,710,3.659,Fort Stockton,TX,30.890785,-102.879942
68845,PILOT TRAVEL CENTER #4651,"I-95, EXIT 4",Skippers,VA,180,3.799,Skippers,VA,36.579685,-77.543663
68847,CIRCLE K #2741553,US-190/US-183 & US-281,Lampasas                                ,TX,595,2.759,Lampasas,TX,31.067957,-98.183361
68848,CIRCLE K #2741328,"I-35, EXIT 328 & FM-2063",Hewitt                                  ,TX,765,2.86566666,Hewitt,TX,31.458166,-97.196556
68849,Circle K #2706632,US-80/SR-8 & CR-480,Selma,AL,720,3.699,Selma,AL,32.419719,-87.024527
68850,SPRINT MART #67,US-84/US-425,Vidalia,LA,730,3.08233333,Vidalia,LA,31.578222,-91.469471
68856,KWIK N EZ #1,"I-40, EXIT 265",Checotah                                ,OK,645,2.909,Checotah,OK,35.435786,-95.535038
68860,PETRO STOP #394,"I-35, EXIT 101 & FM-140",Pearsall,TX,740,3.53566666,Pearsall,TX,28.892317,-99.094361
68861,KWIK TRIP #733,SR-76/SR-44,Caledonia,MN,515,3.49066666,Caledonia,MN,43.622079,-91.483657
68864,QUICK FUEL #3190,"I-75, EXIT 68",Dayton,OH,317,3.67733333,Dayton,OH,39.765396,-84.099802
68865,QUICK FUEL #3192,"I-275, EXIT 42B & SR-747",Cincinnati,OH,300,3.25233333,Cincinnati,OH,39.091293,-84.277383
68868,PUMP & PANTRY #14,SR-92/SR-2,Broken Bow,NE,330,3.299,Broken Bow,NE,41.412586,-99.635452
68869,PUMP & PANTRY #4,SR-2 & SR-11,Cairo,NE,330,3.32733333,Cairo,NE,41.000183,-98.616538
68873,ONVO TRAVEL PLAZA - MOUNTAIN COBB,"I-84, EXIT 8",Lake Ariel,PA,200,3.58566666,Lake Ariel,PA,41.439476,-75.431257
68874,QUIKTRIP #492,"I-10, EXIT 114 & SR-85",Buckeye,AZ,930,3.369,Buckeye,AZ,33.38896,-112.607728
68875,SHEETZ #512,"I-40, EXIT 203 & SR-66",Kernersville,NC,65,2.844,Kernersville,NC,36.116534,-80.083115
68882,CAPITAL FUELS MYTON,US-40/191,Myton,UT,835,3.50233333,Myton,UT,40.194049,-110.048056
68883,CBH TRAVEL CENTER,US-85,Belle Fourche                           ,SD,506,3.299,Belle Fourche,SD,44.672281,-103.839601
68885,FLYING J #488,"I-35, EXIT 69",Cotulla,TX,693,3.599,Cotulla,TX,28.439837,-99.232818
68886,BEBO'S,SR-38,Kentwood                                ,LA,600,3.01566666,Kentwood,LA,30.889215,-90.472829
68888,Express Lane,"US-80, EXIT 33 & US-6/SR-78",Annawan,IL,270,3.299,Annawan,IL,41.398022,-89.912949
68890,Circle K #2741795,"I-430, EXIT 12 & SR-100",Maumelle,AR,695,3.18566666,Maumelle,AR,34.849085,-92.405892
68891,LOVES TRAVEL STOP #480,I-40 EXIT 364,Lenoir City,TN,405,3.439,Lenoir City,TN,35.810391,-84.266501
68892,OLIVE EXXON,US-31,Holland,MI,371,3.799,Holland,MI,42.7875,-86.108889
68893,J & H FAMILY STORE,"I-96, EXIT 52 & SR-50",Lowell,MI,371,3.789,Lowell,MI,42.95497,-85.365305
68894,ROCKFORD MOBIL MART,"US-131, EXIT 97",Rockford                                ,MI,344,3.299,Rockford,MI,43.115217,-85.513606
68895,J & H FAMILY STORE #103,"I-196, EXIT 62",Hudsonville,MI,344,3.399,Hudsonville,MI,42.874805,-85.8751
68897,TA CARYVILLE,"I-75, EXIT 141",Pioneer,TN,405,3.00733333,Pioneer,TN,36.469465,-84.290672
68899,XTRAMART,SR-9,Westborough,MA,175,3.649,Westborough,MA,42.283,-71.6015
68900,DUCK THRU #41,US-17/SR-37,Hertford                                ,NC,130,3.599,Hertford,NC,36.177058,-76.424299
68901,SPEEDWAY #1224,"SR-741 & I-71, EXIT 25",Mason,OH,300,3.159,Mason,OH,39.335741,-84.314935
68902,CASEYS #3062,SR-281 & SR-160,Medicine Lodge,KS,357,3.114,Medicine Lodge,KS,37.284452,-98.584785
68903,BIG D KWIK SHOP,SR-59,Gillette,WY,836,3.379,Gillette,WY,44.282009,-105.497442
68907,QUIKTRIP #943,"I-35E, EXIT 405 & US-77",Waxahachie,TX,630,2.89566666,Waxahachie,TX,32.380796,-96.837398
68908,SPEEDWAY #1804,"I-270, EXIT 32 & I-71, EXIT 116",Columbus,OH,315,3.69233333,Columbus,OH,40.1444,-82.9789
68912,Chisholm Corner #13,"SR-19 & I-35, EXIT 72",Pauls Valley,OK,569,3.089,Pauls Valley,OK,34.738506,-97.219501
68913,CASEYS #3263,"I-90, EXIT 43 & SR-60",Worthington,MN,530,3.14233333,Worthington,MN,43.628626,-95.605907
68915,PUMP & PANTRY #53,US-20,Jackson,NE,527,3.41233333,Jackson,NE,42.452877,-96.574335
68916,YESWAY #1075,"I-20, EXIT 278",Tye,TX,575,2.87566666,Tye,TX,32.447728,-99.868434
68919,GULF MART 5150,"I-90 E, MM 117",Natick                                  ,MA,34,4.06566666,Natick,MA,42.287476,-71.35741
68921,GAS N GO,US-341/SR-7 & SR-96/SR-49,Fort Valley,GA,85,3.18233333,Fort Valley,GA,32.54956,-83.888727
68923,STRIPES 7FLEET #42509,US-67 & SR-137,Big Lake,TX,612,3.599,Big Lake,TX,31.240592,-101.478776
68924,KWIK TRIP #326,"I-90, EXIT 171 & US-51 & US-14",Janesville,WI,420,3.374,Janesville,WI,42.691542,-89.033124
68925,KWIK TRIP #874,"I-35, EXIT 132 & US-8",Chisago City,MN,448,3.32733333,Chisago City,MN,45.361144,-92.892134
68926,KWIK TRIP #872,SR-26,Jefferson,WI,420,3.38233333,Jefferson,WI,43.000557,-88.807765
68927,MARATHON,US-19 & SR-80,Rosedale                                ,VA,185,3.749,Rosedale,VA,36.973981,-81.888793
68928,PILOT TRAVEL CENTER #475,"I-40, EXIT 196 & SR-41",Moriarty,NM,580,3.244,Moriarty,NM,34.988878,-106.060871
68929,SPEEDWAY #6953,"I-74/US-311, EXIT 65",High Point,NC,65,3.529,High Point,NC,35.959313,-80.011673
68930,PILOT #4569,"I-95, EXIT 5",Hardeeville,SC,195,3.37566666,Hardeeville,SC,32.263512,-81.066865
68933,RUTTERS #23,US-30 & SR-462,Mountville,PA,70,3.979,Mountville,PA,40.042742,-76.427694
68935,JACKSONS FOOD STORES #144,I-84 & SR-55,Nampa                                   ,ID,785,3.899,Nampa,ID,43.58342,-116.584818
68936,AMOCO,US-421/SR-11 & SR-53,Burgaw,NC,245,3.599,Burgaw,NC,34.548679,-77.940317
68937,LANTZ CORNERS MINI MART #255,US-6 & US-219,Kane                                    ,PA,240,3.71566666,Kane,PA,41.661861,-78.797778
68938,TOOT N TOTUM #23,SR-136/207 & SR-152,Borger,TX,585,3.01566666,Borger,TX,35.664299,-101.403245
68941,ALLTOWN MARKETS #2743,"US-3, EXIT 28",North Billerica,MA,178,3.68233333,North Billerica,MA,42.575694,-71.290217
68946,FLYING J #97,"I-75, EXIT 64",Vandalia,OH,317,3.35233333,Vandalia,OH,39.888273,-84.202266
68947,PILOT TRAVEL CENTER #593,"I-10, EXIT 268",Tucson,AZ,980,3.30233333,Tucson,AZ,32.213873,-110.969445
68949,JOES KWIK MARTS #475,US-15 & SR-20,Orange,VA,180,3.33233333,Orange,VA,38.233937,-78.091224
68950,KWIK TRIP #608,US-52 & SR-30,Chatfield,MN,515,3.48233333,Chatfield,MN,43.836201,-92.157351
68951,KWIK TRIP #313,US-10 & SR-73,Neillsville,WI,395,3.339,Neillsville,WI,44.549429,-90.611197
68952,MAVERIK COUNTRY STORE #425,"I-84, EXIT 376, US-30/US-95",Fruitland,ID,785,3.36566666,Fruitland,ID,44.002658,-116.914259
68956,SPEEDWAY #4533,"US-18/US-12, EXIT 146",Madison,WI,448,3.599,Madison,WI,43.073,-89.3817
68957,TA EXPRESS #6259,US-85/SR-200,Alexander,ND,273,3.52566666,Alexander,ND,47.843517,-103.63961
68959,SPEEDWAY #5215,"I-70, EXIT 66 & SR-54",South Vienna,OH,315,3.159,South Vienna,OH,39.94732,-83.615704
68960,MAVERIK COUNTRY STORE #484,"I-15/84, EXIT 343 & SR-126",Ogden,UT,835,3.39233333,Ogden,UT,41.2443,-112.0072
68964,JIFFY TRIP #201,US-64/SR-58,Cherokee                                ,OK,337,3.269,Cherokee,OK,36.756376,-98.359375
68969,MAVERIK COUNTRY STORE #474,"I-80, EXIT 115, CR-154",Salt Lake City,UT,835,3.389,Salt Lake City,UT,40.755851,-111.896657
68971,FLYING J #580,"I-20, EXIT 121",Odessa,TX,710,3.56566666,Odessa,TX,31.8465,-102.3663
68972,SUNOCO CLARA BARTON PLAZA #7005,NJTP MM 5 SB,Penns Grove,NJ,115,3.899,Penns Grove,NJ,39.717938,-75.465623
68974,STRIPES #40801,US-181 & SR-123 & CR-347,Karnes City,TX,625,3.174,Karnes City,TX,28.882757,-97.90707
68976,MAVERIK COUNTRY STORE #453,"I-80, EXIT 223 & SR-305",Battle Mountain,NV,835,3.389,Battle Mountain,NV,40.621985,-116.955439
68977,MAVERIK COUNTRY STORE #444,US-491 & US-666,Monticello,UT,835,3.489,Monticello,UT,37.921709,-109.315289
68978,MAVERIK COUNTRY STORE #287,"I-84, EXIT 36 & US-30",Nampa,ID,785,3.38566666,Nampa,ID,43.58342,-116.584818
68979,MAVERIK COUNTRY STORE #478,"I-40, EXIT 286 & SR-77",Holbrook,AZ,930,3.224,Holbrook,AZ,34.908451,-110.143412
68981,PETRO-CARD 24 #910450,US-63 & US-36,Macon                                   ,MO,494,3.239,Macon,MO,39.748089,-92.462163
68982,SHELL,US-23,Grand Blanc                             ,MI,342,3.799,Grand Blanc,MI,42.928163,-83.626414
68985,LOVES TRAVEL STOP #500,"I-35, EXIT 106",Eagleville,MO,320,3.789,Eagleville,MO,40.491197,-93.995058
68987,STRIPES #40535,I-35,Cotulla,TX,625,3.339,Cotulla,TX,28.439837,-99.232818
68988,7-ELEVEN #40547,US-281 & SR-29,Burnet,TX,740,2.95733333,Burnet,TX,30.776597,-98.26424
68989,QUARLES #4907,SR-166,Norfolk,VA,130,3.809,Norfolk,VA,36.8466,-76.2855
68990,LOVES TRAVEL STOP #490,"I-24, EXIT 158",Jasper,TN,285,3.25233333,Jasper,TN,35.066603,-85.614737
68991,LOVES TRAVEL STOP #514,"I-90/US-395, EXIT 221 & SR-261",Ritzville,WA,970,3.919,Ritzville,WA,47.131528,-118.395812
68992,SHORT STOP #24,US-24,Saint Marys,KS,553,2.96733333,Saint Marys,KS,39.198674,-96.068277
68993,SHORT STOP #22,SR-15,Clay Center,KS,316,2.97233333,Clay Center,KS,39.384354,-97.127793
68994,SHORT STOP #25,US-36 & SR-15,Washington,KS,316,2.90233333,Washington,KS,39.82234,-97.048368
68995,ALLTOWN MARKETS #839,"I-95, EXIT 10",Darien,CT,100,3.83233333,Darien,CT,41.076759,-73.485254
68996,BLU / DRIVEN FUELS,"I-15, EXIT 113",Idaho Falls,ID,825,3.479,Idaho Falls,ID,43.517679,-111.990626
69002,KWIK TRIP #863,US-10,Stevens Point,WI,395,3.584,Stevens Point,WI,44.521221,-89.558764
69004,Maplefields,HWY 9 N & ROUTE 22,Ticonderoga,NY,39,3.749,Ticonderoga,NY,43.846302,-73.442592
69005,SPEEDWAY #1017,"I-70, EXIT 186 & SR-285",Lore City,OH,315,3.23233333,Lore City,OH,40.045854,-81.447853
69006,PILOT #449,"I-70, EXIT 208",Belmont                                 ,OH,165,3.539,Belmont,OH,40.03202,-81.006564
69007,SPEEDWAY #7136,US-41 & US-70,Nashville,TN,460,3.24233333,Nashville,TN,36.167028,-86.778441
69008,SPEEDWAY #7137,SR-42 & SR-111,Cookeville,TN,460,3.07733333,Cookeville,TN,36.174261,-85.49531
69009,PILOT #1140,US-287,Rhome,TX,630,3.17566666,Rhome,TX,33.054045,-97.481688
69010,PILOT TRAVEL CENTER #1023,US-69 & US-59/SR-287,Lufkin,TX,610,3.659,Lufkin,TX,31.336004,-94.734185
69013,SPEEDWAY #7124,US-231/SR-10,Lebanon,TN,460,3.024,Lebanon,TN,36.209792,-86.302367
69014,SPEEDWAY #4100,"I-94, EXIT 308 & US-41",Milwaukee,WI,448,3.599,Milwaukee,WI,43.0343,-87.9151
69015,Joe's Kwik Mart,"I-75, EXIT 7 & US-11 & US-64",Chattanooga,TN,285,3.149,Chattanooga,TN,35.0455,-85.3081
69016,SPEEDWAY #7606,"I-75, EXIT 25",Corbin,KY,405,3.519,Corbin,KY,36.934429,-84.10208
69017,SHELL,US-71 & SR-511,Bossier City,LA,745,2.999,Bossier City,LA,32.544924,-93.703826
69021,SWEET CRUDE TRAVEL CENTER,HWY 85 & SR 200,Grassy Butte,ND,273,3.64066666,Grassy Butte,ND,47.443072,-103.294433
69027,SPINX #134 (DISCOUNT AVAILABLE),SR-55 & 418,Simpsonville                            ,SC,30,3.06566666,Simpsonville,SC,34.736944,-82.254444
69028,LOVES TRAVEL STOP #427,"I-75, EXIT 51",Dayton,OH,317,3.319,Dayton,OH,39.765396,-84.099802
69029,LOVES TRAVEL STOP #461,"I-70, EXIT 246A",Saint Louis,MO,540,3.114,Saint Louis,MO,38.642574,-90.324189
69030,LOVES TRAVEL STOP #424,"I-20, EXIT 51",Lexington,SC,135,3.40733333,Lexington,SC,33.981389,-81.236389
69031,LOVES TRAVEL STOPS #492,"I-20, EXIT 42 & US-285",Pecos,TX,710,3.449,Pecos,TX,31.414384,-103.508129
69036,REFUEL #1038,US-15 & SR-151,Hartsville,SC,46,3.36566666,Hartsville,SC,34.375616,-80.084237
69037,CIRCLE K #2723192,US-64 & US-421,Siler City,NC,177,2.949,Siler City,NC,35.735392,-79.456624
69038,REFUEL #1028,US-421/US-52 & US-15,Society Hill,SC,63,3.399,Society Hill,SC,34.451161,-79.886494
69041,SPEEDWAY #7960,US-258/US-13,Farmville,NC,205,2.899,Farmville,NC,35.580606,-77.579303
69042,Joes Kwik Mart #7012,US-17/701,Georgetown,SC,205,2.999,Georgetown,SC,33.430776,-79.323459
69043,KWIK TRIP #204,"US-51, EXIT 188",Wausau,WI,395,3.33233333,Wausau,WI,44.963433,-89.633955
69045,TA BRUNSWICK #6258,"I-95, EXIT 29",Brunswick,GA,75,3.46066666,Brunswick,GA,31.169652,-81.493045
69046,SPEEDWAY #6303,"I-96, EXIT 4 & US-31",Muskegon,MI,456,3.279,Muskegon,MI,43.232589,-86.249191
69047,SPEEDWAY #7461,I-294 & SR-50/SR-31,Alsip,IL,293,3.219,Alsip,IL,41.6723,-87.7339
69048,QUICK FUEL #2104,"I-74, EXIT 11",Indianapolis,IN,375,3.66233333,Indianapolis,IN,39.938417,-86.13894
69049,CIRCLE K #2741787,"I-440, EXIT 7 & US-165",North Little Rock,AR,695,3.369,North Little Rock,AR,34.766974,-92.265376
69051,PILOT TRAVEL CENTER #1225,"I-64, EXIT 23 & SR-4",Mascoutah,IL,540,3.799,Mascoutah,IL,38.490278,-89.793056
69052,PILOT DEALER #1193,US-93,Wikieup,AZ,930,3.839,Wikieup,AZ,34.703333,-113.610556
69053,PILOT #1192,US-60,Wittmann,AZ,930,4.899,Wittmann,AZ,33.726425,-112.446578
69055,PILOT DEALER #1058,US-301 & SR-200,Waldo,FL,140,3.799,Waldo,FL,29.787096,-82.160791
69057,MACH ONE FOOD SHOP #18,US-45/SR-15,Fairfield,IL,340,3.729,Fairfield,IL,38.378214,-88.359323
69058,FOOD N FUEL,SR-53,Joliet,IL,365,3.499,Joliet,IL,41.527154,-88.08241
69059,LOVES TRAVEL STOP #530,"I-20, EXIT 147",Moody,AL,615,3.17566666,Moody,AL,33.584132,-86.51557
69061,SPINX #125 (DISCOUNT AVAILABLE),US-25 & SR-331,Piedmont,SC,30,3.06566666,Piedmont,SC,34.724433,-82.470216
69064,DUCK THRU #7,US-258,Rich Square                             ,NC,130,3.699,Rich Square,NC,36.277256,-77.296947
69067,AP FUEL STOP,"I-75, EXIT 120",Lima                                    ,OH,411,3.08066666,Lima,OH,40.764066,-84.097296
69069,SPINX #179 (DISCOUNT AVAILABLE),SR-291,Greenville                              ,SC,210,3.799,Greenville,SC,34.847165,-82.406049
69073,LOVES TRAVEL CENTER #518,"I-15, EXIT 260 & SR-77",Springville,UT,835,3.689,Springville,UT,40.162528,-111.598664
69076,A PLUS MINI MARKET,"I-95, MM 82",Aberdeen,MD,22,3.83233333,Aberdeen,MD,39.510886,-76.18054
69077,FLYING J #554,"I-37, EXIT 56",George West,TX,740,3.199,George West,TX,28.320388,-98.116159
69078,PILOT #559,"I-20, EXIT 178",Big Spring,TX,612,3.659,Big Spring,TX,32.241767,-101.467517
69079,Circle K #2746432,SR-2,Stanley,ND,452,3.549,Stanley,ND,48.319189,-102.392802
69084,TIGER MART #79,SR-287 & FM-664,Waxahachie,TX,630,2.849,Waxahachie,TX,32.380796,-96.837398
69085,FATDOGS OGALLALA,"US-80, EXIT 126 & US-26/SR-61",Ogallala,NE,475,3.014,Ogallala,NE,41.127505,-101.710742
69088,SPEEDWAY #3478,US-9 & SR-184,Perth Amboy,NJ,115,3.419,Perth Amboy,NJ,40.517551,-74.275427
69091,SPEEDWAY #6670,US-36/SR-67,Indianapolis,IN,375,3.229,Indianapolis,IN,39.938417,-86.13894
69095,JACKSONS FOOD STORE #23,"SR-395, EXIT 78",Reno                                    ,NV,966,3.999,Reno,NV,39.526812,-119.811275
69096,SPEEDWAY #2907,US-62 & SR-18,Hermitage,PA,165,3.93733333,Hermitage,PA,41.232601,-80.45303
69097,CIRCLE K #2741192,"I-30, EXIT 42B & SR-180",Dallas                                  ,TX,630,2.899,Dallas,TX,32.996848,-96.792113
69098,CIRCLE K #2741318,SR-285 & CR-160,Dripping Springs                        ,TX,595,3.049,Dripping Springs,TX,30.226768,-98.102947
69099,LOVES TRAVEL STOP #523,"I-10, EXIT 92",Rayne,LA,600,3.149,Rayne,LA,30.204508,-92.248592
69100,DADS NORTH YELLOWSTONE,US-26,Idaho Falls,ID,825,3.599,Idaho Falls,ID,43.517679,-111.990626
69101,BROMPTON VALERO,"I-20, EXIT 147 WEST",Moody,AL,615,3.12233333,Moody,AL,33.584132,-86.51557
69102,CIRCLE K #4701445,"I-57, EXIT 250 & US-36",Rantoul,IL,280,3.599,Rantoul,IL,40.310742,-88.146179
69103,LOVES TRAVEL STOP #539,US-385 & FM-1910,Andrews,TX,710,3.689,Andrews,TX,32.320125,-102.540926
69104,QUIKTRIP #970,SR-12 & SR-180,Dallas,TX,630,2.97566666,Dallas,TX,32.996848,-96.792113
69106,SPINX #201,"I-185, EXIT 1A, I-385, EXIT 30",Simpsonville,SC,30,2.96566666,Simpsonville,SC,34.736944,-82.254444
69109,SHEETZ #497,"I-99, EXIT 15 & US-220 (BUSINESS)",Claysburg,PA,14,3.644,Claysburg,PA,40.329243,-78.479658
69110,SHEETZ #498,US-22/US-119,Blairsville,PA,165,3.52733333,Blairsville,PA,40.441262,-79.253329
69112,LOVES TRAVEL STOP #529,"I-39, EXIT 54",Oglesby,IL,290,3.389,Oglesby,IL,41.292768,-89.055341
69115,BP,"I-90, EXIT 387/CR-151",Hartford,SD,530,2.97733333,Hartford,SD,43.615472,-96.950052
69117,SPEEDWAY #6395,US-24 & SR-64,Waterville,OH,550,3.699,Waterville,OH,41.502248,-83.733142
69119,CIRCLE K #2741217,"I-24, EXIT 242 & US-550/SR-24",Bernalillo,NM,580,3.52566666,Bernalillo,NM,35.328506,-106.530873
69122,DOUBLE QUICK #61,US-82,Leland,MS,655,3.299,Leland,MS,33.410025,-90.892801
69123,LATTA TRAVEL STOP,SR-1,Ada,OK,569,3.10733333,Ada,OK,34.780044,-96.69236
69124,LOVES TRAVEL STOP #467,"I-95, EXIT 131 & SR-68",Fort Pierce,FL,95,3.50566666,Fort Pierce,FL,27.438233,-80.443963
69125,TA BROOKLYN,"I-80, EXIT 197",Brooklyn,IA,380,3.819,Brooklyn,IA,41.732147,-92.428462
69127,TALL TIMBERS TRUCK STOP,"I-55, EXIT 46 & SR-16",Amite,LA,600,2.999,Amite,LA,30.718208,-90.570493
69128,BEACON & BRIDGE #34,"US-127, EXIT 194 & SR-55",Houghton Lake                           ,MI,260,3.399,Houghton Lake,MI,44.341327,-84.742175
69132,PILOT #1001,US-67 & SR-137,Big Lake,TX,710,4.059,Big Lake,TX,31.240592,-101.478776
69133,PILOT TRAVEL CENTERS #557,US-180 & US-62,Hobbs                                   ,NM,593,3.729,Hobbs,NM,32.72217,-103.137246
69134,LOVES TRAVEL STOP #486,"I-40 & US-270, EXIT 166",Choctaw,OK,483,3.33733333,Choctaw,OK,35.471758,-97.272564
69135,SPEEDWAY #8013,"I-70, EXIT 21",Brookville,OH,317,3.34066666,Brookville,OH,39.841393,-84.416464
69137,CIRCLE K #2741564,"I-35/US-77, EXIT 338B",Waco                                    ,TX,765,2.889,Waco,TX,31.552452,-97.139608
69139,CIRCLE K #2741545,SR-72 & US-87,Cuero,TX,747,3.099,Cuero,TX,29.090969,-97.281247
69141,LOVES TRAVEL STOP #558,US-283 & US-400/US-56,Dodge City,KS,570,3.789,Dodge City,KS,37.756882,-100.024074
69142,LOVES TRAVEL STOP #517,"I-70, EXIT 26 & US-50/6",Grand Junction,CO,800,3.989,Grand Junction,CO,39.078326,-108.545692
69143,MACH 1 #21,US-45 & SR-34,Harrisburg,IL,510,3.689,Harrisburg,IL,37.725661,-88.54404
69144,STRIPES 7FLEET #42530,SR-71 & SR-16,Llano,TX,740,3.23233333,Llano,TX,30.722533,-98.652727
69145,SPEEDWAY #9561,"I-77, EXIT 132",Ripley,WV,44,3.499,Ripley,WV,38.809042,-81.701987
69146,DRUMS FUEL STOP,I-80 EXIT 262,Drums                                   ,PA,200,3.569,Drums,PA,41.025525,-75.97676
69149,BLU STATION- LAMAR AVE,"I-240, EXIT 30",Memphis,TN,435,2.969,Memphis,TN,35.0337,-89.9343
69150,BLU STATION,"I-70, EXIT 66 & SR-267",Plainfield,IN,375,3.479,Plainfield,IN,39.716036,-86.395061
69151,PILOT #592,"I-70, EXIT 26 & US-50",Grand Junction,CO,800,3.999,Grand Junction,CO,39.078326,-108.545692
69152,LOVES TRAVEL STOP #557,"US-64/167, EXIT 44 & SR-367",Searcy,AR,695,3.36233333,Searcy,AR,35.253512,-91.762931
69153,Pilot Travel Center #1550,"I-65, EXIT 304 & SR-69/CR-437",Cullman,AL,615,3.859,Cullman,AL,34.176146,-86.829777
69155,PILOT TRAVEL CENTERS #1004,"I-35, EXIT 214 & US-60",Tonkawa,OK,500,3.59566666,Tonkawa,OK,36.68062,-97.30634
69156,BLU STATION,"I-55, EXIT 5A",Memphis,TN,435,2.969,Memphis,TN,35.0337,-89.9343
69159,EXXON,US-15 & SR-49,Lawrenceville,PA,32,3.699,Lawrenceville,PA,41.978266,-77.11355
69162,Shell,US-20 & SR-15,Goshen,IN,370,3.549,Goshen,IN,41.584484,-85.837988
69163,CUBBYS #406,"I-229, EXIT 9 & SR-115",Sioux Falls,SD,530,3.099,Sioux Falls,SD,43.488,-96.7343
69164,CIRCLE K #2741557,US-190 & SR-195 & SR-3470,Killeen,TX,765,2.76233333,Killeen,TX,31.117,-97.7261
69165,EL TIPI QUICK STOP,US-283 & SR-15,Shattuck                                ,OK,337,3.23233333,Shattuck,OK,36.288922,-99.879303
69167,HOBO TRUCK STOP 2,US-50/400 & US-83,Garden City                             ,KS,525,3.399,Garden City,KS,37.97693,-100.862088
69168,STRIPES 7FLEET #42470,I-20 EXIT 324 & CR-134,Cisco,TX,575,3.12733333,Cisco,TX,32.380043,-98.986507
69169,LAMBOS #5,"I-57, EXIT 212 & SR-36/CR-950",Tuscola,IL,280,3.229,Tuscola,IL,39.799509,-88.281585
69170,SPEEDWAY #9381,US-50 & SR-14,Parkersburg,WV,430,3.464,Parkersburg,WV,39.264433,-81.535412
69171,KWIK STAR #215,US-61,Davenport,IA,270,3.649,Davenport,IA,41.5218,-90.5743
69172,KWIK TRIP #210,"US-53, EXIT 90",Eau Claire,WI,295,3.40733333,Eau Claire,WI,44.783972,-91.487686
69173,KWIK TRIP #231,US-61 & SR-310,Boscobel,WI,335,3.474,Boscobel,WI,43.139327,-90.706101
69174,KWIK TRIP #860,SR-17,Rhinelander,WI,395,3.45233333,Rhinelander,WI,45.646718,-89.409285
69175,KWIK TRIP #854,US-212 & CR-33,Norwood Young America                   ,MN,453,3.674,Norwood Young America,MN,44.766786,-93.930067
69176,FLYING J TRAVEL PLAZA #1015- TOWN PUMP,SR-200/SR-16 & CR-123,Sidney,MT,780,3.384,Sidney,MT,47.713017,-104.163445
69177,LOVES TRAVEL STOP #426,"I-80, EXIT 34",Shelby,IA,433,3.649,Shelby,IA,41.533898,-95.446888
69178,LOVES TRAVEL STOP #495,"I-75, EXIT 143 & CR-78",North Fort Myers,FL,225,3.789,North Fort Myers,FL,26.678138,-81.909632
69182,XtraMart #1513,"I-87, EXIT 10 & US-9",Clifton Park,NY,12,3.899,Clifton Park,NY,42.849865,-73.785094
69183,SPEEDWAY #7611,"I-71, EXIT 65 & SR-435",Jeffersonville,OH,315,3.229,Jeffersonville,OH,39.65896,-83.56873
69185,LOVES TRAVEL STOP #560,US-258 & US-58,Franklin,VA,130,3.889,Franklin,VA,36.678625,-76.939108
69186,LOVES TRAVEL STOP #551,US-20 & CR-127,Angola,IN,465,3.889,Angola,IN,41.656321,-85.019803
69187,LOVES TRAVEL STOP #559,US-82 & US-49,Indianola,MS,655,3.31566666,Indianola,MS,33.449075,-90.654144
69188,PILOT TRAVEL CENTER #1013-TOWN PUMP,"I-90, EXIT 298",Belgrade                                ,MT,786,3.63066666,Belgrade,MT,45.780126,-111.143927
69189,LOVES TRAVEL STOP #542,"I-10, EXIT 261/US-67 & I-10 BUS",Fort Stockton,TX,710,3.649,Fort Stockton,TX,30.890785,-102.879942
69190,LOVES TRAVEL STOP #561,"I-10, EXIT 70 & US-90 & SR-285",Defuniak Springs,FL,20,3.609,Defuniak Springs,FL,30.751783,-86.138006
69193,Certified Oil #400305,SR-2 & SR-7,New Martinsville,WV,317,3.31733333,New Martinsville,WV,39.658798,-80.856541
69194,CHESAPEAKE HOUSE SUNOCO,"I-95, EXIT 97",North East,MD,243,3.83233333,North East,MD,39.604535,-75.953805
69200,BECKS EXPRESS MART #22,"I-55, EXIT 126",Lincoln,IL,280,3.299,Lincoln,IL,40.14508,-89.368376
69201,CASEYS #3654,SR-210,Brainerd,MN,522,3.44566666,Brainerd,MN,46.357219,-94.201873
69203,SPEEDWAY #1414,US-45,Mokena,IL,293,3.339,Mokena,IL,41.53421,-87.891121
69207,CIRCLE K #2705988,"I-10, EXIT 209A & US-90/SR-10",Tallahassee,FL,20,3.619,Tallahassee,FL,30.428563,-84.259337
69211,KWIK TRIP #213,"I-35/US-61, EXIT 139 & CR-19",Stacy,MN,451,3.37733333,Stacy,MN,45.398056,-92.987222
69213,Circle K #2741498,SR-72 & SR-16,Tilden                                  ,TX,747,3.199,Tilden,TX,28.419755,-98.569322
69214,MAVERIK #5031,"I-70, EXIT 90 & US-24",Rifle,CO,800,3.46233333,Rifle,CO,39.549073,-107.789804
69215,GASWAY,US-1,North Brunswick                         ,NJ,115,3.159,North Brunswick,NJ,40.453767,-74.482285
69217,Circle K #4705624,"I-76, EXIT 2 & US-224",Seville,OH,249,3.06566666,Seville,OH,41.022731,-81.856199
69218,DANDY MINI MART #58,"I-86, EXIT 41 & US-17/15",Campbell,NY,32,3.899,Campbell,NY,42.238569,-77.206619
69220,CIRCLE K #2705097,"I-275, EXIT 2 & US-41",Palmetto,FL,225,3.699,Palmetto,FL,27.521111,-82.5725
69221,PILOT TRAVEL CENTER #483,"I-80, EXIT 112 & SR-47",Morris,IL,290,3.799,Morris,IL,41.367233,-88.417769
69222,PILOT TRAVEL CENTERS #1003,US-287 & US-283,Childress,TX,585,3.799,Childress,TX,34.428124,-100.21017
69223,LOVES TRAVEL STOP #566,"US-231/CR-53, EXIT 12",Ozark,AL,20,3.989,Ozark,AL,31.439069,-85.643629
69226,STRIPES #40812,US-77,Odem,TX,625,3.199,Odem,TX,27.940306,-97.583752
69228,QUIKTRIP #993,"I-20, EXIT 501 & SR-34",Terrell,TX,630,2.87066666,Terrell,TX,32.714292,-96.251342
69229,SPEEDWAY #7154,"I-40, EXIT 87 & US-70",Jackson,TN,460,3.399,Jackson,TN,35.610222,-88.814011
69230,JOES KWIK MARTS #6013,SR-16 & SR-73,Denver,NC,46,3.189,Denver,NC,35.483677,-80.989785
69233,PILOT TRAVEL CENTER #597,US-23 & US-50,Chillicothe,OH,315,3.799,Chillicothe,OH,39.337997,-82.98949
69234,KWIK TRIP #220,US-53/SR-194,Duluth,MN,334,3.499,Duluth,MN,47.094431,-91.846731
69235,KWIK TRIP #203,US-2 & SR-35,Superior,WI,334,3.339,Superior,WI,46.701552,-92.091174
69236,KWIK TRIP #225,SR-54/SR-55,Seymour,WI,582,3.39066666,Seymour,WI,44.509096,-88.317243
69237,KWIK TRIP #239,"I-43, EXIT 50 & SR-164",Big Bend,WI,444,3.33233333,Big Bend,WI,42.888463,-88.212182
69238,KWIK TRIP #242,"US-41, EXIT 97",Fond Du Lac,WI,444,3.34066666,Fond Du Lac,WI,43.770446,-88.429149
69239,LOVES TRAVEL STOP #580,SR-20/157 & SR-133,Tuscumbia,AL,615,3.849,Tuscumbia,AL,34.687432,-87.683259
69245,SPEEDWAY #7946,SR-24,Newport,NC,205,3.699,Newport,NC,34.755076,-76.906945
69250,MAVERIK #5150,"I-25, EXIT 278 & SR-1",Wellington,CO,800,3.199,Wellington,CO,40.725525,-105.031844
69252,SPEEDWAY #6977,SR-96,Youngsville,NC,205,2.95233333,Youngsville,NC,36.007782,-78.441198
69255,THE LANDING,US-82,Greenwood,MS,655,3.199,Greenwood,MS,33.515884,-90.172589
69257,CATARINA ONE STOP,US-83,Catarina,TX,693,3.024,Catarina,TX,28.345278,-99.613056
69258,TEX-BEST #525,"I-37, EXIT 109 & SR-97",Pleasanton,TX,740,3.099,Pleasanton,TX,28.992368,-98.483061
69259,SPEEDWAY #7162,US-74/SR-311,Cleveland,TN,285,3.449,Cleveland,TN,35.131257,-84.875006
69261,THORNTONS #314,SR-83,Bensenville,IL,290,3.409,Bensenville,IL,41.9536,-87.935
69263,LOVES TRAVEL STOP #564,US-82 & SR-50 & SR-12,Columbus,MS,615,3.249,Columbus,MS,33.537699,-88.426194
69288,KWIK STAR #207,"US-61, EXIT 311B & US-30",De Witt,IA,270,3.624,De Witt,IA,41.826726,-90.523735
69289,KWIK TRIP #224,"I-35, EXIT 254",Duluth,MN,334,3.499,Duluth,MN,47.094431,-91.846731
69290,LOVES TRAVEL STOP #587,"I-41/US-45, EXIT 97",Fond Du Lac,WI,444,3.44566666,Fond Du Lac,WI,43.770446,-88.429149
69291,LOVES TRAVEL STOP #581,"I-70, EXIT 56 & US-89",Salina,UT,835,3.70566666,Salina,UT,38.956028,-111.881072
69294,KWIK TRIP #317,"I-90, EXIT 28 & SR-16",Sparta,WI,515,3.24233333,Sparta,WI,43.954045,-90.814566
69296,KWIK TRIP #234,"I-35, EXIT 239",Cloquet,MN,334,3.319,Cloquet,MN,46.726041,-92.45282
69297,KWIK TRIP #241,"US-51, EXIT 208 & SR-64",Merrill,WI,395,3.40733333,Merrill,WI,45.180924,-89.690696
69299,SPEEDWAY #7912,US-421/SR-16,Wilkesboro,NC,65,3.134,Wilkesboro,NC,36.135857,-81.157292
69300,SPEEDWAY #8262,SR-306 & SR-55,Grantsboro,NC,205,3.44066666,Grantsboro,NC,35.122186,-76.884387
69301,SPEEDWAY #6969,US-264 & SR-99,Belhaven,NC,205,3.19733333,Belhaven,NC,35.520493,-76.623574
69305,ROAD RANGER #268,"I-64, EXIT 130 & SR-1",Grayville,IL,340,3.799,Grayville,IL,38.262707,-88.003539
69306,PILOT TRAVEL CENTER #500,"I-75, EXIT 460 & SR-6",Jasper,FL,10,3.369,Jasper,FL,30.502914,-82.932186
69307,LOVES TRAVEL STOP #578,I-55 EXIT 30 & SR-140,Hamel,IL,540,3.419,Hamel,IL,38.878433,-89.872678
69308,LOVES TRAVEL STOP #535,SR-283,Middletown,PA,70,3.759,Middletown,PA,40.204086,-76.733127
69309,PILOT TRAVEL CENTER #1012,"US-218, EXIT 42B & US-34",Mount Pleasant,IA,270,3.56566666,Mount Pleasant,IA,40.964573,-91.561427
69310,PILOT TRAVEL CENTER #1006,"I-10, EXIT 456 & US-377",Junction,TX,740,3.599,Junction,TX,30.47544,-99.74731
69311,GOLDEN GATE TRUCKSTOP HAWTHORNE,US-95/SR-362,Hawthorne,NV,966,4.079,Hawthorne,NV,38.534658,-118.641143
69312,ONVO TRAVEL PLAZA - DUNCANNON,US-11/15,Duncannon,PA,70,3.55233333,Duncannon,PA,40.408678,-77.047254
69313,PETERSONS DIESEL FUELING,"I-5, EXIT 156",Seattle,WA,962,4.399,Seattle,WA,47.611435,-122.330456
69314,Circle K #4706799,"I-55, EXIT 283 & SR-43",Bridgeview,IL,291,3.919,Bridgeview,IL,41.743128,-87.806572
69315,ROAD RANGER #269,"I-70, EXIT 147 & SR-1",Marshall,IL,510,3.249,Marshall,IL,39.421999,-87.692261
69318,FUEL ONE,US-9 & SR-35,Avenel,NJ,115,3.37233333,Avenel,NJ,40.582568,-74.278522
69319,SPEEDWAY #8190,US-117/13 BYP S,Goldsboro,NC,205,3.599,Goldsboro,NC,35.382585,-78.015813
69321,CIRCLE K #2741546,US-90,Gonzales,TX,747,2.87566666,Gonzales,TX,29.50857,-97.449456
69322,SHELL SERVICE STATION,"I-10, EXIT 828 & SR-73",Winnie,TX,610,3.23233333,Winnie,TX,29.815676,-94.339499
69324,CIRCLE K #4707006,"I-95, EXIT 302 & US-1",Houlton,ME,170,3.899,Houlton,ME,46.11885,-67.863014
69330,KWIK TRIP #292,"I-43, EXIT 183",Green Bay,WI,582,3.39066666,Green Bay,WI,44.485313,-88.016868
69333,SPEEDWAY #3578,"US-131, EXIT 64",Wayland,MI,456,3.499,Wayland,MI,42.664268,-85.619112
69336,SPEEDWAY #7148,"I-40, EXIT 232 & SR-109",Lebanon,TN,460,2.92233333,Lebanon,TN,36.209792,-86.302367
69338,SPEEDWAY #6139,US-30 & SR-13,Pierceton,IN,465,3.729,Pierceton,IN,41.212406,-85.706119
69339,SPEEDWAY #9383,"I-75, EXIT 29 & SR-63",Monroe,OH,300,3.20233333,Monroe,OH,39.441285,-84.365196
69341,CIRCLE K #2741067,"I-410/US-281, EXIT 41",San Antonio,TX,740,2.899,San Antonio,TX,29.468525,-98.526352
69342,WARREN OIL,"I-90, EXIT 3 & US-41 & SR-912",Hammond,IN,365,3.439,Hammond,IN,41.609929,-87.507911
69344,CIRCLE K #2741078,SR-97 & SR-123,Stockdale,TX,747,3.079,Stockdale,TX,29.231907,-97.935082
69345,RUTTERS #20,"I-76, EXIT 247 & I-283, EXIT 1A",Middletown,PA,70,3.82233333,Middletown,PA,40.204086,-76.733127
69346,D AND C FUEL SALES,US-6 & CR-4019,Tunkhannock                             ,PA,200,3.699,Tunkhannock,PA,41.550687,-75.941043
69353,SPEEDWAY #2910,"I-79, EXIT 55",Pittsburgh,PA,165,3.909,Pittsburgh,PA,40.474536,-79.952524
69354,CIRCLE K #4702411,US-36,Danville,IN,375,3.789,Danville,IN,39.762815,-86.534254
69362,HART MARATHON,US-31,Hart,MI,456,3.449,Hart,MI,43.70676,-86.314152
69365,Circle K #4703911,SR-109 & SR-52,Portland,TN,460,2.959,Portland,TN,36.567306,-86.505923
69369,SPEEDWAY #2912,SR-65,Baden,PA,165,3.91233333,Baden,PA,40.641595,-80.198471
69374,7-ELEVEN #40558,SR-6 & CR-185,Woodway,TX,765,2.98566666,Woodway,TX,31.505074,-97.231062
69377,CIRCLE K #4705628,SR-21 & SR-585,Barberton,OH,249,3.58233333,Barberton,OH,41.018589,-81.615314
69379,Kum & Go #0535,US-6 & US-65,Des Moines,IA,320,2.98733333,Des Moines,IA,41.6005,-93.6088
69380,CASEYS #2967,SR-43 & SR-2,Bennet,NE,413,3.229,Bennet,NE,40.63822,-96.5134
69384,KWIK TRIP #209,"US-41, EXIT 148 & SR-55",Kaukauna,WI,582,3.369,Kaukauna,WI,44.29561,-88.271692
69390,MINIT MART #600625,"I-57, EXIT 283 & US-24",Gilman,IL,280,3.399,Gilman,IL,40.767987,-87.993336
69392,LOVES TRAVEL STOP #600,"I-69, EXIT 214",Pendleton,IN,457,3.57566666,Pendleton,IN,39.979237,-85.794614
69393,LOVES TRAVEL STOP #594,US-35 & SR-850,Bidwell,OH,315,3.849,Bidwell,OH,38.927647,-82.270092
69394,SPEEDWAY #3424,"I-75, EXIT 73 & SR-55",Troy,OH,411,3.13566666,Troy,OH,40.037394,-84.203151
69395,SPEEDWAY #3766,US-52,Indianapolis,IN,375,3.599,Indianapolis,IN,39.938417,-86.13894
69396,SPEEDWAY #7158,"I-40, EXIT 320 & SR-98",Crossville,TN,460,3.07233333,Crossville,TN,35.944041,-85.017171
69397,SPEEDWAY #7163,"I-40/US-412, EXIT 85",Jackson,TN,460,3.349,Jackson,TN,35.610222,-88.814011
69398,SPEEDWAY #7114,"I-75, EXIT 4, SR-153, EXIT 1 & US-64/US-11",Chattanooga,TN,285,3.08233333,Chattanooga,TN,35.0455,-85.3081
69399,SPEEDWAY #7147,"I-75, EXIT 49 & SR-30",Athens,TN,285,3.349,Athens,TN,35.457389,-84.604261
69400,CASEYS #4411,US-641 & SR-58,Benton,KY,490,3.199,Benton,KY,36.880649,-88.354773
69401,CASEYS #3205,"I-29, EXIT 47 & US-275/SR-92",Council Bluffs,IA,319,3.599,Council Bluffs,IA,41.252954,-95.880992
69402,SHELL,"I-71, EXIT 151 & SR-95",Mount Gilead,OH,315,3.759,Mount Gilead,OH,40.538371,-82.806235
69403,SHORTYS ONE STOP,US-83/12/SR-20,Selby,SD,248,3.089,Selby,SD,45.478587,-100.054067
69405,FLYING J #551,"I-20, EXIT 330 & SR-206",Cisco                                   ,TX,575,3.14233333,Cisco,TX,32.380043,-98.986507
69407,Cenex,US-14/CR-812 & US-83,Blunt                                   ,SD,571,3.1015,Blunt,SD,44.502572,-99.946278
69410,LOVES TRAVEL STOP #602,"I-90, EXIT 67B",Box Elder,SD,506,3.989,Box Elder,SD,44.119858,-103.068237
69412,CIRCLE K #4705724,US-127 & CR-144,Paulding,OH,411,3.699,Paulding,OH,41.141016,-84.572227
69413,ASAP GENERAL STORE #300,"I-40, EXIT 66 & US-183",Clinton,OK,483,3.149,Clinton,OK,35.511543,-98.979533
69414,FLEX MARKET,"I-65 EXIT20, US-31 W EXIT 4",Bowling Green                           ,KY,460,2.999,Bowling Green,KY,37.007874,-86.455891
69416,CIRCLE K #2740541,HWY 90,Roans Prairie,TX,670,3.07233333,Roans Prairie,TX,30.486944,-95.986667
69417,LOVLEN FOODS,US-58 & SR-615,Drewryville,VA,130,3.049,Drewryville,VA,36.685433,-77.359098
69421,CIRCLE K #2741257,"I-10, EXIT 19B",El Paso,TX,640,2.91566666,El Paso,TX,31.758411,-106.478311
69423,FAST MARKET #4574,SR-375 & CR-258,El Paso,TX,640,2.90566666,El Paso,TX,31.758411,-106.478311
69425,5R TRAVEL CENTER,"I-10, US HWY 180, EXIT 82A",Deming,NM,640,3.049,Deming,NM,32.231808,-107.746559
69426,LOVES TRAVEL STOP #553,"I-40 E, EXIT 163",Williams,AZ,930,3.59566666,Williams,AZ,35.249842,-112.190623
69434,CIRCLE K #2741559,US-281 & SR-29,Burnet,TX,595,2.91566666,Burnet,TX,30.776597,-98.26424
69436,CIRCLE K #2741077,SR-97 & CR-433,Pleasanton                              ,TX,747,2.949,Pleasanton,TX,28.992368,-98.483061
69437,CountryMark,SR-66,Evansville                              ,IN,340,3.699,Evansville,IN,37.9746,-87.5674
69438,LOVES TRAVEL STOP #585,"I-49/US-71, EXIT 27 & SR-86",Neosho,MO,277,3.39733333,Neosho,MO,36.870634,-94.386218
69439,LOVES TRAVEL STOP #608,"I-135, EXIT 60 & US-56",Mcpherson,KS,570,3.324,Mcpherson,KS,38.373732,-97.654989
69440,LOVES TRAVEL STOP #592,US-24 & SR-101,Woodburn,IN,370,3.849,Woodburn,IN,41.136102,-84.892871
69441,LOVES TRAVEL STOP #610,"I-20, EXIT 307 & US-283",Baird,TX,575,3.10733333,Baird,TX,32.391557,-99.37766
69442,Eagle #51,US-83 & FM-1917,Carrizo Springs,TX,740,3.279,Carrizo Springs,TX,28.52779,-99.863513
69446,SUPER SAVE #4,SR-33 & SR-15,Farmerville,LA,719,3.479,Farmerville,LA,32.753378,-92.317955
69448,STRIPES #42525,"I-27/US-87, EXIT 2",Lubbock,TX,700,2.95733333,Lubbock,TX,33.586527,-101.860634
69451,LOVES TRAVEL STOP #603,I-95 EXIT 366 AT PECAN PARK RD,Jacksonville,FL,75,3.399,Jacksonville,FL,30.3163,-81.4175
69452,DANDY MINI MART #5,HWY 6,Towanda,PA,32,3.999,Towanda,PA,41.763758,-76.464527
69453,7-ELEVEN #41033,US-69,Woodville,TX,610,3.149,Woodville,TX,30.775133,-94.425494
69454,SPEEDWAY #6092,"I-65, EXIT 76A & US-31",Taylorsville,IN,375,3.35733333,Taylorsville,IN,39.295833,-85.950833
69455,SPEEDWAY #4214,"I-45, EXIT 46 & US-100",Milwaukee,WI,448,3.36566666,Milwaukee,WI,43.0343,-87.9151
69458,PEOSTA KWIK STOP,"US-20, EXIT 308",Peosta,IA,335,3.489,Peosta,IA,42.443535,-90.809372
69459,LOVES TRAVEL STOP #583,"I-64, EXIT 27 & SR-161",New Baden,IL,540,3.849,New Baden,IL,38.531485,-89.692232
69462,LOVES TRAVEL STOP #619,"I-59, EXIT 29 & SR-26",Poplarville,MS,725,3.17566666,Poplarville,MS,30.852362,-89.564751
69465,MAVERIK COUNTRY STORE #476,US-59,Gillette,WY,790,3.36566666,Gillette,WY,44.282009,-105.497442
69467,CIRCLE K #2741547,US-181,Floresville,TX,740,2.99566666,Floresville,TX,29.169338,-98.193589
69468,TOOT N TOTUM #100,US-83,Perryton,TX,585,2.999,Perryton,TX,36.374825,-100.815558
69469,QUIKTRIP #1110,"I-85, EXIT 60 & US-101",Greer,SC,210,3.08566666,Greer,SC,34.8968,-82.267442
69471,Circle K #2741501,"I-37, EXIT 3A",Corpus Christi                          ,TX,625,3.104,Corpus Christi,TX,27.794086,-97.402994
69474,LOVES TRAVEL STOP #577,"I-85, EXIT 22",Shorter,AL,720,3.22066666,Shorter,AL,32.383585,-85.91616
69475,GUTHRIE TRAVEL CENTER,I-35 EXT 138C,Guthrie,OK,483,2.96566666,Guthrie,OK,35.832955,-97.435995
69477,LOVES TRAVEL STOP #621,US-36 & SR-110,Bevier,MO,310,3.439,Bevier,MO,39.749707,-92.561925
69480,VAN HOOK TRAVEL CENTER,US-23,New Town                                ,ND,452,3.56233333,New Town,ND,47.977154,-102.485793
69483,LOVES TRAVEL STOP #607,"US-63, EXIT 40 & SR-463",Jonesboro,AR,435,3.439,Jonesboro,AR,35.833016,-90.696526
69484,KWIK TRIP #774,SR-13,Adams,WI,395,3.274,Adams,WI,43.896688,-89.821869
69485,7-ELEVEN #41036,US-96,San Augustine,TX,618,3.159,San Augustine,TX,31.515173,-94.132581
69486,DUCK THRU FOOD STORE #42,SR-186 & SR-305,Seaboard,NC,130,3.299,Seaboard,NC,36.488552,-77.411306
69487,CIRCLE K #2742034,"I-35, EXIT 176",Schertz,TX,740,2.794,Schertz,TX,29.568159,-98.272214
69489,SPRINT FOODS #728,SR-38,Bennettsville,SC,63,3.399,Bennettsville,SC,34.625501,-79.689826
69492,GOOD 2 GO #418,"I-15, EXIT 273 & US-54 & US-91",Mona,UT,835,3.429,Mona,UT,39.838165,-111.848001
69494,TMI FUEL STOP,SR 1,Port Allen                              ,LA,600,3.06566666,Port Allen,LA,30.471983,-91.254088
69495,QUIKTRIP #72,US-69 & US-62,Muskogee,OK,560,3.03233333,Muskogee,OK,35.730661,-95.375491
69496,LOVES TRAVEL STOP #601,"I-70, EXIT 115 & SR-109",Knightstown,IN,375,3.949,Knightstown,IN,39.806029,-85.526148
69497,MACH ONE FOOD SHOP #10,"I-70 & EXIT 129, SR-49",Casey,IL,510,3.199,Casey,IL,39.301716,-87.991306
69499,HANKS TRUCK STOP,US-39 & US-30,Hanna,IN,457,3.499,Hanna,IN,41.408767,-86.775922
69500,ROAD RANGER #271,"I-20, EXIT 108",Odessa,TX,710,3.51566666,Odessa,TX,31.8465,-102.3663
69501,VALLEY COUNTRY STORE,"I-84, EXIT 16B & SR-79",Jerome,ID,787,3.43233333,Jerome,ID,42.71784,-114.501244
69504,KWIK TRIP #245,SR-42,Plainview,MN,515,3.624,Plainview,MN,44.16373,-92.162125
69505,KWIK TRIP #282,"I-43, EXIT 43 & SR-83",Mukwonago,WI,444,3.33733333,Mukwonago,WI,42.882054,-88.345116
69506,KWIK TRIP #290,"I-94/US-41, EXIT 321",Oak Creek,WI,444,3.719,Oak Creek,WI,42.88916,-87.902661
69508,KWIK TRIP #777,SR-49 & CR-F,Berlin,WI,582,3.42566666,Berlin,WI,43.976936,-88.949009
69510,CLARK #3121,SR-46 & SR-24,Caro                                    ,MI,260,3.399,Caro,MI,43.483272,-83.383469
69512,LOVES TRAVEL STOP #589,"I-27/US-87, EXIT 8 & FM-2641",Lubbock,TX,700,3.33233333,Lubbock,TX,33.586527,-101.860634
69513,KWIK TRIP #885,WI-29 EXIT 132,Abbotsford,WI,395,3.45233333,Abbotsford,WI,44.964057,-90.299438
69514,Flying J #1033,"I-20, EXIT 138 & SR-158",Midland,TX,710,3.56566666,Midland,TX,31.989636,-102.06261
69520,SPEEDWAY #2908,SR-51,Perryopolis,PA,165,3.91566666,Perryopolis,PA,40.085724,-79.754384
69521,CASEYS #3319,"US-30, EXIT 158",Nevada,IA,320,2.989,Nevada,IA,42.018983,-93.446219
69522,FUEL EXPRESSO 17,"I-35 & EXIT 187, SR-68",Ottawa                                  ,KS,400,3.17233333,Ottawa,KS,38.614247,-95.274519
69524,CONCORD XTRAMART,"I-93, EXIT 17 & US-4",Concord,NH,178,3.659,Concord,NH,43.218525,-71.527734
69525,DILLEY TRUCK STOP,"I-35 & EXIT 85, FM 117",Dilley,TX,740,3.06566666,Dilley,TX,28.678201,-99.174684
69526,STRIPES 7FLEET #42469,"I-20, US-80 EXIT 15A",Santo,TX,575,2.91733333,Santo,TX,32.597935,-98.179675
69527,Exxon,"I-96, EXIT 129",Fowlerville,MI,406,3.749,Fowlerville,MI,42.661438,-84.072085
69528,KWIK STAR #283,"I-380/US-218/SR-27, EXIT 13",Cedar Rapids,IA,380,3.53233333,Cedar Rapids,IA,41.9743,-91.655382
69530,CIRCLE K #2741030,"I-35, EXIT 160",San Antonio,TX,740,2.999,San Antonio,TX,29.468525,-98.526352
69531,Kwik Star#223,"I-35, EXIT 194 & US-18/SR-122",Clear Lake,IA,433,3.079,Clear Lake,IA,43.140607,-93.384978
69532,JACKSONS FOOD STORE #147,"I-84, EXIT 27/US-20 & SR-19",Caldwell                                ,ID,785,3.579,Caldwell,ID,43.662719,-116.700038
69534,CAIRO TRAVEL CENTER,US-84/SR-38,Cairo                                   ,GA,20,3.424,Cairo,GA,30.9517,-84.2048
69536,7-ELEVEN #40802,US-87,Nixon,TX,740,3.079,Nixon,TX,29.301649,-97.752898
69541,PILOT #1027,US-385 & CR-E,Vega                                    ,TX,585,3.30566666,Vega,TX,35.373212,-102.356572
69542,PILOT #1030,"I-57, EXIT 353",Alsip,IL,290,3.359,Alsip,IL,41.6723,-87.7339
69545,LOVES TRAVEL STOP #628,"I-35E, EXIT 386 & FM-1134",Italy,TX,630,3.10233333,Italy,TX,32.178508,-96.88229
69546,KWIK TRIP #186,"I-35, EXIT 183",Hinckley,MN,334,3.35233333,Hinckley,MN,46.018876,-92.899333
69547,KWIK TRIP #297,"US-10, WI-441",Menasha,WI,582,3.49066666,Menasha,WI,44.211164,-88.417536
69549,KWIK TRIP #178,"I-494, EXIT 64B & SR-156",South Saint Paul,MN,451,3.60733333,South Saint Paul,MN,44.888128,-93.046013
69550,KWIK TRIP #273,"I-35, EXIT 251B & SR-23",Duluth,MN,334,3.499,Duluth,MN,47.094431,-91.846731
69553,SPEEDWAY #2120,US-30,Oswego,IL,293,3.249,Oswego,IL,41.684893,-88.345305
69554,SPEEDWAY #8047,"I-70, EXIT 104 & SR-9",Greenfield,IN,375,3.599,Greenfield,IN,39.790204,-85.814102
69558,CIRCLE K #2741070,FM-1560,San Antonio,TX,740,2.914,San Antonio,TX,29.468525,-98.526352
69559,CASEYS #3424,"I-35, EXIT 26 & SR-30",Ellendale                               ,MN,433,3.499,Ellendale,MN,43.882591,-93.319492
69560,LOVES TRAVEL STOP #614,"I-40, EXIT 149",Albuquerque,NM,580,3.52066666,Albuquerque,NM,35.0936,-106.6423
69561,SPEEDWAY #7156,"I-40/75, EXIT 374 & SR-131",Knoxville,TN,405,3.26566666,Knoxville,TN,35.9609,-83.9189
69562,SPEEDWAY #8796,"I-496, EXIT 11",Lansing,MI,406,3.699,Lansing,MI,42.7335,-84.6391
69563,SPEEDWAY #9651,"I-75, EXIT 104",Lexington,KY,410,3.149,Lexington,KY,38.017394,-84.485423
69564,SPEEDWAY #7106,"I-40, EXIT 280 & SR-56",Baxter,TN,460,3.06566666,Baxter,TN,36.124917,-85.637766
69565,PILOT #1021,"I-196, EXIT 49",Holland,MI,406,3.999,Holland,MI,42.7875,-86.108889
69566,PILOT TRAVEL CENTER #1024,"I-80, EXIT 132B & SR-53",Joliet,IL,290,3.799,Joliet,IL,41.527154,-88.08241
69567,KWIK TRIP #166,"I-35, EXIT 214",Moose Lake,MN,334,3.319,Moose Lake,MN,46.44724,-92.746648
69568,KWIK TRIP #295,SR-26 & SR-59,Milton,WI,420,3.399,Milton,WI,42.779087,-88.953087
69570,CENEX CONVENIENCE,SR-34 & CR-21,Detroit Lakes,MN,341,3.499,Detroit Lakes,MN,46.834877,-95.800606
69572,AC & T GARLAND GROH,I-81 EXIT 7B,Hagerstown,MD,70,3.559,Hagerstown,MD,39.632022,-77.737215
69573,AC & T Falling Waters,"I-81, EXIT 23",Falling Waters                          ,WV,70,3.849,Falling Waters,WV,39.586473,-77.885152
69574,LOVES TRAVEL STOP #622,"I-94, EXIT 45 & CR-B",Menomonie,WI,450,3.579,Menomonie,WI,44.87182,-91.92651
69575,LOVES TRAVEL STOP #537,"I-68, EXIT 46 & US-220/SR-144",Cumberland,MD,14,4.249,Cumberland,MD,39.6504,-78.7574
69576,PILOT #498,US-69/75 & SR-7,Atoka,OK,253,3.499,Atoka,OK,34.34451,-96.141827
69580,GORES TRAVEL PLAZA,US-270/SR-3,Seiling,OK,483,3.149,Seiling,OK,36.127823,-98.88746
69581,BYRNE DAIRY #22,"I-81, EXIT 15 & US-20",La Fayette                              ,NY,220,4.299,La Fayette,NY,42.890959,-76.106116
69584,LOVES TRAVEL STOP #648,US-70,Valliant,OK,253,3.099,Valliant,OK,34.009056,-95.068625
69585,LOVES TRAVEL STOP #618,"I-75, EXIT 136 & SR-32",Sadieville,KY,300,3.139,Sadieville,KY,38.390816,-84.538424
69587,LAMBOS #3,"I-57, EXIT 190A & SR-16",Mattoon,IL,280,3.399,Mattoon,IL,39.480184,-88.376152
69588,FUEL CITY,"I-30, EXIT 52B & US-80",Mesquite,TX,630,2.96566666,Mesquite,TX,32.767821,-96.608219
69589,LOVES TRAVEL STOP #604,I-35 EXIT 157 & SR-33,Guthrie,OK,483,3.319,Guthrie,OK,35.832955,-97.435995
69590,LOVES TRAVEL STOP #654,US-81,Union City,OK,483,3.37566666,Union City,OK,35.391333,-97.93979
69591,REBEL PLUS #841,"I-75, EXIT 116 & CR-865",Bonita Springs,FL,225,3.539,Bonita Springs,FL,26.3869,-81.733
69592,SPEEDWAY #6131,"I-465, EXIT 49",Indianapolis,IN,375,3.799,Indianapolis,IN,39.938417,-86.13894
69594,SPEEDWAY #8480,US-30 & CR-36,Plainfield,IL,293,3.279,Plainfield,IL,41.600884,-88.199391
69595,SPEEDWAY #7176,US-31/SR-6,Columbia,TN,460,3.359,Columbia,TN,35.615577,-87.038032
69596,SPEEDWAY #4250,SR-72,Des Plaines,IL,293,3.289,Des Plaines,IL,42.046734,-87.885899
69597,SPEEDWAY #2918,US-119,Uniontown,PA,165,3.91566666,Uniontown,PA,39.889733,-79.728216
69598,SPEEDWAY #8133,SR-237,Berea,OH,305,3.499,Berea,OH,41.367557,-81.861756
69599,One9 SPEEDWAY #2917,SR-48 & SR-130,Monroeville,PA,165,3.99233333,Monroeville,PA,40.429026,-79.762279
69601,LOVES TRAVEL STOP #638,US-54,Texhoma,OK,585,3.509,Texhoma,OK,36.52529,-101.839351
69605,CASEYS #3305,SR-23 & SR-47,Ogilvie,MN,333,3.371,Ogilvie,MN,45.847632,-93.435921
69607,PANOLA PINES PLAZA,I-59,Carthage,TX,618,3.139,Carthage,TX,32.154379,-94.352721
69608,STRIPES,FM 1924,Mission,TX,639,3.099,Mission,TX,26.24153,-98.342647
69611,CUBBYS #2104,CR-131,Shelby                                  ,NE,313,3.399,Shelby,NE,41.243544,-97.429536
69612,ROAD RANGER #272,"I-35, EXIT 39 & SR-44",Encinal,TX,693,3.539,Encinal,TX,28.051329,-99.340902
69614,RUTTERS #36,US-15 & SR-234,York Springs,PA,70,4.299,York Springs,PA,40.00839,-77.106136
69615,LOVES TRAVEL STOP #631,US-275/SR-64,Valley,NE,270,3.34566666,Valley,NE,41.318581,-96.346288
69616,FLYING J #552,"I-71, EXIT 32 & SR-350",Lebanon,OH,407,3.399,Lebanon,OH,39.442047,-84.218754
69618,LOVES TRAVEL STOP #656,US-50/400,Holcomb,KS,525,3.729,Holcomb,KS,37.993105,-100.989323
69621,Circle K #2741096,"I-10/US-90, EXIT 591 & FM-1518",Converse                                ,TX,740,2.93566666,Converse,TX,29.517331,-98.321673
69625,RUTTERS #34,US-30 & SR-23,Leola,PA,70,4.199,Leola,PA,40.096448,-76.192109
69626,CASEYS #2860,US-160 & FM-6070,West Plains,MO,535,3.419,West Plains,MO,36.728418,-91.871681
69627,STRIPES #40601,US-83 & FM-2360,Rio Grande City,TX,639,2.99566666,Rio Grande City,TX,26.394194,-98.810444
69629,SWANTON MOBIL,"I-89, EXIT 21 & SR-78",Swanton,VT,39,3.539,Swanton,VT,44.916754,-73.121124
69630,MANSFIELD TRAVEL PLAZA,SR-175 & SR-509,Mansfield,LA,745,3.019,Mansfield,LA,32.023863,-93.698045
69632,Circle K #2709300,US-72/SR-2,Huntsville,AL,460,2.97733333,Huntsville,AL,34.726866,-86.567318
69633,ONE9 EXPRESS FUEL,"I-10, EXIT 42 & FM-1110",Clint,TX,640,2.80233333,Clint,TX,31.549418,-106.20383
69636,PETRO WILMINGTON,"I-55, EXIT 240",Wilmington,IL,290,3.399,Wilmington,IL,41.298063,-88.130083
69637,PILOT TRAVEL CENTER #1041,SR-64 & CR-23,Carol Stream,IL,290,3.699,Carol Stream,IL,41.9166,-88.1209
69643,Tex-Best #524,SR-44 E,Alice,TX,625,2.899,Alice,TX,27.743171,-98.083622
69646,Arco dba One9 #1258,"I-10, EXIT 19",Quartzsite,AZ,930,3.359,Quartzsite,AZ,33.5675,-114.2731
69647,SPEEDWAY #6207,SR-25,Batavia,IL,293,3.599,Batavia,IL,41.848165,-88.309756
69648,BP-GIANT OIL #440,"I-71, EXIT 204 & SR-83",Burbank,OH,249,3.23233333,Burbank,OH,40.963725,-81.995753
69649,SPEEDWAY #2921,"I-80, EXIT 29 & SR-8",Harrisville,PA,573,3.434,Harrisville,PA,41.163087,-79.979639
69651,LOVES TRAVEL STOP #074,SR-19 & SR-76,Lindsay,OK,483,3.09066666,Lindsay,OK,34.821116,-97.599788
69652,LOVES TRAVEL STOP #633,US-30,Plymouth,IN,365,3.849,Plymouth,IN,41.333897,-86.324087
69653,LOVES TRAVEL STOP #644,"I-70, EXIT 437 & US-385",Burlington,CO,800,3.889,Burlington,CO,39.310649,-102.258281
69654,LOVES TRAVEL STOP #636,US-169,Nowata,OK,500,3.399,Nowata,OK,36.694565,-95.640421
69657,JIFFY MART,US-7 & SR-22A,Ferrisburgh,VT,39,3.599,Ferrisburgh,VT,44.212822,-73.258575
69658,Missouri Travel,"I-29, EXIT 75 & US-30",Missouri Valley,IA,319,3.424,Missouri Valley,IA,41.564399,-95.891346
69659,QUIKTRIP #1092,"I-77, EXIT 77 & US-21/SR-5",Rock Hill,SC,46,3.134,Rock Hill,SC,34.915068,-81.012904
69662,STRIPES 7FLEET #42472,US-377,Brownwood,TX,575,2.96233333,Brownwood,TX,31.704658,-98.975164
69663,STRIPES #2484,SR-480 & FM-1021,Eagle Pass,TX,740,3.199,Eagle Pass,TX,28.702786,-100.48176
69664,7-ELEVEN #40544,US-281,Lampasas,TX,765,2.91566666,Lampasas,TX,31.067957,-98.183361
69666,7-ELEVEN #40587,SR-21 & FM-150,Maxwell,TX,595,3.15233333,Maxwell,TX,29.878628,-97.852852
69668,LOVES TRAVEL STOP #643,"I-55/57, EXIT 66A & US-60",Sikeston,MO,490,3.549,Sikeston,MO,36.891111,-89.58197
69669,LOVES TRAVEL STOP #623,"I-20/SR-349, EXIT 131",Midland,TX,710,3.55566666,Midland,TX,31.989636,-102.06261
69670,LOVES TRAVEL STOP #611,"I-90, EXIT B3 & SR-22",Canaan,NY,12,3.979,Canaan,NY,42.413168,-73.415889
69671,LOVES TRAVEL STOP #655,US-83 & SR-96,Scott City,KS,525,3.63733333,Scott City,KS,38.47994,-100.899331
69672,STRIPES 7FLEET #42507,US-285,Pecos,TX,710,3.379,Pecos,TX,31.414384,-103.508129
69673,QUIKTRIP #1863,"SEC HWY 114, I-35",Roanoke,TX,630,2.97566666,Roanoke,TX,32.98639,-97.205346
69674,WEIGLES #64,"I-75, EXIT 122 & SR-61",Clinton,TN,405,2.99566666,Clinton,TN,36.08688,-84.189735
69676,SPEEDWAY #8495,"US-19/SR-400, EXIT 12",Alpharetta,GA,18,3.349,Alpharetta,GA,34.1048,-84.2949
69679,LOVES TRAVEL STOP #627,US-27 & SR-54,Davenport,FL,140,3.55233333,Davenport,FL,28.22,-81.6205
69680,PILOT #1042,I-55 EXIT 283,Bridgeview,IL,290,3.799,Bridgeview,IL,41.743128,-87.806572
69681,PILOT TRAVEL CENTER #1549,"I-20, EXIT168 & SR-77",Lincoln,AL,615,3.109,Lincoln,AL,33.605913,-86.111152
69682,PILOT #1577,"I-75, EXIT 141 & SR-63",Pioneer,TN,405,3.02566666,Pioneer,TN,36.469465,-84.290672
69683,GOOD TO GO #88,"I-55, EXIT 283",Chicago,IL,291,3.619,Chicago,IL,41.885847,-87.618123
69684,KWIK TRIP #140,"SR-29, EXIT 177",Schofield,WI,395,3.424,Schofield,WI,44.906407,-89.581789
69686,CASEYS #3472,SR-125 & SR-78,Virginia,IL,368,3.659,Virginia,IL,39.945475,-90.212681
69687,CASEYS #3470,US-421 & SR-16,Monon,IN,375,3.779,Monon,IN,40.861176,-86.863537
69688,CASEYS #3431,US-150 & SR-54,Farmer City,IL,368,3.339,Farmer City,IL,40.244689,-88.663385
69693,MAVERIK COUNTRY STORE #527,"US-89, EXIT 405",Ogden,UT,835,3.439,Ogden,UT,41.2443,-112.0072
69694,MAVERIK COUNTRY STORE #533,US-91 & SR-101,Wellsville                              ,UT,835,3.444,Wellsville,UT,41.634302,-111.931676
69695,MAVERIK COUNTRY STORE #488,"I-15/US-89, EXIT 288",Draper,UT,835,3.44566666,Draper,UT,40.504599,-111.88096
69696,MAVERIK COUNTRY STORE #531,"I-80/15, EXIT 305D",Logan,UT,835,3.43066666,Logan,UT,41.747025,-111.822613
69698,KUM & GO #0891,I-44 (EASTBOUND),Vinita,OK,560,3.059,Vinita,OK,36.633353,-95.138164
69699,CIRCLE K #2741552,"SR-969, SR-130, EXIT 444",Austin                                  ,TX,595,2.93233333,Austin,TX,30.210692,-97.942749
69701,PUMP & PANTRY #48,US-30 & SR-25,Fremont,NE,486,3.319,Fremont,NE,41.441637,-96.494468
69702,SPEEDWAY #7159,"I-40/SR-66, EXIT 412",Dandridge,TN,405,3.259,Dandridge,TN,36.001798,-83.404435
69703,CIRCLE K #2741831,"I-35, EXIT 8B & SR-20",Laredo,TX,693,2.90233333,Laredo,TX,27.515538,-99.498579
69707,SUPER S TRAVEL PLAZA,"I-49, EXIT 241",Ida,LA,745,3.059,Ida,LA,32.993393,-93.902186
69708,TA Express #289,US-59,Nacogdoches,TX,618,3.139,Nacogdoches,TX,31.618534,-94.651093
69709,LOVES TRAVEL STOP #626,US-287,Dumas,TX,585,3.41566666,Dumas,TX,35.882315,-101.967984
69710,LOVES TRAVEL STOP #625,"I-80, EXIT 59 & SR-17J",Sidney,NE,475,3.47233333,Sidney,NE,41.142778,-102.9775
69711,PILOT #1047,"I-295, EXIT 25",Jacksonville,FL,75,3.359,Jacksonville,FL,30.3163,-81.4175
69712,LOVES TRAVEL STOP #650,"I-84/US-30, EXIT 159",Boardman,OR,935,3.52233333,Boardman,OR,45.827165,-119.72057
69713,EAGLE #56,"I-45, Exit 189",Teague,TX,765,3.48233333,Teague,TX,31.632772,-96.27778
69715,CASEYS #2712,SR-8/SR-14,Superior,NE,413,3.36233333,Superior,NE,40.031537,-98.077872
69719,SHEETZ #033,"I-99/US-220, EXIT 41 & SR-865",Altoona,PA,14,3.529,Altoona,PA,40.520945,-78.408901
69720,PILOT #1046,US-27 & SR-80,South Bay,FL,176,3.799,South Bay,FL,26.670126,-80.731214
69721,MFA,US-36,Brookfield                              ,MO,276,3.249,Brookfield,MO,39.784612,-93.071948
69723,SPEEDWAY #5036,I-90 & US-20,Hampshire,IL,293,3.369,Hampshire,IL,42.080748,-88.517033
69727,PETRO-CARD 24 #910880,SR-6/13,Gallatin,MO,276,3.299,Gallatin,MO,39.902486,-93.978748
69729,MFA OIL,US-63 & HWY E,Queen City,MO,494,3.249,Queen City,MO,40.415175,-92.566263
69731,PETRO-CARD 24 #910561,"I-49, EXIT 102A",Nevada                                  ,MO,277,3.349,Nevada,MO,37.840853,-94.357127
69732,PETRO-CARD 24 #911043,US-65,Sedalia                                 ,MO,392,3.249,Sedalia,MO,38.696076,-93.232268
69735,PETRO-CARD 24 #910200,US-65 & BUS US-36,Chillicothe,MO,276,3.289,Chillicothe,MO,39.796569,-93.550887
69740,LOVES TRAVEL STOP #613,"I-81, EXIT 24 & SR-80",Meadowview,VA,185,3.599,Meadowview,VA,36.761175,-81.851205
69741,LOVES TRAVEL STOP #659,"I-10, EXIT 133B",Tolleson,AZ,930,3.569,Tolleson,AZ,33.434686,-112.277444
69742,LOVES TRAVEL STOP #630,US-412/64,Enid,OK,337,3.78733333,Enid,OK,36.402842,-97.862257
69743,LOVES TRAVEL STOP #647,US-81,Belleville,KS,523,3.81566666,Belleville,KS,39.824054,-97.629016
69744,LOVES TRAVEL STOP #632,US-54 & US-83,Liberal,KS,585,3.66566666,Liberal,KS,37.043789,-100.92857
69745,PILOT #1070,"I-40/US-54, EXIT 277 & US-84",Santa Rosa,NM,580,3.46233333,Santa Rosa,NM,34.933276,-104.682155
69746,Maverik Country Store #5014,I-80 E EXIT 110 & HWY169,De Soto,IA,320,3.099,De Soto,IA,41.533285,-94.027582
69747,SUNOCO,I-69 & YS HWY 30,Fort Wayne,IN,370,3.604,Fort Wayne,IN,41.0716,-85.1367
69748,SUNOCO,SR-930 E,Fort Wayne                              ,IN,370,3.59733333,Fort Wayne,IN,41.0716,-85.1367
69750,CIRCLE K #2704041,"I-35, EXIT 183",New Braunfels,TX,740,2.859,New Braunfels,TX,29.694733,-98.113041
69751,MFA,CR-37,Purdy,MO,416,3.349,Purdy,MO,36.806917,-93.916376
69755,PILOT #1082,"I-526, EXIT 19",Charleston,SC,42,3.41566666,Charleston,SC,32.962223,-79.86533
69758,MAVERIK COUNTRY STORE #537,I-215 EXIT 21,Salt Lake City                          ,UT,835,3.38233333,Salt Lake City,UT,40.755851,-111.896657
69764,MAVERIK COUNTRY STORE #538,I-15 & SR-99,Fillmore,UT,835,3.38733333,Fillmore,UT,38.980539,-112.331321
69765,7-ELEVEN #40509,I-90/80 EB,Howe,IN,465,3.899,Howe,IN,41.728594,-85.472746
69766,Marathon,"I-75, EXIT 99 & SR-119",Anna,OH,411,3.029,Anna,OH,40.405105,-84.210344
69770,SASSYS TRUCK STOP,"I-86, EXIT 23 & US-219",Limestone,NY,240,3.159,Limestone,NY,42.063945,-78.631979
69772,CIRCLE K #2741825,"I-410, EXIT 2 & FM-2536",San Antonio                             ,TX,740,3.099,San Antonio,TX,29.468525,-98.526352
69780,Bolingbrook Mart,"I-55, EXIT 269",Bolingbrook,IL,293,3.639,Bolingbrook,IL,41.697605,-88.087315
69782,BYRNE DAIRY #14,SR-414 & SR-318,Waterloo,NY,190,3.999,Waterloo,NY,42.904515,-76.875498
69783,SHEETZ #603,"I-78 US-22, EXIT 13 & SR-501",Bethel,PA,208,3.32733333,Bethel,PA,40.480834,-76.274209
69784,KWIK TRIP #158,US-10 & SR-23,Saint Cloud,MN,451,3.27733333,Saint Cloud,MN,45.552113,-94.128447
69785,LOVES TRAVEL STOP #662,US-287 & SR-285,Quanah,TX,585,3.849,Quanah,TX,34.29555,-99.749438
69786,LOVES TRAVEL STOP #671,"I-55, EXIT 63 & US-61",Blytheville,AR,275,3.45566666,Blytheville,AR,35.934482,-89.922497
69787,LOVES TRAVEL STOP #616,"I-49, EXIT 158",Harrisonville,MO,400,3.429,Harrisonville,MO,38.64193,-94.32852
69788,LOVES TRAVEL STOP #612,"SR-370, EXIT 9 & SR-141",Bridgeton,MO,540,3.12066666,Bridgeton,MO,38.750627,-90.416101
69789,LOVES TRAVEL STOP #620,US-301 & SR-20,Hawthorne,FL,140,3.789,Hawthorne,FL,29.573998,-82.105625
69790,LOVES TRAVEL STOP #641,I-155/US-412 EXIT 13 & SR-78,Dyersburg,TN,275,3.40233333,Dyersburg,TN,36.044447,-89.383644
69791,PILOT #1083,US-287 & US-54,Stratford,TX,585,3.499,Stratford,TX,36.33349,-101.988568
69792,FLYING J #1061,"I-44, EXIT 72",Springfield,MO,416,3.38233333,Springfield,MO,37.2152,-93.295
69797,KWIK TRIP #149,US-10,Saint Cloud,MN,451,3.21066666,Saint Cloud,MN,45.552113,-94.128447
69798,LOVES TRAVEL STOP #060,US-36 & US-283,Norton,KS,525,3.109,Norton,KS,39.840706,-99.887832
69799,MAVERIK COUNTRY STORE #387,"I-40, EXIT 253",Winslow,AZ,930,3.23566666,Winslow,AZ,35.16078,-110.511382
69800,MAVERIK COUNTRY STORE #502,US-385 & SR-2,Alliance,NE,795,3.259,Alliance,NE,42.114943,-102.888045
69801,MAVERIK COUNTRY STORE #409,"I-580, EXIT 41 & SR-531",Carson City,NV,966,3.589,Carson City,NV,39.150746,-119.745904
69803,THORNTONS #319,"I-55, EXIT 248 & US-6",Channahon,IL,399,3.249,Channahon,IL,41.434664,-88.213786
69804,KWIK TRIP #184,"I-94, EXIT 293",Pewaukee,WI,444,3.449,Pewaukee,WI,43.078777,-88.272922
69809,KWIK TRIP #162,"I-94, EXIT 202",Elk River,MN,451,3.29733333,Elk River,MN,45.313601,-93.5814
69811,Chisholm Corner #16,US-81 & SR-7,Marlow,OK,569,3.01566666,Marlow,OK,34.638681,-97.940955
69813,SHEETZ #608,"I-81, EXIT 24 & CR-696",Shippensburg,PA,70,3.28566666,Shippensburg,PA,40.051359,-77.519477
69814,Allsup's #2454,US-87 & SR-163,Sterling City                           ,TX,612,3.224,Sterling City,TX,31.835063,-101.001729
69815,CENEX ZIP TRIP #75,"I-94/US-12, EXIT 138 & US-59",Miles City,MT,780,3.49733333,Miles City,MT,46.407459,-105.833193
69816,STRIPES #42503,"I-27, EXIT 1",Lubbock,TX,700,2.95066666,Lubbock,TX,33.586527,-101.860634
69817,LOVES TRAVEL STOP #639,"I-20, EXIT 96",Lake,MS,705,3.16233333,Lake,MS,32.345909,-89.341354
69818,LOVES TRAVEL STOP #675,US-75,Okmulgee,OK,560,3.21733333,Okmulgee,OK,35.628805,-95.96967
69819,FLYING J #1086,SR-18 & SR-5,Marion,IN,457,3.489,Marion,IN,40.574333,-85.674127
69820,CUBBYS #304,SR-7,Manson                                  ,IA,319,3.299,Manson,IA,42.528503,-94.530386
69821,FUEL CITY HALTOM CITY,"I-35W, EXIT 52B & TX-121",Haltom City,TX,630,2.96566666,Haltom City,TX,32.808742,-97.270891
69823,LOVES TRAVEL STOP #664,US-41,Terre Haute,IN,375,3.949,Terre Haute,IN,39.4667,-87.4068
69824,LOVES TRAVEL STOP #663,US-190 & LA-103,Port Barre,LA,730,3.124,Port Barre,LA,30.547788,-91.928576
69825,KWIK TRIP #154,MN-15,Sauk Rapids,MN,451,3.30233333,Sauk Rapids,MN,45.604032,-94.159088
69826,LOVES TRAVEL STOP #629,I-65 EXIT 108 & SR-76,White House,TN,460,3.159,White House,TN,36.460048,-86.670524
69827,KWIK TRIP #164,US-12/SR-29,Menomonie,WI,295,3.499,Menomonie,WI,44.87182,-91.92651
69830,RUTTERS #69,"I-78/US-22, EXIT 29 & SR-61",Hamburg,PA,208,3.86566666,Hamburg,PA,40.548799,-75.987361
69832,LOVES TRAVEL STOP #595,"I-10, EXIT 28 & SR-49",Gulfport,MS,733,3.144,Gulfport,MS,30.382556,-89.097618
69833,LOVES TRAVEL STOP #658,US-412,Watts,OK,416,3.34733333,Watts,OK,36.115216,-94.634472
69835,LOVES TRAVEL STOP #653,US-287   ,Eads,CO,800,3.47566666,Eads,CO,38.444141,-102.50536
69837,LOVES TRAVEL STOP #606,"I-94, EXIT 73B & US-6",South Holland,IL,290,3.329,South Holland,IL,41.597916,-87.593814
69840,KUM & GO #0370,"I-80, EXIT 439 & SR-370",Gretna,NE,486,2.92066666,Gretna,NE,41.134458,-96.245837
69842,KUM & GO #0863,"I-44, EXIT 215 & SR-97",Sapulpa,OK,560,3.23233333,Sapulpa,OK,36.00297,-96.11061
69845,Maverik Country Store #5013,US-40 & SR-13,Craig,CO,800,3.459,Craig,CO,40.522351,-107.561458
69847,KWIK STAR #145,US-52,Guttenberg,IA,335,3.599,Guttenberg,IA,42.759443,-91.119015
69848,KWIK TRIP #173,SR-17,Rhinelander,WI,395,3.45233333,Rhinelander,WI,45.646718,-89.409285
69850,KUM & GO #0539,"I-80 E, & SR-415 EXIT 135",Des Moines,IA,320,3.07233333,Des Moines,IA,41.6005,-93.6088
69851,SPEEDWAY #3995,I-90,Belvidere,IL,293,3.849,Belvidere,IL,42.259465,-88.850943
69852,KWIK TRIP #141,SR-61,Two Harbors,MN,334,3.499,Two Harbors,MN,47.039364,-91.678264
69854,LOVES TRAVEL STOP #637,"I-39, EXIT 115 & CR-CS",Poynette,WI,420,3.789,Poynette,WI,43.401342,-89.418857
69855,LOVES TRAVEL STOP #670,US-18,Floyd,IA,433,3.649,Floyd,IA,43.143049,-92.723988
69856,LOVES TRAVEL STOP #657,"I-77, EXIT 5 & SR-48",Cayce,SC,46,3.39733333,Cayce,SC,33.962567,-81.067084
69858,TEX-BEST #528,US-181,Elmendorf                               ,TX,740,2.89233333,Elmendorf,TX,29.230793,-98.371982
69859,BIG BOSS TRAVEL PLAZA,I-12 EXIT 22,Livingston                              ,LA,600,3.16566666,Livingston,LA,30.474107,-90.767339
69861,HUCKS FOOD & FUEL #379,"I-57, EXIT 53",Marion,IL,340,2.929,Marion,IL,37.725662,-88.929447
69862,CASEYS #3503,US-69/SR-52,Pleasanton,KS,400,3.199,Pleasanton,KS,38.182285,-94.70567
69863,GOLDEN GATE,I-80 EXIT 352A & US-93,Wells,NV,835,3.41566666,Wells,NV,41.129798,-114.532752
69865,7-ELEVEN #40036,SR-33 & SR-632,Lanexa,VA,180,3.659,Lanexa,VA,37.419391,-76.902684
69870,CIRCLE K #4705720,"I-280, EXIT 7 & SR-2",Oregon,OH,550,3.609,Oregon,OH,41.641842,-83.471366
69871,CIRCLE K #2741595,SR-71 & FM-1209,Bastrop,TX,595,2.954,Bastrop,TX,30.13883,-97.292101
69873,KWIK TRIP #142,"US-10, EXIT 186 & SR-13",Marshfield,WI,395,3.479,Marshfield,WI,44.6688,-90.1716
69874,LOVES TRAVEL STOP #687,"I-72, EXIT 64 & US-67",Jacksonville,IL,540,3.489,Jacksonville,IL,39.729269,-90.236238
69875,LOVES TRAVEL STOP #680,US-81,Norfolk,NE,470,3.31566666,Norfolk,NE,42.032914,-97.422898
69876,LOVES TRAVEL STOP #684,"I-35, EXIT 133 & SR-175",Ellsworth,IA,433,3.689,Ellsworth,IA,42.30086,-93.548979
69877,LOVES TRAVEL STOP #669,US-61 & SR-19,New London,MO,345,3.23566666,New London,MO,39.591672,-91.39599
69878,SPEEDWAY #7412,SR-83 & SR-19,Bensenville,IL,293,3.379,Bensenville,IL,41.9536,-87.935
69879,SPEEDWAY #3700,I-70 EXIT 77,Indianapolis,IN,375,3.319,Indianapolis,IN,39.938417,-86.13894
69880,Speedway #6809,"I-290, EXIT 13A",Franklin Park,IL,293,3.329,Franklin Park,IL,41.933878,-87.873423
69881,KWIK TRIP #458,SR-55,Buffalo,MN,451,3.549,Buffalo,MN,45.181371,-93.863479
69882,SPEEDWAY #7103,US-43,Lawrenceburg,TN,460,3.574,Lawrenceburg,TN,35.250668,-87.352582
69884,AKAL TRAVEL CENTER,"I-40, EXIT 267 & SR-379",Santa Rosa,NM,721,2.879,Santa Rosa,NM,34.933276,-104.682155
69885,BELL STORES #146,SR-43 & SR-183,Malvern                                 ,OH,249,3.579,Malvern,OH,40.684532,-81.18378
69886,LOVES TRAVEL STOP #676,SR-50,Syracuse,NE,413,3.444,Syracuse,NE,40.661386,-96.182407
69887,CIRCLE K #2701869,SR-21 & SR-307,Savannah,GA,195,3.11566666,Savannah,GA,32.067631,-81.102394
69888,OASIS STOP N GO #17,US-30,Twin Falls,ID,787,3.699,Twin Falls,ID,42.556495,-114.469265
69892,MAVERIK COUNTRY STORE #547,US-26,Casper,WY,790,3.18566666,Casper,WY,42.845763,-106.316571
69893,DOMINO EXPRESS #24,US-412/US-270/US-183/SR-3 & SR-15,Woodward,OK,337,2.999,Woodward,OK,36.426784,-99.402016
69894,Circle K #2746446,US-2,Williston,ND,452,4.04233333,Williston,ND,48.167924,-103.631699
69895,Shell,"I-80, EXIT 122",Minooka,IL,290,3.149,Minooka,IL,41.461516,-88.278596
69900,LOVES TRAVEL STOP #605,"I-70, EXIT 59 & SR-41",Springfield,OH,315,3.479,Springfield,OH,39.924167,-83.808889
69901,KWIK TRIP #638,SR-42,Two Rivers,WI,582,3.39066666,Two Rivers,WI,44.166008,-87.585504
69902,MAVERIK COUNTRY STORE #441,"I-182/US-12, EXIT 9",Pasco,WA,925,4.279,Pasco,WA,46.249183,-119.104387
69903,LOVES TRAVEL STOP #642,US-60 & US-385,Hereford,TX,585,3.41566666,Hereford,TX,34.837037,-102.40503
69904,LOVES TRAVEL STOP #695,US-54/400,Cunningham,KS,570,3.65733333,Cunningham,KS,37.666149,-98.39297
69905,KWIK TRIP #105,"I-41, EXIT 157",De Pere,WI,582,3.35233333,De Pere,WI,44.438779,-88.080613
69906,LOVES TRAVEL STOP #692,US-169 & SR-39,Chanute,KS,570,3.27566666,Chanute,KS,37.674928,-95.456962
69907,STRIPES #41023,SR-358 & FM-665,Corpus Christi,TX,625,3.07066666,Corpus Christi,TX,27.794086,-97.402994
69908,LOVES TRAVEL STOP #685,"I-74, EXIT 51",Knoxville,IL,270,3.889,Knoxville,IL,40.910672,-90.287116
69912,AMPM,"I-10, EXIT 140",Phoenix,AZ,930,3.28233333,Phoenix,AZ,33.451,-112.0685
69913,ROSS FUEL CENTER,US-60/US-67,Poplar Bluff,MO,275,3.49066666,Poplar Bluff,MO,36.766235,-90.416647
69914,PETRO COLUMBIA,"I-77, EXIT 5 & SR-48",Columbia,SC,46,3.41233333,Columbia,SC,34.072613,-81.179617
69915,PETES #16,"I-49/US-71, EXIT 120 & CR-B",Rich Hill,MO,277,3.149,Rich Hill,MO,38.09438,-94.363454
69921,LOVES TRAVEL STOP #688,"I-70, EXIT 119 & SR-130",Greenup,IL,510,3.289,Greenup,IL,39.239454,-88.144502
69922,LOVES TRAVEL STOP #686,"I-84/I-15, EXIT 363",Brigham City,UT,835,3.75566666,Brigham City,UT,41.507921,-112.015177
69923,Circle K #2741821,FM 471 & SR 211,San Antonio                             ,TX,740,3.03233333,San Antonio,TX,29.468525,-98.526352
69926,TONKAWA TRADING POST,"I-35, EXIT 214 & US-60",Tonkawa,OK,500,2.999,Tonkawa,OK,36.68062,-97.30634
69927,LOVES TRAVEL STOP #682,"I-81, EXIT 10A",Hagerstown,MD,22,3.949,Hagerstown,MD,39.632022,-77.737215
69928,KUM & GO #1837,SR-51,Broken Arrow,OK,560,3.05233333,Broken Arrow,OK,35.990812,-95.814332
69929,PETES #14,US-69/SR 7,Fort Scott,KS,307,3.199,Fort Scott,KS,37.834159,-94.704221
69930,CONCORDE TRAVEL CENTER,"I-65, EXIT 219 & CR-42",Jemison                                 ,AL,720,3.299,Jemison,AL,32.980539,-86.718052
69931,SHELL,"I-565, EXIT 7 & CR-127",Madison,AL,615,3.349,Madison,AL,34.6578,-86.8056
69932,CIRCLE K #2741847,SR-16,San Antonio,TX,740,3.07233333,San Antonio,TX,29.468525,-98.526352
69933,Flyers #3202,"I-17, EXIT 201",Phoenix,AZ,930,3.369,Phoenix,AZ,33.451,-112.0685
69934,KWIK TRIP #135,SR-35 N,Superior,WI,334,3.499,Superior,WI,46.701552,-92.091174
69935,KWIK TRIP #586,"I-41, EXIT 45",Butler,WI,444,3.474,Butler,WI,43.105405,-88.071043
69936,LOVES TRAVEL STOP #683,US-27,Moore Haven,FL,176,3.789,Moore Haven,FL,26.832749,-81.218776
69937,MAVERIK COUNTRY STORE #385,"I-15, EXIT 119",Idaho Falls,ID,825,3.42566666,Idaho Falls,ID,43.517679,-111.990626
69938,MAVERIK COUNTRY STORE #388,US-60 & SR-77,Show Low                                ,AZ,930,3.229,Show Low,AZ,34.060117,-110.054633
69939,MAVERIK COUNTRY STORE #377,"I-15, EXIT 244 & US-6",Santaquin,UT,835,3.40233333,Santaquin,UT,39.980356,-111.793819
69940,SAPP BROS TRAVEL CENTER,"I-49, EXIT 157",Harrisonville,MO,400,3.40233333,Harrisonville,MO,38.64193,-94.32852
69941,QUIKTRIP #949,"I-20 E, EXIT 406",Weatherford,TX,630,2.91733333,Weatherford,TX,32.8435,-97.7047
69943,ASAP GENERAL STORE #313,US-81,Duncan,OK,483,3.13233333,Duncan,OK,34.507277,-97.940322
69944,TRUCK WORLD,"I-76, EXIT 57",North Jackson,OH,573,3.259,North Jackson,OH,41.088044,-80.86225
69945,BP,"I-465, EXIT 49",Indianapolis,IN,375,3.799,Indianapolis,IN,39.938417,-86.13894
69946,KUM & GO #0119,"I-35, EXIT 214 & SR-105",Northwood,IA,433,3.11566666,Northwood,IA,43.450604,-93.241943
69947,THORNTONS #607,I-24 EXIT 62 & SR-171,Antioch,TN,460,2.899,Antioch,TN,36.06,-86.672222
69948,CIRCLE T,US-190/SR-21,Bryan,TX,670,3.459,Bryan,TX,30.632698,-96.36616
69949,THE CROSSING TRAVEL MARK,US-83 & SR-153,Winters,TX,575,3.04066666,Winters,TX,31.962028,-99.955114
69952,HUTCH'S #120,"I-40, EXIT 25",Sayre,OK,483,2.984,Sayre,OK,35.304722,-99.642928
69954,Exxon,"I-80, EXIT 27A & US-46",Budd Lake,NJ,79,3.119,Budd Lake,NJ,40.873108,-74.742552
69955,QUIKTRIP #1044,"I-85, EXIT 63 & SR-2180",Kannapolis,NC,46,3.154,Kannapolis,NC,35.502016,-80.635875
69957,LOVES TRAVE STOP #698,"I-75/SR-401, EXIT 153",Macon,GA,85,3.369,Macon,GA,32.84386,-83.598686
69958,LOVES TRAVEL STOP #693,US-30/23 & SR-199,Upper Sandusky,OH,411,3.889,Upper Sandusky,OH,40.824876,-83.297711
69959,BISCUIT HILL TRAVEL PLAZA,"I-40, EXIT 192",Shawnee,OK,483,2.909,Shawnee,OK,35.34907,-96.931321
69960,PILOT CENTER #1014- TOWN PUMP,"I-94, EXIT 213 & SR-16",Glendive,MT,807,3.419,Glendive,MT,47.100813,-104.728716
69962,LUFKIN TRAVEL PLAZA,US-59 & CR-819,Lufkin,TX,618,2.81566666,Lufkin,TX,31.336004,-94.734185
69963,7 CLANS RED ROCK GASINO,US-177,Red Rock,OK,500,3.089,Red Rock,OK,36.474754,-97.164021
69964,SHEETZ #621,"I-77 & US-70, Exit 49A",Statesville,NC,46,2.849,Statesville,NC,35.8381,-80.8842
69969,USA GAS,SR-47,Newfield,NJ,150,3.169,Newfield,NJ,39.555257,-75.027558
69974,LOVES TRAVEL STOP #672,US-77BUS & FM-1945,Sinton,TX,625,3.149,Sinton,TX,28.033895,-97.519582
69975,LOVES TRAVEL STOP #703,US-50,South Hutchinson,KS,570,3.30066666,South Hutchinson,KS,38.007306,-97.90814
69976,KWIK TRIP #583,"I-94, EXIT 89 & SR-23",Wisconsin Dells,WI,420,3.23733333,Wisconsin Dells,WI,43.650789,-89.76652
69977,KWIK TRIP #855,US-12,Baraboo,WI,420,3.11566666,Baraboo,WI,43.482531,-89.746168
69978,LOVES TRAVEL STOP #678,US-271,Paris,TX,630,3.36566666,Paris,TX,33.658077,-95.537881
69979,LOVES TRAVEL STOP #681,"I-82/US-12, EXIT 80",Prosser,WA,925,4.589,Prosser,WA,46.223183,-119.771014
69980,RUTTERS #70,SR-896 & SR-741,Strasburg,PA,208,4.199,Strasburg,PA,39.970075,-76.184824
69981,RANCHLAND GAS STATION,US-82,Benjamin                                ,TX,770,3.299,Benjamin,TX,33.583889,-99.791944
69982,RUTTERS #68,US-422 & SR-934,Annville                                ,PA,70,4.299,Annville,PA,40.345608,-76.544676
69983,MICKEY MART #57,US-250,Strasburg,OH,249,3.49233333,Strasburg,OH,40.60028,-81.536646
69986,YESWAY #1061,US-180 & SR-137,Lamesa,TX,612,3.099,Lamesa,TX,32.736677,-101.956914
69987,LOVES TRAVEL STOP #679,"I-90, EXIT 495 & SR-47   ",Hardin,MT,780,3.704,Hardin,MT,45.749843,-107.607457
69988,LOVES TRAVEL STOP #640,"I-43, EXIT 120 & CR-OK",Sheboygan,WI,444,3.289,Sheboygan,WI,43.740981,-87.724667
69989,LOVES TRAVEL STOP #677,US-45A,West Point,MS,615,3.259,West Point,MS,33.626496,-88.68226
69990,LOVES TRAVEL STOP #691,US-50/93 & US-6,Ely,NV,910,3.649,Ely,NV,39.309356,-114.878011
69991,WA SHE SHU TRAVEL PLAZA,US-395,Gardnerville,NV,966,3.699,Gardnerville,NV,38.898268,-119.726902
69992,KWIK TRIP #120,SR-15 & CR-4,Saint Cloud,MN,451,3.27733333,Saint Cloud,MN,45.552113,-94.128447
69993,CEFCO #99,US-290,Giddings,TX,595,3.159,Giddings,TX,30.177725,-96.93322
69995,PILOT EXPRESS #1178,"I-10, EXIT 273",Tucson,AZ,980,3.219,Tucson,AZ,32.213873,-110.969445
69996,YESWAY #1078,US-83 & SR-153,Winters,TX,575,2.999,Winters,TX,31.962028,-99.955114
69998,CASEYS #3604,US-75,Hinton,IA,527,3.299,Hinton,IA,42.604046,-96.305033
69999,RUTTERS #71,"I-99, EXIT 28 & US-22",Duncansville,PA,14,4.099,Duncansville,PA,40.426228,-78.43833
70001,LOVES TRAVEL STOP #690,US-23,Circleville,OH,315,3.789,Circleville,OH,39.598836,-82.929966
70002,LOVES TRAVEL STOP #699,US-49,Magee,MS,620,3.60733333,Magee,MS,31.849513,-89.750325
70003,SPEEDWAY #2926,SR-837,Clairton,PA,165,3.92566666,Clairton,PA,40.298917,-79.910096
70004,SPEEDWAY #7775,US-23 & CR-192,Delaware,OH,315,3.619,Delaware,OH,40.293186,-83.072312
70007,FLYING J #1096,"I-95, EXIT 201 & CR-524",Cocoa,FL,143,3.699,Cocoa,FL,28.367183,-80.746455
70008,Amigo's,"I-10, EXIT 661 & FM-609",Flatonia,TX,610,3.08233333,Flatonia,TX,29.709493,-97.098685
70009,KWIK TRIP #661,SR-69 & BUS-11,Monroe,WI,420,3.36233333,Monroe,WI,42.599076,-89.6403
70010,Kwik Star #567,US-65 & SR-3,Hampton,IA,565,3.504,Hampton,IA,42.740531,-93.210954
70011,KWIK TRIP #279,"US-63, EXIT 59",Rochester,MN,515,3.549,Rochester,MN,44.049572,-92.48962
70012,MAVERIK COUNTRY STORE #549,"I-70, EXIT 283",Aurora,CO,800,3.18566666,Aurora,CO,39.737809,-104.815233
70014,PETRO-CARD 24 #919141,SR-179,Jamestown                               ,MO,310,3.479,Jamestown,MO,38.779292,-92.480651
70016,CASEYS #2743,SR-43/SR-2 & SR-66A,Palmyra,NE,413,3.199,Palmyra,NE,40.704964,-96.399903
70017,PACIFIC PRIDE,I-79 & US-19,Morgantown                              ,WV,430,3.459,Morgantown,WV,39.6368,-80.018
70019,QUICKLEES #1,"I-390, EXIT 9 & SR-15",Avon                                    ,NY,190,3.999,Avon,NY,42.903034,-77.727398
70022,SHEETZ #583,US-322 & SR-655,Reedsville,PA,14,3.41566666,Reedsville,PA,40.672189,-77.611589
70024,KWIK TRIP #827,"I-41, EXIT 167",Green Bay,WI,582,3.499,Green Bay,WI,44.485313,-88.016868
70025,SPEEDWAY #6245,SR-43,Carrollton,OH,249,3.559,Carrollton,OH,40.578663,-81.081789
70026,SPEEDWAY #8883,I-80 EXIT 73,Peru,IL,293,3.149,Peru,IL,41.333021,-89.126478
70027,SPEEDWAY #8851,SR-31,South Elgin,IL,293,3.559,South Elgin,IL,41.996868,-88.298558
70028,LOVES TRAVEL STOP #697,"US-321, EXIT 37",Newton,NC,46,3.689,Newton,NC,35.649766,-81.242546
70029,LOVES TRAVEL STOP #696,"I-10, EXIT 843",Beaumont,TX,610,3.294,Beaumont,TX,30.068805,-94.103896
70030,SPEEDWAY #3991,"I-80 E, & I-94 E",Gary,IN,290,3.71233333,Gary,IN,41.593333,-87.346389
70031,SPEEDWAY #8020,US-30,Upper Sandusky,OH,550,3.799,Upper Sandusky,OH,40.824876,-83.297711
70032,Kwik Star #569,US-20,Waterloo,IA,565,3.574,Waterloo,IA,42.477784,-92.366099
70033,KWIK TRIP #111,SR-36 & CR-15,Stillwater,MN,448,3.54066666,Stillwater,MN,45.050007,-92.830032
70034,SPEEDWAY #8799,I-55 EXIT 282A & SR-171,Bedford Park,IL,293,3.599,Bedford Park,IL,41.759444,-87.786667
70035,SPEEDWAY #8064,"I-55, EXIT 178 & SR-43",West Lafayette,IN,375,3.58233333,West Lafayette,IN,40.444025,-86.923661
70036,Speedway #3994,SR-38 & CR-21,West Chicago,IL,293,3.599,West Chicago,IL,41.888558,-88.202168
70037,SPEEDWAY #8738,"I-70, EXIT 23 & SR-59",Brazil,IN,375,3.699,Brazil,IN,39.521041,-87.127767
70038,SPEEDWAY #1830,US-31,Grand Haven,MI,456,3.899,Grand Haven,MI,43.037838,-86.191227
70039,TEX-BEST #527,SR-162 & SR-16,Jourdanton                              ,TX,747,2.92066666,Jourdanton,TX,28.902985,-98.544037
70040,TEX BEST #503,"I-35, EXIT 215 & CR-210",Kyle                                    ,TX,595,2.80566666,Kyle,TX,30.0043,-97.837106
70041,LOVES TRAVEL STOP #705,"I-64/SR-33, EXIT 211 & SR-609",Providence Forge,VA,180,3.889,Providence Forge,VA,37.425907,-77.071117
70042,Kwik Star #103,US-65,Iowa Falls,IA,565,3.374,Iowa Falls,IA,42.513756,-93.270943
70043,KWIK TRIP #571,"I-35, EXIT 235 & SR-210",Carlton,MN,515,3.319,Carlton,MN,46.6484,-92.470984
70044,Thorntons #325,"I-94, EXIT 73B & US-6",South Holland,IL,365,3.699,South Holland,IL,41.597916,-87.593814
70049,KWIK STAR #581,"I-380, EXIT 17",Cedar Rapids,IA,380,3.54066666,Cedar Rapids,IA,41.9743,-91.655382
70050,KWIK TRIP #124,US-51,De Forest,WI,420,3.23566666,De Forest,WI,43.235748,-89.329652
70053,KWIK TRIP #964,"US-12, EXIT 250 & CR-M",Middleton,WI,420,3.529,Middleton,WI,43.105196,-89.507258
70054,KWIK TRIP #976,CR-241 & CR-ZZ,Oak Creek,WI,444,3.579,Oak Creek,WI,42.88916,-87.902661
70058,KWIK TRIP #590,CR-4 & CR-22,Rochester,MN,515,3.624,Rochester,MN,44.049572,-92.48962
70059,KWIK TRIP #118,US-2 & LAKESHORE DRIVE,Ashland,WI,334,3.699,Ashland,WI,46.577948,-90.876712
70062,KWIK TRIP #970,SR-164 & SR-59,Waukesha,WI,444,3.53233333,Waukesha,WI,42.999304,-88.219559
70063,QUICK FUEL #2206,US-41,Marietta,GA,18,3.519,Marietta,GA,33.9043,-84.468
70066,KWIK TRIP #957,US-18 & CR-PD,Madison                                 ,WI,420,3.604,Madison,WI,43.073,-89.3817
70067,KWIK TRIP #240,"I-94, EXIT 115 & CR-A",Black River Falls,WI,395,3.31233333,Black River Falls,WI,44.292101,-90.847952
70068,LOVES TRAVEL STOP #712,"I-44, EXIT 107",Newcastle,OK,483,3.42566666,Newcastle,OK,35.245269,-97.621573
70069,CASEYS #3486,"I-49, EXIT 159",Harrisonville,MO,400,3.229,Harrisonville,MO,38.64193,-94.32852
70074,CASEYS #3430,US-71 & US-136/SR-46,Maryville,MO,400,3.13733333,Maryville,MO,40.343399,-94.873479
70075,KWIK TRIP #815,US-63 & SR-48,Cumberland,WI,295,3.624,Cumberland,WI,45.5403,-92.029709
70076,PETRO-CARD 24 #910681,SR-32,Salem                                   ,MO,392,3.099,Salem,MO,37.616952,-91.525809
70078,KWIK TRIP #573,I-94 & CR-EE,Eau Claire,WI,295,3.399,Eau Claire,WI,44.783972,-91.487686
70079,PILOT #1118,US-60,Clovis,NM,593,4.079,Clovis,NM,34.412585,-103.221391
70080,FLYING J #1117,SR-25,Rochester,IN,370,3.859,Rochester,IN,41.065493,-86.231007
70081,PILOT EXPRESS #1032,SR-7,Steubenville,OH,249,3.629,Steubenville,OH,40.370638,-80.66115
70082,KWIK TRIP #588,US-51 & SR-70,Woodruff,WI,395,3.09566666,Woodruff,WI,45.918583,-89.69545
70083,KWIK TRIP #596,US-14,Black Earth,WI,420,3.444,Black Earth,WI,43.132213,-89.738974
70084,SPEEDWAY #4440,SR-131,Waukegan,IL,293,3.659,Waukegan,IL,42.363611,-87.844722
70085,Pilot #1114,SR-83,Bensenville,IL,290,3.389,Bensenville,IL,41.9536,-87.935
70087,PILOT EXPRESS  #1098,"I-95, EXIT 14",Newark,NJ,105,3.999,Newark,NJ,40.7308,-74.1744
70088,KWIK TRIP #138,SR-13,Park Falls,WI,395,3.14733333,Park Falls,WI,45.936345,-90.424648
70090,SPEEDWAY #7111,"I-40, EXIT 143 & SR-13",Hurricane Mills,TN,460,3.03233333,Hurricane Mills,TN,35.974859,-87.767129
70091,SPEEDWAY #7503,I-70 & I-57 EXIT 159,Effingham,IL,293,3.199,Effingham,IL,39.121727,-88.561105
70093,LOVES TRAVEL STOP #694,US-45/SR-5 & SR-57,Ramer,TN,435,3.46233333,Ramer,TN,35.064181,-88.601733
70095,LOVES TRAVEL STOP #713,US-380 & FM-1304,Bridgeport,TX,630,2.949,Bridgeport,TX,33.187027,-97.78098
70096,LOVES TRAVEL STOP #661,US-65 & SR-81,Pine Bluff,AR,695,3.319,Pine Bluff,AR,34.215405,-91.995812
70097,KWIK TRIP #112,SR-32 & SR-23,Sheboygan Falls,WI,444,3.29233333,Sheboygan Falls,WI,43.726598,-87.824228
70098,KWIK TRIP #110,US-2,Ashland,WI,334,3.699,Ashland,WI,46.577948,-90.876712
70099,QUIKTRIP #1883,"I-35, EXIT 497 & US-82",Gainesville,TX,253,2.97566666,Gainesville,TX,33.625943,-97.103208
70100,LOVES TRAVEL STOP #718,"I-65, EXIT 158",Hope Hull,AL,720,3.26566666,Hope Hull,AL,32.224256,-86.393189
70104,LOVES TRAVEL STOP #649,"I-76/US-6, EXIT 89",Brush,CO,800,4.089,Brush,CO,40.260255,-103.62788
70105,LOVES TRAVEL STOP #708,"I-75, EXIT 314 & CR-48",Bushnell,FL,225,3.29566666,Bushnell,FL,28.661062,-82.155297
70106,LOVES TRAVEL STOPS #719,"I-35, EXIT 308",Troy,TX,765,3.159,Troy,TX,31.175855,-97.285205
70107,LOVES TRAVEL STOP #711,"I-71, EXIT 165 & SR-97",Bellville,OH,315,3.709,Bellville,OH,40.613604,-82.517516
70108,RICKY ROCKETS FUEL CENTER,SR-50 & SR-83,Midlothian,IL,291,3.099,Midlothian,IL,41.634106,-87.732418
70111,KWIK TRIP #557,"I-39, EXIT 126 & CR-V",De Forest,WI,420,3.31066666,De Forest,WI,43.235748,-89.329652
70117,RUTTERS #72,"I-81, EXIT 16 & US-30",Saint Thomas,PA,70,4.399,Saint Thomas,PA,39.924052,-77.7908
70118,SPEEDWAY #7118,US-41,Smyrna,TN,460,3.01566666,Smyrna,TN,35.965611,-86.504818
70122,Circle K #2709301,SR-67,Decatur,AL,615,3.899,Decatur,AL,34.589599,-86.98868
70124,TA Express Lamar,US-50/385,Lamar,CO,525,3.439,Lamar,CO,38.084136,-102.619195
70125,SPEEDWAY #7391,I-76 EXIT 232,North Lima,OH,305,3.699,North Lima,OH,40.964866,-80.654911
70126,SPEEDWAY #3535,"I-71,EXIT 165 & SR-97",Bellville,OH,315,3.599,Bellville,OH,40.613604,-82.517516
70127,SPEEDWAY #2929,"US-22, US-119",New Alexandria,PA,165,3.97233333,New Alexandria,PA,40.398112,-79.396594
70128,CIRCLE K #4703913,"I-40 E, EXIT 87",Jackson,TN,460,3.349,Jackson,TN,35.610222,-88.814011
70130,SIDE TRACK,SR-57,Wrightsville,GA,85,3.31566666,Wrightsville,GA,32.721866,-82.726206
70131,THORNTONS #323,SR-64,Lombard,IL,290,3.299,Lombard,IL,41.872139,-88.015988
70135,KUM & GO #1455,"I-44, EXIT 130",Lebanon,MO,535,3.09233333,Lebanon,MO,37.685049,-92.655029
70136,FUEL CITY SAGINAW,CR-156,Fort Worth,TX,630,2.96566666,Fort Worth,TX,32.7469,-97.3268
70137,RUTTERS #8,"I-83, EXIT 14 & SR-182",York,PA,70,4.199,York,PA,39.963539,-76.726887
70140,CASEYS #3593,SR-7 & US-50,North Vernon,IN,375,3.59233333,North Vernon,IN,39.001763,-85.627216
70142,ONVO TRAVEL PLAZA - AVIS,"US-220, EXIT 118",Avis,PA,138,3.539,Avis,PA,41.184722,-77.314167
70143,KWIK TRIP #104,"I-94, HWY-24, EXIT 178",Clearwater,MN,448,3.27733333,Clearwater,MN,45.387694,-94.045246
70144,LOVES TRAVEL STOP #635,"I-49, EXIT 24 & SR-282",Alma,AR,645,3.459,Alma,AR,35.500043,-94.207337
70145,MAVERIK COUNTRY STORE #578,US-26 & US-91,Idaho Falls,ID,825,3.40233333,Idaho Falls,ID,43.517679,-111.990626
70146,MAVERIK COUNTRY STORE #567,"I-90, EXIT 291A",Spokane,WA,970,3.969,Spokane,WA,47.666485,-117.436527
70150,LOVES TRAVEL STOP #704,"I-29, EXIT 35B & US-34",Pacific Junction,IA,319,3.789,Pacific Junction,IA,41.027123,-95.804645
70151,LOVES TRAVEL STOP #721,"I-45, EXIT 246 & FM-1183",Ennis,TX,630,3.03566666,Ennis,TX,32.332102,-96.622363
70154,Stinker,"US-34, CR-56",Kersey,CO,800,3.499,Kersey,CO,40.396305,-104.528768
70155,MARATHON,"US-24, I-96 EXIT 179",Redford,MI,549,4.999,Redford,MI,42.375554,-83.28895
70156,MAVERIK COUNTRY STORE #348,"US-91, SR-130",Cedar City,UT,791,3.45233333,Cedar City,UT,37.689544,-113.074513
70157,LOVES TRAVEL STOP #702,US-63,Waterloo,IA,565,3.769,Waterloo,IA,42.477784,-92.366099
70158,FLYING J #1068,"I-26, EXIT 194 & SR-16",Summerville,SC,42,3.509,Summerville,SC,33.028045,-80.173852
70159,LOVES TRAVEL STOP #717,US-460 & SR-156,Disputanta,VA,180,3.56233333,Disputanta,VA,37.148268,-77.273172
70160,COMMON CENTS #212,I-90 & SR-337,Sheridan,WY,836,3.56066666,Sheridan,WY,44.78486,-106.964795
70162,PILOT #1049,US-58,Suffolk,VA,130,3.899,Suffolk,VA,36.866823,-76.559811
70163,KWIK TRIP #598,SR-23,Paynesville,MN,451,3.399,Paynesville,MN,45.398798,-94.715709
70164,ONVO TRAVEL PLAZA - BLAKESLEE,I-80 EXIT 284,Blakeslee,PA,200,3.56566666,Blakeslee,PA,41.048502,-75.534309
70168,KWIK TRIP #575,CR-75,Saint Joseph,MN,451,3.30233333,Saint Joseph,MN,45.565124,-94.336688
70169,ROCKING Oil,SR-21,Caldwell,TX,670,3.099,Caldwell,TX,30.529819,-96.714292
70170,LOVES TRAVEL STOP #716,SR-3005,Elizabethtown,KY,460,3.599,Elizabethtown,KY,37.706973,-85.858977
70171,CITGO HERITAGE RIDGE,US-151 & SR-26,Waupun,WI,582,3.14733333,Waupun,WI,43.632441,-88.737253
70172,MACH 1 #3,I-57 & SR-14,Benton,IL,540,3.379,Benton,IL,37.99998,-88.922659
70174,LOVES TRAVEL STOP #701,"I-69, EXIT 176",Capac,MI,342,3.949,Capac,MI,43.019976,-82.925188
70176,MAVERIK COUNTRY STORE #565,I-84,Boise,ID,785,3.39566666,Boise,ID,43.6136,-116.2025
70177,MAVERIK COUNTRY STORE #497,US-160 & SR-145,Cortez,CO,614,3.41566666,Cortez,CO,37.354949,-108.583726
70179,WORKMANS TRAVEL CENTER,"I-49, EXIT 78 & SR-264",Lowell,AR,645,3.40233333,Lowell,AR,36.243318,-94.082725
70180,Gulf,SR-83,Bensenville,IL,297,3.059,Bensenville,IL,41.9536,-87.935
70181,CIRCLE K #2723778,US-501 & SR-78/CR-1303,Sanford,NC,177,3.049,Sanford,NC,35.464148,-79.176446
70182,SHELL,US-169,Blue Earth,MN,425,3.299,Blue Earth,MN,43.639426,-94.092379
70183,PILOT # 1134,US-285 & CR-652,Orla,TX,593,3.759,Orla,TX,31.825,-103.908333
70185,PILOT # 1147,SR-302,Kermit,TX,710,3.25566666,Kermit,TX,31.85496,-103.091269
70187,PILOT # 1146,I-20 & SR-17,Pecos,TX,710,3.46566666,Pecos,TX,31.414384,-103.508129
70188,KUM & GO #0890,I-44 (WESTBOUND),Vinita,OK,560,3.059,Vinita,OK,36.633353,-95.138164
70189,HUDSON IRVING 24,SR-3A,Hudson,NH,34,3.799,Hudson,NH,42.769038,-71.412144
70190,LOVES TRAVEL STOP #726,I-25 EXIT 191,Belen,NM,580,3.52233333,Belen,NM,34.645562,-106.761215
70191,LOVES TRAVEL STOP #734,"I-44, EXIT 5 & US-70",Randlett,OK,770,3.12066666,Randlett,OK,34.174045,-98.459974
70192,LOVES TRAVEL STOP #720,"I-49, EXIT 94 & SR-1",Boyce,LA,730,3.174,Boyce,LA,31.321601,-92.686681
70207,PILOT TRAVEL CENTERS #1344,I-20 EXIT 425,Fort Worth,TX,630,2.909,Fort Worth,TX,32.7469,-97.3268
70208,GOLDEN GATE PETRO,SR-648,Sparks,NV,966,3.98566666,Sparks,NV,39.547254,-119.755588
70209,PUMP N PETES #42,"I-49, EXIT 66 & CR-K",Jasper,MO,416,3.199,Jasper,MO,37.318224,-94.273126
70210,CASEYS #3889,SR-29 & CR-1350,Henry,IL,368,3.349,Henry,IL,41.111543,-89.374328
70214,RACETRAC #688,I-20 & SR-6,Lithia Springs,GA,18,2.97233333,Lithia Springs,GA,33.793889,-84.660556
70216,PILOT #1110,I-25 & SR-105,Monument,CO,803,3.579,Monument,CO,39.100726,-104.85416
70217,MR GAS #20,I-84 EXIT 165,Jerome,ID,785,3.40733333,Jerome,ID,42.71784,-114.501244
70218,LOVES TRAVEL STOP #725,I-69 & SR-260,Hanson,KY,490,3.599,Hanson,KY,37.438246,-87.475135
70219,LOVES TRAVEL STOP #709,US-59 & SR-116,Lufkin,TX,610,3.649,Lufkin,TX,31.336004,-94.734185
70220,LOVES TRAVEL STOP #497,"I-40, EXIT 154 & US-64",Statesville,NC,46,3.689,Statesville,NC,35.8381,-80.8842
70221,PILOT #1092,CR-70 E,Cedar Rapids,IA,380,3.779,Cedar Rapids,IA,41.9743,-91.655382
70222,GOOD TO GO #45,"US-52 & SR-55, SR-18",Fowler,IN,375,3.699,Fowler,IN,40.625511,-87.309019
70223,SPEEDWAY #8749,"I-75, EXIT 116",Flint,MI,342,3.089,Flint,MI,43.0233,-83.6856
70224,GOLDEN GATE PETROLEUM,I-70 EXIT 42,Palisade,CO,810,3.549,Palisade,CO,39.103178,-108.367977
70225,Union 76 Pilot,US-130,Riverton,NJ,105,3.999,Riverton,NJ,40.011389,-75.015278
70227,LOVES TRAVEL STOP #724,"I-75, EXIT 414 & US-41",Lake City,FL,225,3.339,Lake City,FL,30.0949,-82.7117
70229,TA EXPRESS HENDERSON #969,I-11 EXIT 15A,Henderson,NV,910,3.639,Henderson,NV,35.992678,-114.951684
70232,RUTTERS #73,"I-81, EXIT 8 & CR-32   ",Inwood,WV,70,3.659,Inwood,WV,39.370093,-78.024189
70233,RUDS,SR-31 & I-94 EXIT 127,New Salem,ND,390,3.499,New Salem,ND,46.851248,-101.424453
70236,LOVES TRAVEL STOP #733,"I-25, EXIT 347",Las Vegas,NM,580,3.489,Las Vegas,NM,35.594862,-105.227162
70238,ROAD RANGER #275,"I-10, EXIT 400 & US-277",Sonora,TX,740,3.549,Sonora,TX,30.555752,-100.630667
70239,GOOD 2 GO #717,"I-25, EXIT 145",Colorado Springs,CO,803,3.479,Colorado Springs,CO,38.8335,-104.8206
70240,MAVERIK COUNTRY STORE #370,"I-15, EXIT 10",Saint George,UT,910,3.5415,Saint George,UT,37.106651,-113.595261
70241,MAVERIK COUNTRY STORE #460,SR-88,Minden,NV,966,3.52566666,Minden,NV,39.021766,-119.731363
70242,ROAD RANGER #276,"I-35, EXIT 342A",Waco,TX,765,3.049,Waco,TX,31.552452,-97.139608
70243,CASEYS #4415,US-68 & US-31W /SR-526,Bowling Green,KY,460,2.999,Bowling Green,KY,37.007874,-86.455891
70245,YESWAY #1168,US-287 & CR-368,Iowa Park,TX,770,2.889,Iowa Park,TX,33.94235,-98.674497
70246,7-Eleven #37565,SR-944 & SR-9,Miami,FL,95,3.249,Miami,FL,25.779,-80.1982
70247,EXXON DBA ONE9 #1416,I-20 EXIT 458,Dallas,TX,630,2.99233333,Dallas,TX,32.996848,-96.792113
70249,Caseys #4466,US-231 & SR-100,Scottsville,KY,460,3.31233333,Scottsville,KY,36.761437,-86.192863
70251,Marathon,SR-42 & US-49,Hattiesburg,MS,620,3.03233333,Hattiesburg,MS,31.314553,-89.306471
70254,LOVES TRAVEL STOP #732,I-70 & CR-829,Abilene,KS,523,3.76233333,Abilene,KS,38.937144,-97.20632
70255,J&H  FAMILY STORE #152,SR-55,Cadillac,MI,344,3.259,Cadillac,MI,44.250447,-85.430046
70256,PILOT TRAVEL CENTER #1128,SR-60,Bartow,FL,140,3.599,Bartow,FL,27.895664,-81.812684
70257,LOVES TRAVEL STOP #739,I-2,Donna,TX,639,3.649,Donna,TX,26.167138,-98.052925
70258,CASEYS #3677,US-59 & SR-30,Slayton,MN,530,3.299,Slayton,MN,43.985596,-95.755448
70262,ASAP GENERAL STORE #332,US-70 & US-377,Madill,OK,569,3.01566666,Madill,OK,34.07126,-96.787258
70263,ENMARKET #769,US-301,Statesboro,GA,195,3.699,Statesboro,GA,32.440841,-81.773956
70265,Speedee Mart # 2875,I-80 & CR-238,Milford,NE,413,3.43233333,Milford,NE,40.763153,-97.05763
70266,PILOT #1161,I-20,Odessa,TX,710,3.56566666,Odessa,TX,31.8465,-102.3663
70267,LOVES TRAVEL STOP #728,"I-5, EXIT 238 & SR-164",Albany,OR,935,3.84733333,Albany,OR,44.627722,-123.094409
70268,CASEYS #3396,SR-92 & SR-149,Sigourney,IA,380,3.36233333,Sigourney,IA,41.330071,-92.201888
70269,CASEYS #3589,"I-29, EXIT 2",North Sioux City,SD,527,3.059,North Sioux City,SD,42.532706,-96.50761
70270,CASEYS #3685,US-50/US400  & SR-25,Lakin,KS,525,3.19233333,Lakin,KS,37.938197,-101.271297
70271,CASEYS #1160,US-20,Plainview,NE,470,3.229,Plainview,NE,42.346701,-97.778615
70273,SPEEDWAY #5457,"I-264 E, EXIT 14 & SR-864 N",Louisville,KY,415,3.029,Louisville,KY,38.2435,-85.7639
70274,Kwik Star #920,US-18 & US-69,Garner,IA,433,3.399,Garner,IA,43.114395,-93.594394
70276,STAR EXPRESS #5,US-301 & SR-648,Petersburg,VA,180,3.049,Petersburg,VA,37.220001,-77.432594
70277,KWIK TRIP #595,SR-46,Amery,WI,448,3.56066666,Amery,WI,45.325238,-92.361527
70278,KWIK TRIP #923,"I-41, EXIT 146 & CR-N",Little Chute,WI,582,3.269,Little Chute,WI,44.284248,-88.311989
70279,KWIK TRIP #926,SR-19 & SR-21,New Prague,MN,448,3.29066666,New Prague,MN,44.540239,-93.580473
70280,LOVES TRAVEL STOP #668,"I-25, EXIT 250 & SR-56",Berthoud,CO,800,3.39066666,Berthoud,CO,40.299333,-105.105459
70281,LOVES TRAVEL STOP #645,"I-75, EXIT 18",Monroe,MI,325,3.239,Monroe,MI,41.92751,-83.404848
70282,PLEASANT SPRINGS TRAVEL,"I-39, EXIT 147 & CR-N",Cottage Grove,WI,420,3.39066666,Cottage Grove,WI,43.078405,-89.201692
70283,SPEEDWAY #3996,US-12 & SR-120,Round Lake,IL,293,3.399,Round Lake,IL,42.366809,-88.088819
70284,ROBINSON CORINTH IRVING,"I-395 N, EXIT 3",Corinth,ME,170,3.93233333,Corinth,ME,44.983655,-69.008532
70285,IRVING MAINWAY,SR-16 E,Dover Foxcroft,ME,170,3.86566666,Dover Foxcroft,ME,45.18774,-69.204472
70286,ROBINSONS IRVING,SR-7,Corinna,ME,170,3.93233333,Corinna,ME,44.926045,-69.232341
70287,LOVES TRAVEL STOP #710,US-31 & SR 28,Tipton,IN,457,3.84733333,Tipton,IN,40.281725,-86.043291
70291,LOVES TRAVEL STOP #723,"I-80, EXIT 310 & CR-322",Laramie,WY,795,3.61566666,Laramie,WY,41.312907,-105.581146
70292,FLYING J #1171,I-15,Mesquite,NV,910,3.70566666,Mesquite,NV,36.8055,-114.0663
70293,KWIK TRIP #922,US-8,Cameron,WI,295,3.664,Cameron,WI,45.403836,-91.730992
70295,SPEEDWAY #8080,I-69 & US-20,Angola,IN,465,3.599,Angola,IN,41.656321,-85.019803
70296,MAVERIK COUNTRY STORE #573,SR-68 & SR-154,Riverton,UT,835,3.13566666,Riverton,UT,40.53789,-111.954661
70297,KWIK STAR #509,SR-169 & BUS-20,Fort Dodge,IA,433,3.20233333,Fort Dodge,IA,42.508817,-94.180737
70298,LOVES TRAVEL STOP #740,"I-95, EXIT 38 & SR-68",Yemassee,SC,42,3.419,Yemassee,SC,32.642983,-80.812932
70299,Mr Fuel dba Pilot Express #1149,"I-295, EXIT 41 & SR-105",Jacksonville,FL,75,3.239,Jacksonville,FL,30.3163,-81.4175
70300,PILOT #1194,I-10 & US-60,Phoenix,AZ,930,6.039,Phoenix,AZ,33.451,-112.0685
70301,GOLDEN GATE TRUCKSTOP,I-80 & SR-535,Elko,NV,787,3.599,Elko,NV,40.826247,-115.724679
70302,KWIK TRIP #117,CR-9 & CR-4,Duluth,MN,334,3.499,Duluth,MN,47.094431,-91.846731
70303,Kwik Star #1004,US-63,Waterloo,IA,565,3.574,Waterloo,IA,42.477784,-92.366099
70304,Rusty Lantern,"I-95, EXIT 109A & SR-202",Augusta,ME,170,3.88733333,Augusta,ME,44.323228,-69.766548
70305,LOVES TRAVEL STOP #737,I-40/US-270,El Reno,OK,483,3.344,El Reno,OK,35.533468,-97.959091
70306,KWIK STAR #1001,US-6,Newton,IA,320,3.249,Newton,IA,41.699173,-93.045456
70307,KWIK TRIP #592,"I-35, EXIT 159 & CR-1",Rush City,MN,451,3.37733333,Rush City,MN,45.684496,-92.997876
70308,KWIK TRIP #946,SR-32,Pulaski,WI,582,3.45733333,Pulaski,WI,44.66112,-88.263447
70309,PILOT #1165,SR-18 & SR-128,Jal,NM,593,3.36566666,Jal,NM,32.112816,-103.199724
70310,LANCASTER CONVENIENCE,US-2 & US-70,Lancaster,MA,34,3.70566666,Lancaster,MA,42.450984,-71.686831
70311,RACING MART,SR-8,Adams,MA,215,3.699,Adams,MA,42.622319,-73.117225
70313,Flyer's #3207,"SR-143, EXIT 2",Phoenix,AZ,930,3.389,Phoenix,AZ,33.451,-112.0685
70314,CASEYS #2721,US-34,Lincoln,NE,413,3.3365,Lincoln,NE,40.8169,-96.7103
70318,LOVES TRAVEL STOP #738,"I-30/US-67, EXIT 122 & SR-19/SR-11",Sulphur Springs,TX,723,3.309,Sulphur Springs,TX,33.134541,-95.592161
70319,SPEEDWAY #3650,"I-76, EXIT 11 & SR-261",Wadsworth,OH,305,3.699,Wadsworth,OH,41.038375,-81.737373
70320,SPEEDWAY #7177,"I-24, EXIT 158 & SR-27",Jasper,TN,285,3.014,Jasper,TN,35.066603,-85.614737
70321,PILOT TRAVEL CENTER #1132,SR-171 & SR-78,Brawley,CA,900,4.759,Brawley,CA,32.979181,-115.529613
70322,INDIAN HILL IRVING,SR 6,Greenville,ME,170,3.86566666,Greenville,ME,45.471566,-69.584376
70323,LOVES TRAVEL STOP #750,I-74 EXIT 206,Oakwood,IL,280,3.389,Oakwood,IL,40.116656,-87.7825
70324,LOVES TRAVEL STOP #729,CR-17 & US-20,Goshen,IN,465,3.72233333,Goshen,IN,41.584484,-85.837988
70325,KWIK STAR #927,US-169 & US-169 BUS/US-20 BUS,Fort Dodge,IA,433,3.20233333,Fort Dodge,IA,42.508817,-94.180737
70326,PILOT #1207,"I-20, EXIT 79 & SR-464",Monahans,TX,710,3.46566666,Monahans,TX,31.581294,-102.900273
70328,Thorntons #7,US-12 & US-45,Franklin Park,IL,290,3.329,Franklin Park,IL,41.933878,-87.873423
70329,1 STOP TRAVEL PLAZA,US-14 & US-83,Pierre,SD,571,3.38233333,Pierre,SD,44.369514,-100.321057
70331,LOVES TRAVEL STOP #707,"I-64, EXIT 21",Covington,VA,185,3.649,Covington,VA,37.784203,-80.003176
70333,KWIK STAR #932,"I-80, EXIT 143 & CR-S14",Altoona,IA,320,2.959,Altoona,IA,41.647549,-93.472415
70334,KWIK TRIP #1021,SR-11 & CR-E,Brodhead,WI,420,3.41566666,Brodhead,WI,42.611074,-89.371409
70336,SPEEDWAY #3962,"I-39,  EXIT 3 & SR-9",Roscoe,IL,293,3.469,Roscoe,IL,42.421659,-88.99433
70337,LOVES TRAVEL STOP #700,I-10 EXIT 404 & SR-467,Sonora,TX,710,3.64733333,Sonora,TX,30.555752,-100.630667
70338,LOVES TRAVEL STOP #747,"I-75, EXIT 90",Sidney,OH,411,3.34566666,Sidney,OH,40.287357,-84.162223
70340,PIT STOP,SR-53 & SR-74,Joliet,IL,399,3.499,Joliet,IL,41.527154,-88.08241
70341,LOVES TRAVEL STOP #741,US-29,Reidsville,NC,65,3.999,Reidsville,NC,36.343209,-79.664212
70342,AF TRUCK CENTER,"I-294, EXIT 33 & SR-64",Melrose Park,IL,293,3.459,Melrose Park,IL,41.900347,-87.858066
70343,PILOT TRAVEL CENTER #1103,"I-5, EXIT 208 & SR-530",Arlington,WA,962,4.559,Arlington,WA,48.18293,-122.112126
70344,KWIK TRIP #928,US-169,Princeton,MN,451,3.399,Princeton,MN,45.585115,-93.596143
70345,LOVES TRAVEL STOP #742,"I-196, EXIT 52",Holland,MI,406,4.089,Holland,MI,42.7875,-86.108889
70346,Kwik Star #924,SR-17 & US-20 EXIT 140,Webster City,IA,433,3.20233333,Webster City,IA,42.465682,-93.826216
70349,WEIGELS #90,SR-139 & SR-66,Kodak,TN,405,3.199,Kodak,TN,35.972215,-83.617111
70350,CIRCLE K #2741859,CR-802,Brownsville,TX,665,3.029,Brownsville,TX,25.933743,-97.517413
70351,MAVERIK COUNTRY STORE #606,US-91,Franklin,ID,825,3.579,Franklin,ID,42.030389,-111.822862
70352,KWIK TRIP #1019,CR-5 & SR-65,Isanti,MN,448,3.474,Isanti,MN,45.468212,-93.226565
70353,ASAP General Store #314,"US-62, US-81, SR-9",Chickasha,OK,483,3.13233333,Chickasha,OK,35.026751,-97.951847
70357,Certified Oil #400489,"I-71, EXIT 104",Columbus,OH,315,3.409,Columbus,OH,40.1444,-82.9789
70358,FOOD N FUEL #25,SR-15 & US-12,Milbank,SD,248,3.369,Milbank,SD,45.206127,-96.62548
70359,PILOT # 1185,"I-15, EXIT 9   3",Littlefield,AZ,910,3.689,Littlefield,AZ,36.866524,-113.913693
70360,MAVERIK COUNTRY STORE #595,"I-84, EXIT 28",Caldwell,ID,785,3.369,Caldwell,ID,43.662719,-116.700038
70361,MAVERIK COUNTRY STORE #599,US-89 & CR-122,Thayne,WY,825,3.669,Thayne,WY,42.933026,-111.011354
70366,FAST STOP,US-41,Escanaba,MI,360,3.399,Escanaba,MI,45.76587,-87.088985
70371,KENT KWIK #440,US-277,Haskell,TX,575,3.539,Haskell,TX,33.157993,-99.730923
70373,KWIK TRIP #791,US-45 & SR-54,New London,WI,582,3.484,New London,WI,44.392847,-88.755428
70374,LOVES TRAVEL STOP #746,I-72 & SR-121,Decatur,IL,280,3.449,Decatur,IL,39.827137,-88.925984
70375,QUIKTRIP #1853,US-81,Decatur,TX,630,2.899,Decatur,TX,33.235077,-97.573995
70376,QUIKTRIP #1935,SR-183,Dallas,TX,630,2.97566666,Dallas,TX,32.996848,-96.792113
70377,WEIGELS #81,I-81 & SR-32,Morristown,TN,405,3.259,Morristown,TN,36.195672,-83.275519
70379,SPEEDWAY #7209,US-411 & SR-20,Cartersville,GA,18,3.11566666,Cartersville,GA,34.186975,-84.820401
70380,LOVES TRAVEL STOP #714,"I-85, EXIT 29",Charlotte,NC,46,3.52233333,Charlotte,NC,35.2269,-80.8433
70383,SPEEDWAY #4400,I-10 & SR-59,Loxley,AL,715,3.28233333,Loxley,AL,30.617964,-87.75624
70385,LONGHORN EXPRESS,US-70,Ardmore,OK,253,3.009,Ardmore,OK,34.176681,-97.134157
70388,PILOT #1205,"I-20, EXIT 80",Monahans,TX,710,3.46566666,Monahans,TX,31.581294,-102.900273
70389,PILOT #1145,SR-191,Midland,TX,710,3.56566666,Midland,TX,31.989636,-102.06261
70390,FLYING J #1206,SR-302 & CR-313,Kermit,TX,710,3.25566666,Kermit,TX,31.85496,-103.091269
70391,MACH 1 #12,I-57 EXIT 65,West Frankfort,IL,510,3.199,West Frankfort,IL,37.897914,-88.930724
70403,MAVERIK COUNTRY STORE #607,"I-90, EXIT 1",Post Falls,ID,970,3.37566666,Post Falls,ID,47.720475,-116.935349
70404,MAVERIK COUNTRY STORE #602,"I-25 EXIT, 138",Colorado Springs,CO,803,3.289,Colorado Springs,CO,38.8335,-104.8206
70405,LOVES TRAVEL STOP #760,SR-18 & SR-234,Eunice,NM,593,3.329,Eunice,NM,32.439225,-103.159407
70406,LOVES TRAVEL STOP #754,SR-251,Rochelle,IL,520,3.749,Rochelle,IL,41.928156,-89.071035
70407,BOLLA MARKET,"I-495, EXIT 57",Islandia,NY,83,3.539,Islandia,NY,40.790556,-73.202222
70408,BOLLA MARKET,"I-495, EXIT 64",Medford,NY,83,3.539,Medford,NY,40.817416,-72.985214
70409,SPEEDWAY #6512,"I-196, EXIT 49 & SR-40",Holland,MI,456,3.899,Holland,MI,42.7875,-86.108889
70410,SPEEDWAY #4107,I-285 & US-78,Stone Mountain,GA,18,3.529,Stone Mountain,GA,33.794233,-84.201754
70411,MARATHON,SR-72,Elberton,GA,16,3.899,Elberton,GA,34.108202,-82.844765
70413,CASEYS #3782,US-169 & SR-2,Mount Ayr,IA,320,3.164,Mount Ayr,IA,40.7142,-94.232146
70415,GARDEN TRUCK STOP,SR-55 /EXIT 35,Vineland,NJ,150,3.999,Vineland,NJ,39.48177,-75.009087
70416,ALLSUPS CONVENIENCE STORE #2361,US-54 & US-287,Stratford,TX,585,2.95733333,Stratford,TX,36.33349,-101.988568
70417,CASEYS #3434,US-63,Denver,IA,565,3.499,Denver,IA,42.673137,-92.341701
70419,FUEL AMERICA TRAVEL CENTER,I-35 EXIT 24,Laredo,TX,693,3.099,Laredo,TX,27.515538,-99.498579
70420,Circle K #2709302,SR-67,Decatur,AL,615,3.50733333,Decatur,AL,34.589599,-86.98868
70421,CASEYS #3581,US-62/US-67,Corning,AR,695,3.28233333,Corning,AR,36.415532,-90.58702
70422,CIRCLE K #2741675,"I-10, EXIT 134",Tolleson,AZ,930,3.519,Tolleson,AZ,33.434686,-112.277444
70423,LOVES TRAVEL STOP #763,I-90 & US-20,Hampshire,IL,290,3.449,Hampshire,IL,42.080748,-88.517033
70424,LOVES TRAVEL STOP #743,"I-75, EXIT 144A",Bridgeport,MI,260,3.279,Bridgeport,MI,43.355309,-83.854906
70425,LOVES TRAVEL STOP #731,"I-79, EXIT 105 & SR-108",Slippery Rock,PA,165,4.249,Slippery Rock,PA,41.045412,-80.046847
70426,BISHOPS TRAVEL CENTER,US-27,Attapulgus,GA,20,3.699,Attapulgus,GA,30.748889,-84.483889
70427,PARKERS #64 (DISCOUNT AVAILABLE),SR-307,Savannah,GA,195,3.03233333,Savannah,GA,32.067631,-81.102394
70428,PARKERS #63 (DISCOUNT AVAILABLE),US-301,Jesup,GA,195,3.11566666,Jesup,GA,31.604326,-81.88706
70429,BP,SR-76,Adel,GA,10,2.969,Adel,GA,31.125143,-83.421346
70430,SPRINT FOODS #715,I-520 & SR-56,Augusta,GA,135,3.19233333,Augusta,GA,33.511692,-82.099505
70431,TA EXPRESS HOLSTEIN #941,I-20 E,Holstein,IA,527,3.559,Holstein,IA,42.494779,-95.564971
70432,GAS N WASH,SR-43,Frankfort,IL,365,3.499,Frankfort,IL,41.509361,-87.824774
70433,GAS N WASH,SR-126,Plainfield,IL,290,3.599,Plainfield,IL,41.600884,-88.199391
70434,HUCKS FOOD & FUEL #371,SR-148 & SR-142,Mount Vernon,IL,340,3.099,Mount Vernon,IL,38.317014,-88.910525
70436,CASEYS #3492,US-36,Marysville,KS,413,3.299,Marysville,KS,39.842827,-96.642183
70437,Thorntons #155,"SR-1020 N, & SR1065 E",Louisville,KY,415,2.90566666,Louisville,KY,38.2435,-85.7639
70438,BREAU BRIDGE TRUCKSTOP AND CASINO,SR-94,Breaux Bridge,LA,730,3.229,Breaux Bridge,LA,30.274955,-91.905899
70439,CHEVRON,I-20 & SR-151,Arcadia,LA,590,3.189,Arcadia,LA,32.555643,-92.924529
70440,MOUND MINI MART,I-696,Warren,MI,325,3.699,Warren,MI,42.5159,-82.9824
70441,BREAK TIME #3165,US-50 & SR-13,Warrensburg,MO,400,3.29233333,Warrensburg,MO,38.766695,-93.727341
70442,GOLDEN GATE PETRO,I-580 & US-50,Carson City,NV,966,3.599,Carson City,NV,39.150746,-119.745904
70443,GLUCKSTADT FLEETWAY,"I-55, EXIT 112",Madison,MS,760,3.199,Madison,MS,32.467065,-90.108744
70445,CASEYS #3514,SR-1,Oakes,ND,341,3.38233333,Oakes,ND,46.128796,-98.099339
70446,ALLSUPS CONVENIENCE STORE #2220,US-285,Loving,NM,640,3.599,Loving,NM,32.274034,-104.091376
70447,84 QUIK STOP,"I-84, EXIT 3 & US-6",New Hampton,NY,120,3.459,New Hampton,NY,41.362714,-74.443483
70448,CIRCLE K #4707623,"I-81, EXIT 31",Brewerton,NY,220,4.089,Brewerton,NY,43.225194,-76.135132
70450,QUEENSBURY,SR-149,Queensbury,NY,12,3.789,Queensbury,NY,43.328983,-73.681846
70452,LOVES TRAVEL STOP #749,SR-78,Westmorland,CA,900,4.779,Westmorland,CA,33.041058,-115.630723
70453,MARIETTA PETROLEUM,"I-35, EXIT 15 & SR-32",Marietta,OK,253,2.92233333,Marietta,OK,33.943099,-97.114801
70454,DANDY MINI MART #36,US-220,Monroeton,PA,200,4.03233333,Monroeton,PA,41.699387,-76.500995
70455,RUTTERS #37,US-332/US-22 & SR-75,Mifflintown,PA,70,4.099,Mifflintown,PA,40.572666,-77.376119
70456,RUTTERS #67,SR-16 & SR-75,Mercersburg,PA,70,4.399,Mercersburg,PA,39.819519,-77.907259
70457,RUTTERS #15,"I-83, EXIT 22 & SR-4009",York,PA,70,4.199,York,PA,39.963539,-76.726887
70458,STOP-A MINIT,US-25 & SR-418,Pelzer,SC,30,2.899,Pelzer,SC,34.646063,-82.467334
70459,GET N GO #22,I-90 & SR-115,Sioux Falls,SD,530,2.939,Sioux Falls,SD,43.488,-96.7343
70460,ALLSUPS CONVENIENCE STORE #2371,US-87,San Angelo,TX,612,3.20566666,San Angelo,TX,31.478165,-100.481752
70461,CIRCLE K #2741074,I-35 & FM-1103,New Braunfels,TX,740,2.844,New Braunfels,TX,29.694733,-98.113041
70463,CIRCLE K #2741496,US-290,Chappell Hill,TX,670,2.999,Chappell Hill,TX,30.183271,-96.234739
70464,GOLDEN GATE PETEROLEUM 24 RD,US-6,Grand Junction,CO,810,3.539,Grand Junction,CO,39.078326,-108.545692
70466,Circle K #2741925,SR-19,Trinity,TX,670,2.899,Trinity,TX,30.941951,-95.340295
70467,QUIKTRIP #598,"I-80, EXIT 439, SR-370",Omaha,NE,486,2.92733333,Omaha,NE,41.261,-95.9376
70468,CIRCLE K #2741325,I-14 & SR-121,Belton,TX,765,2.88566666,Belton,TX,31.072298,-97.472025
70469,TA EXPRESS #286,I-30 & SR-423,Mount Vernon,TX,637,3.299,Mount Vernon,TX,33.170204,-95.218106
70472,SHELL/ONE9 #1304,I-820 & CR-156,Fort Worth,TX,630,2.89233333,Fort Worth,TX,32.7469,-97.3268
70474,EXXON,"I-30, EXIT 42A",Dallas,TX,630,3.499,Dallas,TX,32.996848,-96.792113
70476,KWIK TRIP #1037,SR-65/23,Mora,MN,451,3.394,Mora,MN,45.895786,-93.294234
70478,TA Express Salina,"I-70, EXIT 56",Salina,UT,835,3.649,Salina,UT,38.956028,-111.881072
70479,CROSSROADS MARKET,US-60 & SR-657,Gladstone,VA,185,3.439,Gladstone,VA,37.547252,-78.850838
70480,BIG B TRUCK STOP,"I-90, EXIT 321",Sprague,WA,962,3.899,Sprague,WA,47.324725,-117.989684
70481,GOHL POST BP,"I-39, EXIT 100",Endeavor,WI,420,3.17566666,Endeavor,WI,43.696305,-89.461699
70482,BIG D OIL #19,SR-259 & SR-387,Midwest,WY,790,3.459,Midwest,WY,43.410829,-106.266818
70483,BOLLA MARKET,SR-27 & CR-47,Copiague,NY,83,3.399,Copiague,NY,40.677833,-73.396271
70484,ALLSUPS CONVENIENCE STORE #2117,SR-18 & CR-97,Lovington,NM,700,3.104,Lovington,NM,32.951166,-103.348849
70485,ALLSUPS CONVENIENCE STORE #2145,SR-132,Hobbs,NM,593,3.38233333,Hobbs,NM,32.72217,-103.137246
70488,ALLSUPS CONVENIENCE STORE #2365,US-380 & SR-214,Plains,TX,700,3.369,Plains,TX,33.189354,-102.829367
70491,MFA OIL PETRO CARD 24,US-36,Hamilton,MO,276,3.24066666,Hamilton,MO,39.736412,-93.990898
70492,KWIK TRIP #1033,US-51 EXIT 191B,Wausau,WI,395,3.454,Wausau,WI,44.963433,-89.633955
70493,LOVES TRAVEL STOP #759,US-63/SR-11,Hazen,AR,695,3.22566666,Hazen,AR,34.783833,-91.576699
70494,7-ELEVEN #37570,I-76/US-6,Commerce City,CO,800,3.639,Commerce City,CO,39.825875,-104.911349
70495,LOVES TRAVEL STOP #689,US-65 & US-82,Lake Village,AR,695,3.269,Lake Village,AR,33.327408,-91.282487
70496,KWIK TRIP #1015,"I-43, EXIT 171",Denmark,WI,582,3.36233333,Denmark,WI,44.359392,-87.827036
70498,KWIK TRIP #939,"SR-29, EXIT 101",Stanley,WI,295,3.469,Stanley,WI,44.968872,-90.938935
70500,STRIPES 7FLEET #42526,SR-289,Lubbock,TX,700,3.05566666,Lubbock,TX,33.586527,-101.860634
70501,STRIPES 7FLEET #42527,SR-191 & US-349,Midland,TX,710,3.47233333,Midland,TX,31.989636,-102.06261
70502,STRIPES 7FLEET #42532,SR-302 & FM-1936,Odessa,TX,710,3.099,Odessa,TX,31.8465,-102.3663
70503,STRIPES 7FLEET #42491,US-67 & SR-137,Big Lake,TX,710,3.549,Big Lake,TX,31.240592,-101.478776
70505,STRIPES #42593,LOOP 289 & MLK BLVD,Lubbock,TX,700,2.96566666,Lubbock,TX,33.586527,-101.860634
70507,ALLSUPS CONVENIENCE STORE #2154,SR-206 / US-283,Coleman,TX,575,3.159,Coleman,TX,31.828651,-99.427007
70508,7-ELEVEN #34715,I-294 EXIT 20,Schiller Park,IL,290,4.579,Schiller Park,IL,41.956304,-87.869179
70509,ALLSUPS CONVENIENCE STORE #2108,US-377 & US-183,Early,TX,575,2.93233333,Early,TX,31.741944,-98.945278
70510,ALLSUPS CONVENIENCE STORE #2147,SR-6 & CR-454,De Leon,TX,630,3.159,De Leon,TX,32.108742,-98.54894
70516,STRIPES 7FLEET #42528,"I-20, EXIT 217 & SR-139",Colorado City,TX,575,2.899,Colorado City,TX,32.398736,-100.860948
70527,THORNTONS #164,I-65 EXIT 16 & US-31,Memphis,IN,415,3.62566666,Memphis,IN,38.464181,-85.777501
70530,LOVES TRAVEL STOP #767,FM-511 & SR-48,Brownsville,TX,625,3.15566666,Brownsville,TX,25.933743,-97.517413
70538,SPEEDWAY #9329,"I-64 EXIT 43, SR 395 & 2823",Waddy,KY,410,3.149,Waddy,KY,38.105445,-85.12883
70539,PILOT #1174,"I-70/SR-1, EXIT 147",Marshall,IL,510,3.299,Marshall,IL,39.421999,-87.692261
70540,LOVES TRAVEL STOP #674,US-27 & SR-60,Lake Wales,FL,140,3.55233333,Lake Wales,FL,27.903734,-81.548805
70541,Kwik Star#1012,US-71 & SR-9,Spirit Lake,IA,440,3.299,Spirit Lake,IA,43.426211,-95.112336
70543,ALLSUPS CONVENIENCE STORE #2078,US-60,White Deer,TX,585,2.969,White Deer,TX,35.42781,-101.173993
70544,ALLSUPS CONVENIENCE STORE #2100,US-87,Odonnell,TX,700,3.099,Odonnell,TX,32.977331,-101.827099
70545,ALLSUPS CONVENIENCE STORE #2205,SR-83,Denver City,TX,700,3.36566666,Denver City,TX,32.971114,-102.831251
70546,ALLSUPS CONVENIENCE STORE #2370,US-287 & SR-70,Clarendon,TX,585,2.929,Clarendon,TX,34.952878,-100.895157
70547,ALLSUPS CONVENIENCE STORE #2140,SR-114,Bridgeport,TX,630,2.899,Bridgeport,TX,33.187027,-97.78098
70548,ALLSUPS CONVENIENCE STORE #2114,US-84,Muleshoe,TX,700,3.19066666,Muleshoe,TX,34.219308,-102.749631
70549,ALLSUPS CONVENIENCE STORE #2194,214 PLAINS HIGHWAY,Denver City,TX,700,3.38233333,Denver City,TX,32.971114,-102.831251
70550,TEXACO #379545,US-290,Giddings,TX,595,3.399,Giddings,TX,30.177725,-96.93322
70551,KWIK TRIP #1047,SR-100 & SR-59,Milwaukee,WI,444,3.54066666,Milwaukee,WI,43.0343,-87.9151
70552,KWIK TRIP #941,US-2,Duluth,MN,334,3.499,Duluth,MN,47.094431,-91.846731
70553,KWIK TRIP #1028,US-59,Worthington,MN,425,3.16566666,Worthington,MN,43.628626,-95.605907
70554,HORSESHOE CONVENIENCE,SR 302 & IC 200,Mentone,TX,710,3.10733333,Mentone,TX,31.738374,-103.550316
70555,THORNTONS #615,I-40 EXIT 188,Kingston Springs,TN,460,2.98233333,Kingston Springs,TN,36.095324,-87.115646
70556,ZIP ZONE EXPRESS,US-23,Catlettsburg,KY,255,3.699,Catlettsburg,KY,38.379946,-82.632065
70557,LOVES TRAVEL STOP #727,"I-44, EXIT 283 & US-69",Big Cabin,OK,560,3.41233333,Big Cabin,OK,36.607931,-95.274736
70558,LOVES TRAVEL STOP #752,"I-43, EXIT 25 & SR-67",Elkhorn,WI,520,3.24066666,Elkhorn,WI,42.700928,-88.546209
70559,KWIK TRIP #1026,"HWY-23/ HWY-169, EXIT 23",Milaca,MN,453,3.369,Milaca,MN,45.779481,-93.645266
70560,PILOT DEALER #1235,"I-8, EXIT 42",Tacna,AZ,900,3.599,Tacna,AZ,32.6975,-113.952778
70561,PILOT #1143,I-20 & SR-302,Odessa,TX,710,3.599,Odessa,TX,31.8465,-102.3663
70562,SPEEDWAY #7161,I-65 & US-31,Portland,TN,460,3.024,Portland,TN,36.567306,-86.505923
70563,PILOT DEALER #1234,US-93 & CR-145,Willow Beach,AZ,910,3.839,Willow Beach,AZ,35.8316,-114.4441
70564,SPEEDWAY #7236,"I-90/SR-2, EXIT 151",Avon,OH,305,3.659,Avon,OH,41.446713,-82.020359
70565,Kwik Star #1025,SR-9/SR-4,Estherville,IA,425,3.33233333,Estherville,IA,43.401709,-94.818001
70567,LEDGEWOOD BP,I-80/SR-46,Ledgewood,NJ,115,3.299,Ledgewood,NJ,40.878028,-74.655405
70571,LOVES TRAVEL STOP #748,"I-90, I-80 & SR-49",Edon,OH,550,3.88733333,Edon,OH,41.584219,-84.757002
70572,LOVES TRAVEL STOP #745,I-94,Saint Clair,MI,342,3.949,Saint Clair,MI,42.825453,-82.513256
70573,KWIK TRIP #1038,US-12,Prairie Du Sac,WI,420,3.484,Prairie Du Sac,WI,43.295631,-89.745233
70574,SPEEDWAY #3961,"I-55, EXIT 109",Williamsville,IL,318,3.299,Williamsville,IL,39.930438,-89.534172
70575,SPEEDWAY #6721,SR 51,Mc Kees Rocks,PA,165,3.899,Mc Kees Rocks,PA,40.471742,-80.087567
70576,KWIK TRIP #593,"I-94, EXIT 41 & SR-25",Menomonie,WI,295,3.574,Menomonie,WI,44.87182,-91.92651
70577,SPEEDWAY #3715,US-30,Crest Hill,IL,293,3.299,Crest Hill,IL,41.566239,-88.116924
70578,COMMON CENTS #125,"I-90/US-14, EXIT 61",Rapid City,SD,506,3.20733333,Rapid City,SD,44.077041,-103.200259
70579,Exxon/One9 #1338,I-35 & CR-372,Jarrell,TX,765,2.88566666,Jarrell,TX,30.748406,-97.600833
70580,LOVES TRAVEL STOP #753,I-90 EXIT 96 & SR-474,Missoula,MT,820,3.674,Missoula,MT,46.856274,-114.025207
70581,LOVES TRAVEL STOP #773,"SR-14 & I-59/20, EXIT 40",Eutaw,AL,615,3.13733333,Eutaw,AL,32.888871,-87.930297
70582,Kwik Star #1039,I-80 EXIT 301,Bettendorf,IA,270,3.649,Bettendorf,IA,41.550865,-90.494201
70583,LOVES TRAVEL STOP #783,US-60 & US-63,Willow Springs,MO,535,3.419,Willow Springs,MO,36.995812,-91.940545
70584,PILOT TRAVEL CENTER #1209,"I-20, EXIT 136 & SR-349",Midland,TX,710,3.56566666,Midland,TX,31.989636,-102.06261
70585,PILOT TRAVEL CENTER #1211,US-385 & CR-1910,Andrews,TX,710,3.639,Andrews,TX,32.320125,-102.540926
70586,MAVERIK COUNTRY STORE #610,I-80,Winnemucca,NV,966,3.389,Winnemucca,NV,40.966418,-117.746693
70587,MAVERIK COUNTRY STORE #623,US-89,Gunnison,UT,835,3.419,Gunnison,UT,39.154464,-111.816701
70588,SPEEDWAY #7217,I-70 EXIT 49,Smithton,PA,165,3.91566666,Smithton,PA,40.144267,-79.731277
70590,CIRCLE K #2722291,US-1 & SR-206,Saint Augustine,FL,75,3.379,Saint Augustine,FL,29.8364,-81.2745
70591,SPEEDWAY #6465,"I-77, EXIT 101",Canton,OH,249,3.60733333,Canton,OH,40.827,-81.3853
70592,LOVES TRAVEL STOP #751,"I-20, EXIT 87",Elgin,SC,135,3.42566666,Elgin,SC,34.161963,-80.811292
70593,LOVES TRAVEL STOP #735,I-75/SR-401,Calhoun,GA,285,3.279,Calhoun,GA,34.496456,-84.934545
70595,SPEEDWAY #6509,"I-74, EXIT 206",Oakwood,IL,280,3.199,Oakwood,IL,40.116656,-87.7825
70596,SPEEDWAY #7208,I-85 EXIT 137,Jefferson,GA,16,3.119,Jefferson,GA,34.106197,-83.570813
70597,SPEEDWAY #9394,SR-4 & US-25,Lexington,KY,410,3.129,Lexington,KY,38.017394,-84.485423
70598,SPEEDWAY #7175,US-78 & SR-175,Memphis,TN,435,3.199,Memphis,TN,35.0337,-89.9343
70599,Jet Food Store,US-278,Warrenton,GA,85,3.41566666,Warrenton,GA,33.40914,-82.63568
70600,KWIK STAR #1027,US-65,Mason City,IA,433,3.264,Mason City,IA,43.149869,-93.195379
70601,24/7 TRAVEL STORE,I-70 EXIT 275,Abilene,KS,523,2.994,Abilene,KS,38.937144,-97.20632
70603,ROAD RANGER #277,"I-30, EXIT 201 & SR-8",New Boston,TX,766,3.08066666,New Boston,TX,33.462119,-94.433882
70604,KWIK STAR #940,US-69 & SR-9,Forest City,IA,433,3.449,Forest City,IA,43.269184,-93.635595
70605,SPEEDWAY #1042,"I-55 & SR-50, EXIT 286",Cicero,IL,291,3.569,Cicero,IL,41.845556,-87.753889
70606,SPEEDWAY #7179,"I-65 & SR-101, EXIT 38",Smiths Grove,KY,415,3.06566666,Smiths Grove,KY,37.058104,-86.193757
70607,SPEEDWAY #8544,"I-55 & US-6, EXIT 24B",Channahon,IL,291,3.249,Channahon,IL,41.434664,-88.213786
70608,KWIK TRIP #1017,US-10/SR-47,Anoka,MN,451,3.624,Anoka,MN,45.238537,-93.407822
70609,JP TRAVEL PLAZA,"I-75, EXIT 205 & SR-16",Jackson,GA,18,3.159,Jackson,GA,33.282006,-83.978391
70611,Shell,US-6 & SR-3,Kendallville,IN,370,3.499,Kendallville,IN,41.448206,-85.260874
70612,SHREES TRUCK STOP #2,I-90 EXIT 101,Thorp,WA,920,3.809,Thorp,WA,47.017785,-120.678557
70615,THORNTONS #0334,I-57 EXIT 350 & SR-83,Posen,IL,365,3.399,Posen,IL,41.62766,-87.687213
70617,QUIKTRIP #224,"I-435, EXIT 57",Kansas City,MO,400,3.099,Kansas City,MO,39.163189,-94.569882
70618,LOVES TRAVEL STOP #744,"I-270 N, EXIT 49",Lockbourne,OH,315,3.45566666,Lockbourne,OH,39.814236,-82.976369
70619,KWIK TRIP #1049,US-212 & CR-68,Glencoe,MN,448,3.524,Glencoe,MN,44.778001,-94.161554
70620,LOVES TRAVEL STOP #779,I-30 EXIT 97,Malvern,AR,635,3.499,Malvern,AR,34.355715,-92.829162
70621,FRIENDLY GUS STORE #24,I-16 EXIT 53 & SR-19,Dublin,GA,85,3.399,Dublin,GA,32.547794,-82.90368
70622,SPEEDWAY #6781,US-422,Douglassville,PA,208,3.799,Douglassville,PA,40.270876,-75.739673
70623,SPEEDWAY #1127,"I-55, EXIT 267 & SR-53",Bolingbrook,IL,293,3.299,Bolingbrook,IL,41.697605,-88.087315
70624,KWIK STAR #929,I-74 EXIT 2,Bettendorf,IA,270,3.599,Bettendorf,IA,41.550865,-90.494201
70625,BROWNVILLE IRVING,SR-11,Brownville,ME,170,3.93233333,Brownville,ME,45.341229,-69.042331
70626,GOLDEN GATE PETROLEUM,"I-70, EXIT 97",Silt,CO,810,3.459,Silt,CO,39.541464,-107.657411
70628,PILOT #1195,"I-90, EXIT 106",Ellensburg,WA,977,3.839,Ellensburg,WA,46.999632,-120.516274
70629,KWIK TRIP #930,"I-35, EXIT 147 & SR-95",North Branch,MN,448,3.40233333,North Branch,MN,45.516479,-92.937097
70630,SPEEDWAY #3632,"I-76, EXIT 33 & SR-43",Kent,OH,249,3.53233333,Kent,OH,41.14492,-81.34976
70632,CIRCLE K #4706705,SR-394,Crete,IL,365,3.499,Crete,IL,41.438952,-87.602738
70634,CORNER MARKET #101,US-83 & SR-96,Scott City,KS,525,3.359,Scott City,KS,38.47994,-100.899331
70635,CIRCLE K #4705706,US-224 & SR-99,Willard,OH,249,3.599,Willard,OH,41.053056,-82.726389
70637,CIRCLE K #2704111,I-2/US-83 & CR-493,Donna,TX,639,3.009,Donna,TX,26.167138,-98.052925
70638,LOVES TRAVEL STOP #769,"I-70, EXIT 358A & US-75",Topeka,KS,570,3.284,Topeka,KS,39.0541,-95.6719
70640,LOVES TRAVEL STOP #794,SR-3/SR-33,Watonga,OK,483,3.37566666,Watonga,OK,35.853762,-98.417487
70641,LOVES TRAVEL STOP #706,"I-81/I-64, EXIT 213 ",Staunton,VA,185,3.649,Staunton,VA,38.145104,-79.07519
70642,LOVES TRAVEL STOP #776,"I-20, EXIT 15",Vicksburg,MS,760,3.549,Vicksburg,MS,32.325824,-90.85065
70643,LOVES TRAVEL STOP #774,US-431/CR-248,Smiths Station,AL,720,3.194,Smiths Station,AL,32.520072,-85.100027
70644,KWIK TRIP #1031,I-494 EXIT 20,Delano,MN,451,3.524,Delano,MN,45.034222,-93.801644
70645,QUIKTRIP #4048,"I-410, EXIT164B",San Antonio,TX,740,2.96566666,San Antonio,TX,29.468525,-98.526352
70646,KWIK TRIP #1051,I-43 & CR-N,Green Bay,WI,582,3.44066666,Green Bay,WI,44.485313,-88.016868
70647,PILOT #1227,I-20 EXIT 66,Pyote,TX,710,3.46566666,Pyote,TX,31.539491,-103.139676
70648,BARRINGTON APPLEGREEN,SR-125 & SR-9,Barrington,NH,178,3.899,Barrington,NH,43.2027,-71.037675
70649,KWIK TRIP #931,SR-95,North Branch,MN,448,3.42733333,North Branch,MN,45.516479,-92.937097
70650,MAVERIK COUNTRY STORE #581,"I-15 N, EXIT 334 & SR-193",Clearfield,UT,835,3.33566666,Clearfield,UT,41.129388,-112.048224
70651,WALBURG TRAVEL CENTER,"I-35, EXIT 266",Georgetown,TX,595,2.83233333,Georgetown,TX,30.633038,-97.670704
70652,ROADYS MACH 1 #14,I-57 EXIT 94,Mount Vernon,IL,574,3.099,Mount Vernon,IL,38.317014,-88.910525
70653,MACH 1 #24,I-74 EXIT 215A & SR-1,Tilton,IL,280,3.199,Tilton,IL,40.096406,-87.644048
70654,PILOT #1269,I-10 EXIT 378,San Simon,AZ,980,3.309,San Simon,AZ,32.208167,-109.367152
70655,GOLDEN GATE PETROLEUM,US-6,Grand Junction,CO,810,3.499,Grand Junction,CO,39.078326,-108.545692
70656,LOVES TRAVEL STOP #757,"US-23, EXIT 25",Milan,MI,325,3.489,Milan,MI,42.091373,-83.677636
70657,INTERFUEL,I-96 EXIT 167,Springfield,VA,60,3.899,Springfield,VA,38.779718,-77.186582
70658,CASEYS #3708,SR-235,New Carlisle,OH,411,3.259,New Carlisle,OH,39.930025,-84.021704
70660,CASEYS #3852,"I-35, EXIT 33 & US-34",Creston,IA,320,3.349,Creston,IA,41.062384,-94.369151
70661,CASEYS #3238,US-52 EXIT 64 & CR-12,Oronoco,MN,451,3.51566666,Oronoco,MN,44.148861,-92.48496
70662,GETGO #3202,I-79 EXIT 183A,Erie,PA,240,3.899,Erie,PA,42.125962,-80.08601
70663,LENNYS GAS N WASH BOURBONNAIS,US-45/US-52,Bourbonnais,IL,296,3.299,Bourbonnais,IL,41.166119,-87.879023
70665,POCO LOCO MARKET,I-35 EXIT 219,Buda,TX,595,2.89233333,Buda,TX,30.091758,-97.853422
70666,Thorntons #322,"I-55, EXIT 288",Chicago,IL,290,3.599,Chicago,IL,41.885847,-87.618123
70667,EZ TRIP #1226,"I-84, EXIT 104 & US-97",Wasco,OR,935,3.239,Wasco,OR,45.597447,-120.730356
70668,LOVES TRAVEL STOP #784,US-30 & CR-9,Schuyler,NE,486,3.28233333,Schuyler,NE,41.459128,-97.062832
70669,TA EXPRESS BIGGS,"I-84, EXIT 104 & US-97",Wasco,OR,935,3.199,Wasco,OR,45.597447,-120.730356
70670,MAVERIK COUNTRY STORE #625,"I-215, EXIT 27 & CR-68",North Salt Lake,UT,835,3.44233333,North Salt Lake,UT,40.844064,-111.904116
70673,PAC PRIDE,SR-202,Mesa,AZ,930,4.024,Mesa,AZ,33.43174,-111.846931
70674,ALLTOWN FRESH #769,SR-111,Ayer,MA,34,3.649,Ayer,MA,42.55914,-71.578763
70676,PAC PRIDE,"I-10, EXIT 138",Phoenix,AZ,930,4.0365,Phoenix,AZ,33.451,-112.0685
70677,PAC PRIDE,US-60,Glendale,AZ,930,4.024,Glendale,AZ,33.531122,-112.176703
70679,PAC PRIDE,"I-10, EXIT 151",Phoenix,AZ,930,4.024,Phoenix,AZ,33.451,-112.0685
70680,PAC PRIDE,"I-17, EXIT 215B",Phoenix,AZ,930,4.024,Phoenix,AZ,33.451,-112.0685
70681,PETRO STOP,US-60,Mesa,AZ,930,4.01566666,Mesa,AZ,33.43174,-111.846931
70682,LOVES TRAVEL STOP #758,"I-255/US-50, EXIT 15",East Saint Louis,IL,540,3.379,East Saint Louis,IL,38.631538,-90.138066
70686,HOLIDAY STATIONSTORE #2746471,US-12,Hudson,WI,448,3.539,Hudson,WI,44.984187,-92.727062
70687,RUTTERS #87,"I-99, EXIT 78B & SR-150",Bellefonte,PA,70,4.01566666,Bellefonte,PA,40.909377,-77.7642
70691,QUIKTRIP #4049,"I-10/US-90, EXIT 583",San Antonio,TX,740,2.96566666,San Antonio,TX,29.468525,-98.526352
70692,RUTLAND ROUTE 7 IRVING,US-4 & US-7,Rutland,VT,170,3.699,Rutland,VT,43.614131,-72.970773
70693,MAPCO #3507,US-76 & SR-71,Dalton,GA,285,3.119,Dalton,GA,34.7697,-84.9702
70695,ALLSUPS CONVENIENCE STORE #2132,US-54 & US-380,Carrizozo,NM,580,3.28233333,Carrizozo,NM,33.64962,-105.869617
70696,DK #11822,I-20 EXIT 131,Midland,TX,612,2.85733333,Midland,TX,31.989636,-102.06261
70698,ALLSUPS CONVENIENCE STORE #2038,US-54,Logan,NM,585,3.199,Logan,NM,35.368051,-103.438339
70699,QUIK STOP,US-79,Paris,TN,490,2.959,Paris,TN,36.300519,-88.309328
70700,PATRIOT FUELING CENTER,US-231/SR-9,Wetumpka,AL,720,3.199,Wetumpka,AL,32.54509,-86.188039
70704,KUM & GO #0702,"I-44, EXIT 6 & SR-86",Joplin,MO,535,3.009,Joplin,MO,37.096858,-94.505144
70705,CASEYS #3464,SR-48 & CR-10,Morrisonville,IL,280,3.759,Morrisonville,IL,39.415336,-89.45407
70706,BIG APPLE TRAVEL CENTER,I-44/US-71,Joplin,MO,416,3.21233333,Joplin,MO,37.096858,-94.505144
70707,TA Express West Point #283,"I-85/SR-403, EXIT 2 & SR-18",West Point,GA,720,3.66566666,West Point,GA,32.833683,-85.119714
70708,LOVES TRAVEL STOP #785,"I-96, EXIT 90",Grand Ledge,MI,406,3.949,Grand Ledge,MI,42.752924,-84.737314
70709,VP Racing Fuels,SR-19,Center,MO,540,3.16566666,Center,MO,39.515397,-91.539842
70710,LOVES TRAVEL STOP #799,US-72 & SR-15,Walnut,MS,655,3.559,Walnut,MS,34.952732,-88.905337
70711,LOVES TRAVEL STOP #762,FM-1472,Laredo,TX,693,3.25566666,Laredo,TX,27.515538,-99.498579
70714,PILOT TRAVEL CENTER #1281,US-89,Page,AZ,910,3.999,Page,AZ,36.896625,-111.43847
70717,Certified Oil #400491,I-270 EXIT 52,Columbus,OH,315,3.20233333,Columbus,OH,40.1444,-82.9789
70718,ROAD RANGER #278,"I-40, EXIT 216 & US-49",Brinkley,AR,695,3.199,Brinkley,AR,34.878124,-91.188596
70719,FAST LANE #31,"I-70, EXIT 183",Jonesburg,MO,540,3.299,Jonesburg,MO,38.871658,-91.30193
70720,SPEEDWAY #4453,SR-23,Sauk Rapids,MN,451,3.189,Sauk Rapids,MN,45.604032,-94.159088
70722,SPEEDWAY #9935,I-90 EXIT 35 & SR-298,Syracuse,NY,190,4.099,Syracuse,NY,43.0459,-76.1528
70723,SPEEDWAY #9932,I-99 EXIT 8 & SR-417,Painted Post,NY,190,4.099,Painted Post,NY,42.170967,-77.119375
70724,LOVES TRAVEL STOP #790,"I-95, EXIT108",Summerton,SC,135,3.509,Summerton,SC,33.594578,-80.360566
70725,LOVES TRAVEL STOP #782,"I-24 & US-41, EXIT 86",Oak Grove,KY,415,3.14233333,Oak Grove,KY,36.665225,-87.425514
70726,CASEYS #1195,US-36,Belleville,KS,336,3.339,Belleville,KS,39.824054,-97.629016
70727,CASEYS #2998,US-75 & SR-23,Pipestone,MN,530,3.449,Pipestone,MN,44.009516,-96.322762
70728,CASEYS #3245,US-81,Freeman,SD,530,3.299,Freeman,SD,43.360501,-97.460073
70729,CASEYS #3785,US-14,Fort Pierre,SD,571,3.399,Fort Pierre,SD,44.342587,-100.404323
70730,CASEYS #3855,US-81,Yankton,SD,572,3.139,Yankton,SD,42.882086,-97.398624
70731,PILOT TRAVEL CENTERS #1181,IL-38 E,Rochelle,IL,520,3.759,Rochelle,IL,41.928156,-89.071035
70732,MAVERIK COUNTRY STORE #627,I-15 EXIT 303,Salt Lake City,UT,835,3.44233333,Salt Lake City,UT,40.755851,-111.896657
70733,CASEYS #1607,US-63,Macon,MO,392,3.29066666,Macon,MO,39.748089,-92.462163
70735,CASEYS #1778,SR-267/SR-111,Brighton,IL,574,3.239,Brighton,IL,39.036098,-90.144312
70736,CASEYS #1941,"I-35, EXIT 90 & SR-160",Ankeny,IA,320,3.139,Ankeny,IA,41.72755,-93.602175
70737,CASEYS #2272,I-80/US-6 EXIT 155 & SR-117,Colfax,IA,320,3.099,Colfax,IA,41.678785,-93.258816
70738,QUIKTRIP #7061,I-49 EXIT 39A,Joplin,MO,413,3.02233333,Joplin,MO,37.096858,-94.505144
70739,CASEYS #2602,US-36/SR-5 & SR-11,Brookfield,MO,276,3.249,Brookfield,MO,39.784612,-93.071948
70740,JACK FLASH,"I-70, EXIT 82 & SR 128",Altamont,IL,574,3.099,Altamont,IL,39.063449,-88.748092
70741,CASEYS #3590,US-27,Geneva,IN,465,3.594,Geneva,IN,40.607129,-84.962074
70742,CASEYS #3653,SR-14,Greene,IA,433,3.599,Greene,IA,42.91604,-92.758324
70743,CASEYS #3659,US-10 & SR-115,Randall,MN,250,3.48566666,Randall,MN,46.073361,-94.500543
70744,CASEYS #3686,I-80 EXIT 81,Utica,IL,296,2.969,Utica,IL,41.363033,-89.000795
70745,CASEYS #3752,",",Mountain Lake,MN,425,3.40233333,Mountain Lake,MN,43.938998,-94.927313
70746,CASEYS #3085,US-34 & SR-14,Aurora,NE,330,3.099,Aurora,NE,40.852838,-98.020107
70747,CASEYS #3702,US-377/SR-99 & SR-9,Seminole,OK,560,3.02566666,Seminole,OK,35.224444,-96.670278
70748,CASEYS #3717,US-218,Vinton,IA,380,3.199,Vinton,IA,42.174284,-91.989154
70749,CASEYS #3719,US-160,Ulysses,KS,525,3.409,Ulysses,KS,37.579174,-101.348846
70750,CASEYS #3787,"I-35, EXIT 222",Blackwell,OK,483,2.999,Blackwell,OK,36.800574,-97.286695
70751,CASEYS #3795,"I-43, EXIT 96",Saukville,WI,444,3.289,Saukville,WI,43.391265,-87.956765
70752,CASEYS #3755,SR-7/SR-27,Russellville,AR,645,3.419,Russellville,AR,35.284208,-93.131476
70753,CASEYS #3798,"I-44, EXIT 211",Drumright,OK,560,3.119,Drumright,OK,35.993136,-96.519789
70754,CASEYS #3758,US-77,Douglass,KS,570,3.264,Douglass,KS,37.51951,-96.994848
70755,CASEYS #3809,US-56 & SR-51,Hugoton,KS,525,3.39233333,Hugoton,KS,37.168226,-101.334614
70756,CASEYS #3780,US-40,Tonganoxie,KS,400,3.159,Tonganoxie,KS,39.102614,-95.105055
70757,CASEYS #3811,US-69,McAlester,OK,560,3.22566666,Mcalester,OK,34.926233,-95.759168
70759,CASEYS #3832,"I-35, EXIT 40A & US-14",Janesville,MN,425,3.58233333,Janesville,MN,44.116778,-93.709462
70760,CASEYS #2730,US-34 & SR-15,Seward,NE,413,3.369,Seward,NE,40.906609,-97.096618
70761,CASEYS #3841,"US-61, EXIT 5",Kieler,WI,335,3.489,Kieler,WI,42.581389,-90.6025
70763,CASEYS #3854,"US-20, EXIT 275 & SR-13",Manchester,IA,380,3.54566666,Manchester,IA,42.483418,-91.449001
70764,CASEYS #3856,"I-51, EXIT 48 & SR-251",Tonica,IL,520,3.069,Tonica,IL,41.232741,-89.088993
70765,CEFCO #103,SR-36,Temple,TX,765,2.96566666,Temple,TX,31.089518,-97.334264
70767,CASEYS #3493,SR-72,Shannon,IL,520,3.699,Shannon,IL,42.161049,-89.748075
70768,CASEYS #3497,SR-29,South Pekin,IL,368,3.619,South Pekin,IL,40.494444,-89.651667
70769,CASEYS #3527,US-169 & US-60,Nowata,OK,307,3.18233333,Nowata,OK,36.694565,-95.640421
70770,CASEYS #3528,SR-92,Washington,IA,380,3.271,Washington,IA,41.301453,-91.698671
70771,CASEYS #3545,US-14/CR-27,Sleepy Eye,MN,425,3.33233333,Sleepy Eye,MN,44.282089,-94.727251
70772,CASEYS #3554,"I-70, EXIT 52",Mulberry Grove,IL,368,3.489,Mulberry Grove,IL,38.931082,-89.246297
70773,CASEYS #3575,US-36,Seneca,KS,413,3.159,Seneca,KS,39.839804,-96.059489
70774,CASEYS #3079,"US-20, EXIT 71 & US-71",Early,IA,440,3.299,Early,IA,42.448258,-95.172569
70775,CASEYS #3576,US-56,Overbrook,KS,400,3.19566666,Overbrook,KS,38.792173,-95.561632
70776,CASEYS #3579,US-36,Smith Center,KS,330,3.179,Smith Center,KS,39.804217,-98.784243
70778,CASEYS #3588,"I-75 N, EXIT 69",Tipp City,OH,411,3.099,Tipp City,OH,39.943577,-84.171501
70779,CASEYS #3204,"I-80, EXIT 29 & I-880, EXIT 29A",Minden,IA,319,3.159,Minden,IA,41.465355,-95.551887
70780,CASEYS #3306,SR-15 & CR-47/CR-136,Saint Cloud,MN,522,3.249,Saint Cloud,MN,45.552113,-94.128447
70782,CASEYS #3465,"I-80, EXIT 285 & US-30",Gibbon,NE,330,3.049,Gibbon,NE,40.744445,-98.85435
70783,ENMARKET #820,"I-95/SR-405, EXIT 109 & SR-21",Port Wentworth,GA,195,3.09066666,Port Wentworth,GA,32.92380187716535,-83.6176606503937
70784,CIRCLE K #2723046,"I-95, EXIT 41 & SR-59/CR2252",Hope Mills,NC,63,2.909,Hope Mills,NC,34.953564,-78.935364
70785,CIRCLE K #2705347,"I-77, EXIT 5 & SR-48",Columbia,SC,135,3.204,Columbia,SC,34.072613,-81.179617
70786,CIRCLE K #2741502,"I-37, EXIT 9",Corpus Christi,TX,625,3.06066666,Corpus Christi,TX,27.794086,-97.402994
70787,LOVES TRAVEL STOP #778,"I-16, EXIT 143 & US-280",Ellabell,GA,135,3.29566666,Ellabell,GA,32.127304,-81.498302
70788,SPEEDWAY #1031,"I-480 & I-271, EXIT 26",Bedford,OH,305,3.649,Bedford,OH,41.392067,-81.52315
70789,7FLEET #46080,"I-41 & US-41, EXIT 133",Neenah,WI,360,3.449,Neenah,WI,44.181094,-88.479201
70790,LOVES TRAVEL STOP #788,"I-70, EXIT 175",New Florence,MO,540,3.12233333,New Florence,MO,38.902309,-91.490861
70791,LOVES TRAVEL STOP #791,"I-40, EXIT 126",Holladay,TN,460,3.12233333,Holladay,TN,35.895143,-88.091183
70792,ANEW TRAVEL CENTER,US-6/34 & CR-410,Cambridge,NE,475,3.364,Cambridge,NE,40.280767,-100.167579
70793,LOVES TRAVEL STOPS #119,"I-70, EXIT 160",Green River,UT,835,3.299,Green River,UT,39.000243,-110.159817
70794,CASEYS #3747,SR-103 & CR-96,Carey,OH,411,3.17566666,Carey,OH,40.948599,-83.383578
70796,QUICK FUEL #3177,"I-35W, EXIT 56",Fort Worth,TX,637,3.03233333,Fort Worth,TX,32.7469,-97.3268
70797,QUICK FUEL #3176,"I-35E, EXIT 442",Carrollton,TX,637,3.01566666,Carrollton,TX,32.965736,-96.882464
70798,QUICK FUEL #1926,"I-90, EXIT 171B & US-14",Janesville,WI,420,3.399,Janesville,WI,42.691542,-89.033124
70831,FLYERS #768,"I-80, EXIT 19 & SR-659",Sparks,NV,966,4.05233333,Sparks,NV,39.547254,-119.755588
70832,FLYERS #766,SR-648,Sparks,NV,966,4.059,Sparks,NV,39.547254,-119.755588
70833,FLYERS #764,SR-667,Reno,NV,966,4.05233333,Reno,NV,39.526812,-119.811275
70845,FLYERS #759,"I-80, EXIT 19",Sparks,NV,966,4.05066666,Sparks,NV,39.547254,-119.755588
70855,FLYERS #761,"I-580, EXIT 5",Carson City,NV,966,3.699,Carson City,NV,39.150746,-119.745904
70858,SPEEDWAY #1012,"I-65, EXIT 158 & CR-6",Hope Hull,AL,720,3.05233333,Hope Hull,AL,32.224256,-86.393189
70859,FLYERS #732,I-580 & US-50,Carson City,NV,966,3.699,Carson City,NV,39.150746,-119.745904
70860,FLYERS #726,"I-80, EXIT 303",Elko,NV,966,3.629,Elko,NV,40.826247,-115.724679
70864,FLYERS #747,"I-580/US-395, EXIT 29 & SR-659",Reno,NV,966,4.054,Reno,NV,39.526812,-119.811275
70870,ESSENTIAL FUELS,US-26,Scottsbluff,NE,795,3.599,Scottsbluff,NE,41.871975,-103.661914
70871,ALLTOWN MARKETS #835,"I-95, EXIT 62",Madison,CT,100,4.239,Madison,CT,41.309019,-72.615254
70873,TA LAKE CITY #288,"I-75, EXIT 414",Lake City,FL,225,3.299,Lake City,FL,30.0949,-82.7117
70874,CIRCLE T,SR-6 & SR-515,Navasota,TX,670,3.43233333,Navasota,TX,30.387778,-96.0875
70875,FUEL MAXX #57,SR-105 & SR-146,Liberty,TX,610,3.13233333,Liberty,TX,30.072794,-94.763819
70876,JIFFY MART,SR-123/SR-12,Walpole,NH,12,3.68566666,Walpole,NH,43.076533,-72.415489
70877,LOVES TRAVEL STOP #770,"US-41, EXIT 1A",Wadsworth,IL,444,3.759,Wadsworth,IL,42.446032,-87.904048
70878,MAVERIK COUNTRY STORE #630,I-15 EXIT 13,Malad City,ID,825,3.394,Malad City,ID,42.180783,-112.262045
70879,MAVERIK COUNTRY STORE #611,I-40 EXIT 154,Albuquerque,NM,580,3.194,Albuquerque,NM,35.0936,-106.6423
70880,RUTTERS #81,SR-61 & SR-73,Leesport,PA,208,3.89733333,Leesport,PA,40.415216,-75.994421
70881,RUTTERS #79,"I-99/US-220, EXIT 28 US-22/SR-764",Duncansville,PA,14,4.099,Duncansville,PA,40.426228,-78.43833
70882,RUTTERS #77,US-11/US-15 & US-22,Duncannon,PA,70,4.294,Duncannon,PA,40.408678,-77.047254
70883,RUTTERS #41,US-422,Lebanon,PA,70,3.799,Lebanon,PA,40.335912,-76.425895
70884,RUTTERS #75,SR-194 & SR-550,Walkersville,MD,70,3.93233333,Walkersville,MD,39.47875,-77.34839
70885,KWIK TRIP #1061,CR-CE & CR-HH,Combined Locks,WI,582,3.549,Combined Locks,WI,44.266581,-88.313271
70887,LOVES TRAVEL STOP #781,"I-20, EXIT 113 & SR-83",Madison,GA,16,3.849,Madison,GA,33.594681,-83.461781
70888,HUTCHS #125,US-283,Altus,OK,483,2.999,Altus,OK,34.648406,-99.320483
70889,TRUCK WORLD,I-90 EXIT 241 & SR-7,Conneaut,OH,305,3.359,Conneaut,OH,41.934479,-80.580257
70890,PILOT #1299,US-287 & SR-148,Henrietta,TX,770,3.12566666,Henrietta,TX,33.819609,-98.259976
70891,QUARLES #4908,I-64 EXIT 297,Chesapeake,VA,130,3.52566666,Chesapeake,VA,36.735246,-76.23843
70892,QUARLES #4001,I-95 EXIT 133,Fredericksburg,VA,60,3.759,Fredericksburg,VA,38.299538,-77.477152
70893,QUARLES #4002,"I-95 EXIT 130A, SR-2",Fredericksburg,VA,60,3.759,Fredericksburg,VA,38.299538,-77.477152
70894,QUARLES #4009,US-301,Waldorf,MD,60,3.759,Waldorf,MD,38.637065,-76.877787
70895,QUARLES #4011/SHELL,I-95 EXIT 118,Woodford,VA,180,2.899,Woodford,VA,38.084664,-77.439879
70896,QUARLES #4200,US-522,Front Royal,VA,60,3.699,Front Royal,VA,38.926783,-78.179617
70897,QUARLES #4302,SR-801 & SR-42,Broadway,VA,60,3.459,Broadway,VA,38.608336,-78.787494
70898,QUARLES #4303,"I-81 EXIT 243, US-11",Harrisonburg,VA,60,2.899,Harrisonburg,VA,38.448864,-78.871438
70899,QUARLES #4304,"I-64 EXIT 96, SR-624",Waynesboro,VA,180,3.799,Waynesboro,VA,38.077412,-78.903461
70900,QUARLES #4306,I-81 EXIT 150A,Roanoke,VA,185,3.559,Roanoke,VA,37.2725,-79.953
70901,QUARLES #4307,"I-81 EXIT 137, US-11/460",Salem,VA,185,3.559,Salem,VA,37.2853,-80.069185
70902,QUARLES #4309,US-460/29,Lynchburg,VA,185,3.774,Lynchburg,VA,37.386228,-79.171464
70903,QUARLES #4310,US-11,Roanoke,VA,185,3.559,Roanoke,VA,37.2725,-79.953
70904,QUARLES #4400,I-95 EXIT 166A,Lorton,VA,60,4.059,Lorton,VA,38.704716,-77.218004
70905,QUARLES #4401,US-29,Fairfax,VA,60,4.059,Fairfax,VA,38.860353,-77.264937
70906,QUARLES #4403,"I-95 EXIT 29A, US-1",Beltsville,MD,22,3.899,Beltsville,MD,39.034722,-76.907778
70907,QUARLES #4404,I-95 EXIT 43A,Elkridge,MD,22,3.499,Elkridge,MD,39.2125,-76.713889
70908,QUARLES #4407,I-495 EXIT 11A,Upper Marlboro,MD,60,3.899,Upper Marlboro,MD,38.837717,-76.798028
70909,QUARLES #4408,SR-201,Bladensburg,MD,60,3.699,Bladensburg,MD,38.945215,-76.920327
70910,QUARLES #4409,I-95 EXIT 50B,Baltimore,MD,22,3.499,Baltimore,MD,39.17185,-76.648287
70912,QUARLES #4411,"I-695 EXIT 1, SR-173",Curtis Bay,MD,22,3.499,Curtis Bay,MD,39.209315,-76.569147
70913,QUARLES #4412,I-270 EXIT 8,Rockville,MD,60,3.759,Rockville,MD,39.0838,-77.153
70914,QUARLES #4413,I-495 EXIT 15A,Capitol Heights,MD,60,3.899,Capitol Heights,MD,38.8847,-76.9108
70915,QUARLES #4414,I-95 EXIT 60,Baltimore,MD,22,3.449,Baltimore,MD,39.17185,-76.648287
70916,TA Express White Hills,US-93,Willow Beach,AZ,910,3.779,Willow Beach,AZ,35.8316,-114.4441
70917,QUARLES #4416,US-13,Salisbury,MD,194,3.659,Salisbury,MD,38.362996,-75.592238
70918,QUARLES #4417,I-895 EXIT 8B,Curtis Bay,MD,22,3.499,Curtis Bay,MD,39.209315,-76.569147
70919,QUARLES #4422,US-13,New Castle,DE,243,3.699,New Castle,DE,39.67703,-75.589938
70920,QUARLES #4423,SR-100 EXIT 11,Glen Burnie,MD,22,3.699,Glen Burnie,MD,39.1677,-76.595
70921,QUARLES #4424,SR-5,Clinton,MD,60,3.899,Clinton,MD,38.754892,-76.902577
70922,QUARLES #4425,US-50 EXIT 5,Hyattsville,MD,60,3.899,Hyattsville,MD,38.95063,-76.934652
70923,QUARLES #4426,SR-124,Gaithersburg,MD,60,3.759,Gaithersburg,MD,39.14187,-77.188993
70924,QUARLES #4427,I-276 EXIT 351,Levittown,PA,153,3.84566666,Levittown,PA,40.168142,-74.823138
70925,QUARLES #4430,US-13,Sharon Hill,PA,160,3.869,Sharon Hill,PA,39.903511,-75.269524
70926,QUARLES #4431,US-22,Allentown,PA,90,3.989,Allentown,PA,40.602729,-75.470955
70927,QUARLES #4434,SR-617,Springfield,VA,60,4.059,Springfield,VA,38.779718,-77.186582
70928,QUARLES #4435,"I-95 EXIT 41, US-1",Jessup,MD,22,3.499,Jessup,MD,39.148399,-76.792239
70929,QUARLES #4503,US-11,Martinsburg,WV,60,3.959,Martinsburg,WV,39.459959,-77.958915
70930,QUARLES #4504,I-81 EXIT 313A,Winchester,VA,60,3.799,Winchester,VA,39.1581,-78.2313
70931,QUARLES #4505,SR-65,Hagerstown,MD,60,3.899,Hagerstown,MD,39.632022,-77.737215
70933,QUARLES #4507,US-11,Winchester,VA,60,3.799,Winchester,VA,39.1581,-78.2313
70934,QUARLES #4509,I-270 EXIT 31B,Frederick,MD,60,3.599,Frederick,MD,39.408235,-77.400875
70935,QUARLES #4511,I-70 EXIT 55,Frederick,MD,60,3.599,Frederick,MD,39.408235,-77.400875
70937,QUARLES #4603,US-29/211,Warrenton,VA,60,3.799,Warrenton,VA,38.7063,-77.8159
70938,QUARLES #4605,SR-606,Sterling,VA,60,3.659,Sterling,VA,39.0061,-77.4288
70939,QUARLES #4606,SR-234,Manassas,VA,60,3.859,Manassas,VA,38.7518,-77.4728
70940,QUARLES #4607,SR-28,Manassas,VA,60,3.859,Manassas,VA,38.7518,-77.4728
70941,QUARLES #4934,US-60,Sandston,VA,180,3.259,Sandston,VA,37.515658,-77.27578
70942,QUARLES #4608,SR-657,Chantilly,VA,60,3.659,Chantilly,VA,38.8865,-77.4393
70943,QUARLES #4700,US-15BUS/29BUS,Culpeper,VA,60,3.799,Culpeper,VA,38.48115,-78.00406
70944,QUARLES #4701,US-15 BUS & US-522,Culpeper,VA,60,3.799,Culpeper,VA,38.48115,-78.00406
70945,QUARLES #4944,US-17,Bealeton,VA,60,3.759,Bealeton,VA,38.569667,-77.800436
70946,QUARLES #4703,US-29 & SR-616,Ruckersville,VA,180,3.699,Ruckersville,VA,38.233871,-78.391033
70947,QUARLES #4946,"I-95, EXIT 130A, SR-3",Fredericksburg,VA,60,3.759,Fredericksburg,VA,38.299538,-77.477152
70948,QUARLES #4804,I-40 EXIT 211,Greensboro,NC,65,3.649,Greensboro,NC,36.0726,-79.792
70949,QUARLES #4805,US-1 EXIT 95,Apex,NC,177,3.999,Apex,NC,35.722504,-78.840816
70950,QUARLES #4807,I-40 EXIT 203,Kernersville,NC,65,3.199,Kernersville,NC,36.116534,-80.083115
70951,QUARLES #4947,SR-7,Leesburg,VA,60,3.659,Leesburg,VA,39.0867,-77.5775
70952,QUARLES #4810,I-540 EXIT 4A,Raleigh,NC,177,3.709,Raleigh,NC,35.772701,-78.632439
70953,QUARLES #4948,"I-95, EXIT 126, US-1",Fredericksburg,VA,60,3.759,Fredericksburg,VA,38.299538,-77.477152
70954,QUARLES #4811,SR-50/US-70,Garner,NC,177,3.599,Garner,NC,35.681254,-78.597527
70955,QUARLES #4949,"I-95, EXIT 136, US-1",Fredericksburg,VA,60,3.759,Fredericksburg,VA,38.299538,-77.477152
70956,QUARLES #4813,SR-133,Wilmington,NC,245,3.779,Wilmington,NC,34.225304,-77.937856
70957,QUARLES #4950,"I-95, EXIT 126A, US-1",Fredericksburg,VA,60,3.759,Fredericksburg,VA,38.299538,-77.477152
70958,QUARLES #4951,SR-3,Fredericksburg,VA,60,3.759,Fredericksburg,VA,38.299538,-77.477152
70959,QUARLES #4814,US-117,Wilmington,NC,245,3.799,Wilmington,NC,34.225304,-77.937856
70960,QUARLES #4962,"I-81, EXIT 222, US-250",Staunton,VA,185,2.899,Staunton,VA,38.145104,-79.07519
70961,QUARLES #4815,"I-140, EXIT 14",Wilmington,NC,245,3.799,Wilmington,NC,34.225304,-77.937856
70962,QUARLES #4965,"I-295, EXIT 37A, US-360",Warsaw,VA,180,3.759,Warsaw,VA,37.949992,-76.736517
70963,QUARLES #4817,"US-70, EXIT 333",Selma,NC,205,3.799,Selma,NC,35.556531,-78.264025
70964,SEALSTON DELI,"I-95, EXIT 130A, SR-3",King George,VA,180,3.499,King George,VA,38.281142,-77.126023
70965,QUARLES #4822,US-401,Raleigh,NC,177,3.709,Raleigh,NC,35.772701,-78.632439
70966,QUARLES #4927,SR-10 & SR-145,Chesterfield,VA,180,3.699,Chesterfield,VA,37.392327,-77.566799
70967,QUARLES #4823,I-95,Fayetteville,NC,63,3.799,Fayetteville,NC,35.05099,-78.842255
70968,QUARLES #4928,"I-95, EXIT 86A & SR-656",Ashland,VA,180,3.674,Ashland,VA,37.73948,-77.478373
70969,QUARLES #4824,I-40 EXIT 210,Greensboro,NC,65,3.699,Greensboro,NC,36.0726,-79.792
70970,QUARLES #4931,US-60 & SR-603,Powhatan,VA,180,3.699,Powhatan,VA,37.556442,-77.879761
70971,QUARLES #4932,"I-64, EXIT 173 & SR-623",Rockville,VA,180,3.699,Rockville,VA,37.733729,-77.699994
70973,QUARLES #4826,US HWY 29/70,High Point,NC,65,3.66566666,High Point,NC,35.959313,-80.011673
70974,QUARLES #4933,US-60,Richmond,VA,180,3.699,Richmond,VA,37.453158,-77.469798
70975,QUARLES #4935,"I-95, EXIT 64 & SR-613",Richmond,VA,180,3.699,Richmond,VA,37.453158,-77.469798
70976,QUARLES #4827,I-40 EXIT 203,Kernersville,NC,65,3.199,Kernersville,NC,36.116534,-80.083115
70977,QUARLES #4828,I-440 EXIT 13B,Raleigh,NC,177,3.709,Raleigh,NC,35.772701,-78.632439
70978,QUARLES #4829,I-40 EXIT 298A,Raleigh,NC,177,3.599,Raleigh,NC,35.772701,-78.632439
70979,QUARLES #4830,I-540 EXIT 3,Raleigh,NC,177,3.719,Raleigh,NC,35.772701,-78.632439
70980,QUARLES #4938,"I-64, EXIT 159 & SR-522",Gum Spring,VA,180,3.699,Gum Spring,VA,37.818374,-77.907049
70982,EXXON/QUARLES #4942,"I-64/33, EXIT 205 & SR-249",Quinton,VA,180,3.509,Quinton,VA,37.518466,-77.148607
70983,QUARLES #4943,"I-295, EXIT 22A & SR-5",Henrico,VA,180,3.699,Henrico,VA,37.664057188591386,-78.48167218509894
70984,QUARLES #4831,US-64 EXIT 470,Rocky Mount,NC,205,3.409,Rocky Mount,NC,35.94265,-77.760816
70985,QUARLES #4832,I-40 EXIT 189,Winston Salem,NC,65,3.57233333,Winston Salem,NC,36.10237,-80.222798
70986,QUARLES #4833,US-1,Youngsville,NC,177,3.699,Youngsville,NC,36.007782,-78.441198
70987,QUARLES #4902,US-250/33,Richmond,VA,180,3.699,Richmond,VA,37.453158,-77.469798
70988,QUARLES #4909,I-664 EXIT 3,Hampton,VA,244,3.42566666,Hampton,VA,37.0065,-76.413
70989,QUARLES #4911,I-264 EXIT 19B,Virginia Beach,VA,130,3.57233333,Virginia Beach,VA,36.8527,-75.9783
70990,QUARLES #4915,I-664 EXIT 2,Hampton,VA,244,3.42566666,Hampton,VA,37.0065,-76.413
70991,QUARLES #4917,I-64 EXIT 255,Newport News,VA,130,3.41066666,Newport News,VA,37.057951,-76.460722
70992,QUARLES #4904,I-64 EXIT 197B,Sandston,VA,180,3.259,Sandston,VA,37.515658,-77.27578
70993,QUARLES #4905,I-95 EXIT 89,Ashland,VA,180,3.699,Ashland,VA,37.73948,-77.478373
70994,QUARLES #4906,I-95 EXIT 73,Richmond,VA,180,3.699,Richmond,VA,37.453158,-77.469798
70995,QUARLES #4910,I-95 EXIT 61B,Chester,VA,180,3.799,Chester,VA,37.342934,-77.41557
70996,QUARLES #4912,I-64 EXIT 136,Troy,VA,180,3.899,Troy,VA,37.9636,-78.253494
70997,QUARLES #4913,SR-76,Midlothian,VA,180,3.699,Midlothian,VA,37.431027,-77.654458
70998,QUARLES #4916,I-246 EXIT 6,Portsmouth,VA,130,3.46566666,Portsmouth,VA,36.808902,-76.36714
71001,QUARLES #4921,I-95 EXIT 83B,Richmond,VA,180,3.699,Richmond,VA,37.453158,-77.469798
71002,QUARLES #4922,US-250,Charlottesville,VA,180,3.899,Charlottesville,VA,38.054752,-78.490869
71003,QUARLES #4923,I-95 EXIT 73,Richmond,VA,180,3.699,Richmond,VA,37.453158,-77.469798
71004,QUARLES #4924,US-1 & SR-688,Doswell,VA,180,3.699,Doswell,VA,37.841682,-77.512521
71005,QUARLES #4925,I-95 EXIT 78,Richmond,VA,180,3.699,Richmond,VA,37.453158,-77.469798
71006,QUARLES #4926,I-95 EXIT 79,Richmond,VA,180,3.699,Richmond,VA,37.453158,-77.469798
71007,HAYDEN TRAVEL CENTER,"I-65, EXIT 284 & SR-160",Warrior,AL,615,3.129,Warrior,AL,33.852862,-86.819849
71009,WEIGELS #80,"I-40, EXIT 435 & US-321",Newport,TN,405,3.11566666,Newport,TN,35.954431,-83.202749
71010,KEYSTOPS,"I-64, EXIT 17",Louisville,KY,415,3.19566666,Louisville,KY,38.2435,-85.7639
71011,Global,"I-84 E, EXIT 2 & US-6 E",Danbury,CT,100,3.459,Danbury,CT,41.391663,-73.453165
71012,ALLTOWN MARKETS #838,"I-95 N, EXIT 12",Darien,CT,100,3.83233333,Darien,CT,41.076759,-73.485254
71013,ALLTOWN MARKETS #647,SR-3 EXIT 5,Plymouth,MA,175,3.959,Plymouth,MA,41.910404,-70.642004
71014,Global,"I-95, EXIT 43 & US-1",Elkridge,MD,22,3.099,Elkridge,MD,39.2125,-76.713889
71018,KWIK STAR #1076,US-218,Vinton,IA,565,3.199,Vinton,IA,42.174284,-91.989154
71019,KWIK TRIP #489,SR-3,Northfield,MN,448,3.524,Northfield,MN,44.458724,-93.166826
71020,Fast Trac 21,SR-21 & CR-50,Caldwell,TX,670,3.299,Caldwell,TX,30.529819,-96.714292
71021,Amoco,"I-39 & HWY 23, EXIT 54",Oglesby,IL,290,3.199,Oglesby,IL,41.292768,-89.055341
71022,TEX BEST #530,"I-10, EXIT 628 & SR-80",Luling,TX,595,3.009,Luling,TX,29.682621,-97.649947
71023,LOVES TRAVEL STOP #853,SR-302 & CR-313,Kermit,TX,710,3.25066666,Kermit,TX,31.85496,-103.091269
71024,LOVES TRAVEL STOP #804,US-34/US-67,Monmouth,IL,270,3.349,Monmouth,IL,40.910702,-90.644828
71025,KWIK TRIP #644,SR-57 & SR-32,New Holstein,WI,582,3.39066666,New Holstein,WI,43.944639,-88.091083
71027,Kwik Star #1068,I-35,Story City,IA,320,2.959,Story City,IA,42.183487,-93.598811
71029,CASEYS #6445,I-355 EXIT 27 & SR-64,Lombard,IL,293,3.349,Lombard,IL,41.872139,-88.015988
71030,QUIKTRIP #1469,"I-10, EXIT 248 & SR-77",Marana,AZ,980,3.06233333,Marana,AZ,32.404749,-111.273621
71032,MAVERIK COUNTRY STORE #416,US-50 & US-95,Fallon,NV,966,3.52566666,Fallon,NV,39.470254,-118.786112
71033,MAVERIK COUNTRY STORE #560,I-580 & US-50,Carson City,NV,966,3.589,Carson City,NV,39.150746,-119.745904
71034,MAVERIK COUNTRY STORE #635,I-15 EXIT 57,Cedar City,UT,791,3.44233333,Cedar City,UT,37.689544,-113.074513
71036,GOLDEN GATE PETRO,US-550,Montrose,CO,810,3.43566666,Montrose,CO,38.46783,-107.875182
71037,SUNOCO,US-220 EXIT 111,Lock Haven,PA,138,3.599,Lock Haven,PA,41.142497,-77.443588
71039,TURNPIKE MARKET EXPRESS,SR-5,Newton Falls,OH,573,3.259,Newton Falls,OH,41.191047,-80.970135
71042,SINCLAIR,I-580/US-395 EXIT 6,Carson City,NV,966,3.599,Carson City,NV,39.150746,-119.745904
71046,SPEEDWAY #9336,US-27/SR-126,Cincinnati,OH,300,3.699,Cincinnati,OH,39.091293,-84.277383
71047,LOVES TRAVEL STOP #722,"I-17, EXIT 262 & SR-69",Mayer,AZ,930,3.68066666,Mayer,AZ,34.365535,-112.129551
71050,GILL MART CORNER STORE,US-131 & SR-216,Three Rivers,MI,465,3.699,Three Rivers,MI,41.959598,-85.637125
71051,SHEETZ #683,I-83 EXIT 28,York,PA,70,3.259,York,PA,39.963539,-76.726887
71053,ROAD RANGER #279,"I-57, EXIT 45 & SR-148",Marion,IL,275,3.379,Marion,IL,37.725662,-88.929447
71055,LOVES TRAVEL STOP #793,"I-840, EXIT 67 & COUCHVILLE PIKE",Mount Juliet,TN,460,3.25233333,Mount Juliet,TN,36.2,-86.518611
71056,SPEEDWAY #1044,US-72 & SR-20,Decatur,AL,615,3.42566666,Decatur,AL,34.589599,-86.98868
71057,LOVES TRAVEL STOP #795,US-97/US-26 & HALL RD,Madras,OR,935,3.689,Madras,OR,44.637579,-121.134924
71058,KWIK TRIP #1090,SR-19 & SR-21,New Prague,MN,448,3.349,New Prague,MN,44.540239,-93.580473
71059,CIRCLE K #2706781,US-17 & SR-200,Yulee,FL,75,3.34233333,Yulee,FL,30.631667,-81.606667
71060,CIRCLE K #2701537,"I-77, EXIT 100 & SR-89",Mount Airy,NC,65,2.859,Mount Airy,NC,36.500739,-80.611871
71061,CIRCLE K #2702344,US-78 & SR-39,Williston,SC,135,3.799,Williston,SC,33.392608,-81.416146
71062,MAVERIK COUNTRY STORE #637,"I-70, EXIT 56 & US-89",SALINA,UT,835,3.44233333,Salina,UT,38.956028,-111.881072
71063,MAVERIK COUNTRY STORE #639,"I-40, EXIT 153",Albuquerque,NM,580,3.19733333,Albuquerque,NM,35.0936,-106.6423
71064,LOVES TRAVEL STOP #798,I-57 EXIT 212,Tuscola,IL,280,3.289,Tuscola,IL,39.799509,-88.281585
71065,MAVERIK COUNTRY STORE #429,US-40 & SR-121,Roosevelt,UT,835,3.439,Roosevelt,UT,40.310229,-110.010782
71066,Circle K #2745067,"I-75, EXIT 155",Macon,GA,85,3.089,Macon,GA,32.84386,-83.598686
71067,7-ELEVEN #41219,I-385 EXIT 9,Laurens,SC,30,3.099,Laurens,SC,34.500714,-82.026774
71071,KWIK TRIP #1074,SR-35,Somerset,WI,448,3.524,Somerset,WI,45.133064,-92.686466
71072,LOVES TRAVEL STOP #801,I-75 EXIT 102,Cordele,GA,10,3.309,Cordele,GA,31.963333,-83.7825
71073,LOVES TRAVEL STOP #803,I-57 EXIT 54B,Marion,IL,540,3.739,Marion,IL,37.725662,-88.929447
71074,Speedway #7764,SR-72 & SR-25,Dundee,IL,293,3.279,Dundee,IL,42.096197,-88.290202
71075,TEXAS TRAVEL CENTER,"I-35, EXIT 277",Jarrell,TX,595,2.83233333,Jarrell,TX,30.748406,-97.600833
71076,Kwik Star #589,US-151,Marion,IA,380,3.524,Marion,IA,42.041095,-91.594135
71077,COMMUNITY CO OPS LAKE PARK,US-10,Lake Park,MN,341,3.509,Lake Park,MN,46.817623,-96.067047
71079,DK,SR-375,El Paso,TX,640,2.699,El Paso,TX,31.758411,-106.478311
71080,BIG INDIAN SMOKE SHOP,I-90 & US-20,Irving,NY,38,2.929,Irving,NY,42.573866,-79.059634
71083,SPRINT FOOD #701,US-78,Augusta,GA,195,3.22566666,Augusta,GA,33.511692,-82.099505
71084,FIESTA MART #42,US-75,Tulsa,OK,560,3.16566666,Tulsa,OK,36.05566,-96.060229
71085,Sunoco,SR-49,Greenville,OH,317,3.599,Greenville,OH,40.098726,-84.634189
71086,THORNTONS #318,SR-59 & SR-38,West Chicago,IL,290,3.649,West Chicago,IL,41.888558,-88.202168
71087,HALF SUN TRAVEL PLAZA,"I-90, EXIT 176",Moses Lake,WA,920,3.569,Moses Lake,WA,47.137363,-119.289149
71088,KARDES,US-151,Monticello,IA,335,3.399,Monticello,IA,42.232591,-91.198901
71090,CEFCO #2076,US-60 & SR-207,Panhandle,TX,585,2.94566666,Panhandle,TX,35.380841,-101.43037
71091,BREAK TIME #3163,US-63 & CR-M,Moberly,MO,310,3.46233333,Moberly,MO,39.420239,-92.435793
71094,BP,US-63 & SR-137,Eddyville,IA,320,3.379,Eddyville,IA,41.153266,-92.622052
71095,HOBO PANTRY #29,US-84/SR-12 & SR-95,Gordon,AL,20,3.659,Gordon,AL,31.10019,-85.123412
71096,GAS N WASH,US-30 & SR-394,Chicago Heights,IL,365,3.499,Chicago Heights,IL,41.506202,-87.613209
71097,THORNTONS #329,"I-55, EXIT 267 & SR-53",Romeoville,IL,290,3.309,Romeoville,IL,41.6475,-88.089444
71098,DANDY MINI MART #74,US-6 & SR-187,Wysox,PA,32,3.999,Wysox,PA,41.782621,-76.383397
71099,THORNTONS #336,"I-57, EXIT 335 & SR-50",Monee,IL,365,3.349,Monee,IL,41.419133,-87.77484
71101,FOOD N FUEL,"I-55, EXIT 244 & SR-53",Elwood,IL,365,3.499,Elwood,IL,41.426018,-88.08642
71102,365 Food and Fuel,"I-35W/US-287, EXIT 54A & SR-183",Fort Worth,TX,637,2.97566666,Fort Worth,TX,32.7469,-97.3268
71103,FAT DOGS NORTH PLATTE SOUTH,"I-80, EXIT 177 & US-83",North Platte,NE,475,3.074,North Platte,NE,41.132595,-100.774631
71104,SPINX #364,"I-26, EXIT 194",Summerville,SC,475,3.399,Summerville,SC,33.028045,-80.173852
71105,SHEPHERD 700,US-64 & CR-450,Alva,OK,337,3.219,Alva,OK,36.801564,-98.672162
71106,SECURITY OIL,"I-135, EXIT 10B & SR-96",Wichita,KS,570,3.299,Wichita,KS,37.6898,-97.3415
71107,SPARKYS ONE STOP,"US-20, EXIT 96 & SR-4",Rockwell City,IA,343,3.21566666,Rockwell City,IA,42.396126,-94.629219
71108,Stuckeyâ€™s Travel Center West,"I-10, EXIT 819 & FM-1663",Anahuac,TX,610,2.80733333,Anahuac,TX,29.780987,-94.554819
71109,KWIK TRIP #1067,"SR-13, BETWEEN FAIRWAY & TRINITY DR",Phillips,WI,295,3.31566666,Phillips,WI,45.697463,-90.404131
71110,KWIK TRIP #1121,"I-94 & SR-26, EXIT 267",Watertown,WI,420,3.289,Watertown,WI,43.194722,-88.728889
71111,MAPCO #5167,"I-59, EXIT 21B & SR-35",Fort Payne,AL,285,3.479,Fort Payne,AL,34.436792,-85.712394
71112,BERKSHIRE ENERGY,"I-91, EXIT 8 & SR-80",New Haven,CT,100,3.549,New Haven,CT,41.308,-72.9286
71113,PLATEU TRAVEL PLAZA,"I-95, EXIT 39A & US-1",Madras,OR,935,3.359,Madras,OR,44.637579,-121.134924
71114,SHEETZ #672,"I-95, EXIT 11B & SR-606",Woodford,VA,180,2.899,Woodford,VA,38.084664,-77.439879
71115,FASTBREAK #6,US-50/US-151 & US-41,Vincennes,IN,510,4.039,Vincennes,IN,38.67344,-87.509806
71116,CEFCO #101,US-59 & SR-49,Jefferson,TX,766,2.899,Jefferson,TX,32.779863,-94.371217
71117,AM-PM TRUCK STOP,"I-520/SR-415, EXIT 9 & SR-56",Augusta,GA,135,3.359,Augusta,GA,33.511692,-82.099505
71118,THORNTONS #0331,"I-35/US-51, EXIT 3 & CR-9",Roscoe,IL,520,3.419,Roscoe,IL,42.421659,-88.99433
71119,PARKER'S #69 (DISCOUNT AVAILABLE),"I-95/SR-405, EXIT 102 & US-80",Pooler,GA,195,3.12233333,Pooler,GA,32.114931,-81.251958
71120,GAS PRO TRAVEL CENTER,US-25 & SR-56,Waynesboro,GA,135,3.799,Waynesboro,GA,33.101254,-81.990797
71121,HAT CREEK TRAVEL,"I-10/US-70, EXIT 82A & US-180",Deming,NM,640,2.919,Deming,NM,32.231808,-107.746559
71123,ONE9 XPRESS FUEL #1264,"I-10, EXIT 203",Eloy,AZ,930,3.139,Eloy,AZ,32.750929,-111.583275
71124,LOVES TRAVEL STOP #761,"I-10, EXIT 343 & US-301",Jacksonville,FL,75,3.849,Jacksonville,FL,30.3163,-81.4175
71126,QUIKTRIP #1177,I-77 & US-21,Blythewood,SC,46,3.07566666,Blythewood,SC,34.191112,-80.975756
71127,QUIKTRIP #4044,"I-10, EXIT 609",Seguin,TX,740,2.94566666,Seguin,TX,29.561316,-97.962801
71129,Queens Market,"I-85, EXIT 41 & SR-2480",Charlotte,NC,46,3.499,Charlotte,NC,35.2269,-80.8433
71131,7-ELEVEN #38816,"I-85, EXIT 66 & US-29",Spartanburg,SC,210,3.30566666,Spartanburg,SC,34.935211,-81.965377
71132,CEFCO #104,US-259 & SR-315,Mount Enterprise,TX,618,2.959,Mount Enterprise,TX,31.9125,-94.623505
71133,AMIGOS TRAVEL CENTER,"I-35, EXIT 85 & FM-117",Dilley,TX,740,3.399,Dilley,TX,28.678201,-99.174684
71134,ALLSUPS CONVENIENCE STORE #2376,US-54/US-285 & US-60,Vaughn,NM,580,3.499,Vaughn,NM,34.624074,-105.192558
71136,CIRCLE K #2706788,"I-795, EXIT 22 & US-70, EXIT 356",Goldsboro,NC,205,3.39233333,Goldsboro,NC,35.382585,-78.015813
71138,LUMMI BAY MARKET,"I-5, EXIT 260",Bellingham,WA,850,3.759,Bellingham,WA,48.748957,-122.488676
71139,GAS N WASH,SR-47 & CR-9,Yorkville,IL,290,3.599,Yorkville,IL,41.638725,-88.443794
71140,BP,"I-94, EXIT 267 & SR-26, EXIT 30",Jefferson,WI,420,3.209,Jefferson,WI,43.000557,-88.807765
71141,CASEYS #3901,"I-55, EXIT 178 & CR-23",Lexington,IL,368,3.339,Lexington,IL,40.635685,-88.806203
71142,LOVES TRAVEL STOP #775,US-20 & SR-2,Rockford,IL,520,3.229,Rockford,IL,42.292233,-89.116118
71143,CASEYS #3904,SR-141,Manning,IA,319,3.209,Manning,IA,41.907248,-95.055622
71144,CASEYS #3675,US-12 & US-75,Ortonville,MN,250,3.379,Ortonville,MN,45.329621,-96.45965
71145,CASEYS #3905,I-74/US-421 EXIT 113,Shelbyville,IN,372,3.599,Shelbyville,IN,39.50434,-85.787515
71146,CASEYS #2968,US-34,Eagle,NE,413,3.239,Eagle,NE,40.816909,-96.428965
71147,CASEYS #3910,US-177 & SR-33,Perkins,OK,560,3.01566666,Perkins,OK,35.97684,-97.044059
71148,CASEYS #1892,US-65,Sheffield,IA,433,3.15233333,Sheffield,IA,42.877881,-93.215583
71149,KOUNTRY KORNER,SR-20,Mount Pleasant,MI,260,3.619,Mount Pleasant,MI,43.6025,-84.7752
71150,LOVES TRAVEL STOP #812,"I-84, EXIT 141",Bliss,ID,785,3.78566666,Bliss,ID,42.944859,-114.910387
71151,LOVES TRAVEL STOP #880,US-50 & SR-130,Olney,IL,510,3.189,Olney,IL,38.733389,-88.080936
71152,LOVES TRAVEL STOPS #841,"US-24, EXIT 41",Napoleon,OH,550,3.689,Napoleon,OH,41.390969,-84.143271
71153,KWIK TRIP #1083,SR-35,Osceola,WI,451,3.499,Osceola,WI,45.321757,-92.697108
71154,KWIK TRIP #489,CR-3,DUNDAS,MN,448,3.499,Dundas,MN,44.395537,-93.20369
71155,KWIK TRIP #1124,"SR-16, EXIT 184",Sussex,WI,444,3.37733333,Sussex,WI,43.144059,-88.227064
71158,CIRCLE K #2707533,"SR-570, EXIT 3 & SR-572",Lakeland,FL,225,3.53233333,Lakeland,FL,28.038134,-81.939153
71160,CIRCLE K #4706316,"I-96, EXIT 46  & SR-6, EXIT 15",Caledonia,MI,371,3.639,Caledonia,MI,42.796395,-85.562167
71161,CIRCLE K #2720931,"I-95, EXIT 107 & US-301",Kenly,NC,205,3.149,Kenly,NC,35.607742,-78.138227
71162,CIRCLE K #4705694,US-20 & CR-245,Norwalk,OH,305,3.614,Norwalk,OH,41.240314,-82.60785
71163,DANDY MINI MART #68,"I-86/SR-17, EXIT 51A & CR-64",Elmira,NY,32,3.899,Elmira,NY,42.100769,-76.811977
71164,DANDY MINI MART #59,SR-287,Middlebury Center,PA,138,3.999,Middlebury Center,PA,41.891706,-77.314764
71165,PALMETTO EXPRESS #115,"I-26, EXIT 125 & US-176",Gaston,SC,135,3.199,Gaston,SC,33.833712,-81.117395
71166,MAVERIK COUNTRY STORE #616,US-50,Montrose,CO,810,3.39566666,Montrose,CO,38.46783,-107.875182
71167,LOVES TRAVEL STOP #768,"I-55, EXIT 247",Channahon,IL,290,3.349,Channahon,IL,41.434664,-88.213786
71168,LOVES TRAVEL STOP #797,"I-80, EXIT 176",Winnemucca,NV,966,3.744,Winnemucca,NV,40.966418,-117.746693
71169,LOVES TRAVEL STOP #879,"I-69 EXIT,286 & US-24 & SR-9",Huntington,IN,370,3.50066666,Huntington,IN,40.881128,-85.505438
71170,LOVES TRAVEL STOP #849,"I-94, EXIT 292 & CR-21",Valley City,ND,390,3.969,Valley City,ND,46.92681,-98.003316
71171,TEXSTAR TRAVEL CENTER,I-35 EXIT 302,Temple,TX,765,2.91233333,Temple,TX,31.089518,-97.334264
71172,ZIPPY JS #18,CR-577 & CR-80,Brenham,TX,670,3.199,Brenham,TX,30.17736,-96.402769
71173,ENMARKET #828,"I-95/SR-405, EXIT 102 & US-80",Pooler,GA,195,3.08233333,Pooler,GA,32.114931,-81.251958
71176,QUIKTRIP #1710,US-23/SR-365,Gainesville,GA,16,3.34566666,Gainesville,GA,34.307269,-83.825596
71177,COMO TRAVEL CENTER,"I-55, EXIT 257 & SR-310",Como,MS,435,3.079,Como,MS,34.513728,-89.915508
71179,7-ELEVEN #41332,"I-26, EXIT 76 & SR-219",Newberry,SC,210,3.33233333,Newberry,SC,34.284661,-81.615741
71181,7-ELEVEN #38637,"I-85, EXIT 72 & I-585/US-176",Spartanburg,SC,210,3.11566666,Spartanburg,SC,34.935211,-81.965377
71185,SHEETZ #698,"I-78/US-22, EXIT 45 & SR-863",Kutztown,PA,90,3.329,Kutztown,PA,40.521354,-75.777395
71186,7-ELEVEN #36837,US-29 & SR-904,Anderson,SC,30,3.089,Anderson,SC,34.526051,-82.630436
71187,KWIK TRIP #1041,SR-11 & CR-H,Sturtevant,WI,444,3.794,Sturtevant,WI,42.69673,-87.903082
71188,QUIKTRIP #1722,"I-75, EXIT 153",Macon,GA,85,3.089,Macon,GA,32.84386,-83.598686
71189,QUIKTRIP #1198,"I-20, EXIT 55",Lexington,SC,135,3.129,Lexington,SC,33.981389,-81.236389
71190,LOVES TRAVEL STOPS #888,"I-80/US-30, EXIT 85 & SR-374",Green River,WY,835,3.589,Green River,WY,41.51959,-109.471445
71191,MAVERIK COUNTRY STORE #631,I-80/5600 WEST,Salt Lake City,UT,835,3.459,Salt Lake City,UT,40.755851,-111.896657
71193,ASAP GENERAL STORE #308,US-60 & SR-123,Bartlesville,OK,560,3.191,Bartlesville,OK,36.743956,-95.992091
71194,ASAP GENERAL STORE #104,"I-40, EXIT 84 & US-54",Weatherford,OK,483,3.13233333,Weatherford,OK,35.535046,-98.699603
71195,ASAP GENERAL STORE #301,"I-40, EXIT 108 & US-281/SR-8",Geary,OK,483,3.13233333,Geary,OK,35.621709,-98.390529
71196,ASAP GENERAL STORE #302,SR-33 & SR 54,Thomas,OK,483,3.13233333,Thomas,OK,35.738165,-98.738842
71197,ASAP GENERAL STORE #304,US-60/SR-51 & US-283,Arnett,OK,483,3.23233333,Arnett,OK,36.120524,-99.73266
71198,LOVES TRAVEL STOP #844,"I-90, EXIT 233 & SR-74",Saint Charles,MN,515,3.569,Saint Charles,MN,43.958481,-92.051738
71199,LOVES TRAVEL STOP #814,"I-22, EXIT 14 & CR-35",Hamilton,AL,576,3.55566666,Hamilton,AL,34.153413,-88.008521
71200,LOVES TRAVEL STOP #730,"I-80, EXIT 440 & SR-50",Omaha,NE,319,3.28066666,Omaha,NE,41.261,-95.9376
71201,PRIDE TRAVEL CENTER,I-91 EXIT 33,Hartford,CT,100,3.509,Hartford,CT,41.7636,-72.6855
71202,QUIKTRIP #1181,"I-26, EXIT 154B & US-301",Orangeburg,SC,42,3.23566666,Orangeburg,SC,33.502545,-80.859282
71206,JACKSONS FOOD STORES #138,US-95/SR-339 & SR-208,Yerington,NV,966,3.679,Yerington,NV,38.986567,-119.159558
71207,GAS N WASH,"I-80, EXIT 148B & SR-43",Tinley Park,IL,365,3.499,Tinley Park,IL,41.5963,-87.8434
71208,RACEWAY #6789,US-301 & SR-150,Richmond                                ,VA,180,3.429,Richmond,VA,37.453158,-77.469798
71209,RACETRAC #2529,"I-75, EXIT 285 & SR-52",San Antonio,FL,225,3.31566666,San Antonio,FL,28.337139,-82.288237
71210,RACETRAC #2515,I-820 & BUS-287,Fort Worth,TX,630,2.87733333,Fort Worth,TX,32.7469,-97.3268
71211,KUM & GO #0138,US-67,Jacksonville,AR,695,3.099,Jacksonville,AR,34.881985,-92.130435
71212,KUM & GO #0426,BUS-71,Springdale,AR,735,3.149,Springdale,AR,36.183521,-94.176216
71213,KUM & GO #0429,US-62,Rogers,AR,735,3.009,Rogers,AR,36.336316,-94.114784
71214,MAVERIK #5317,"I-76, EXIT 22",Brighton,CO,800,3.234,Brighton,CO,39.980553,-104.810278
71215,MAVERIK #5319,SR-392 & SR-257,Windsor,CO,800,3.159,Windsor,CO,40.483663,-104.899442
71216,Maverik Country Store #5337,"I-35, EXIT 102 & SR-210",Huxley,IA,320,3.09233333,Huxley,IA,41.899434,-93.602381
71217,KUM & GO #0185,US-65,Bondurant,IA,320,3.095,Bondurant,IA,41.70166,-93.452689
71218,KUM & GO #1435,US-65,Fair Grove,MO,535,3.15566666,Fair Grove,MO,37.372143,-93.142824
71219,KUM & GO #1568,"I-44, EXIT 156",Waynesville,MO,535,3.099,Waynesville,MO,37.817515,-92.198944
71221,LOVES TRAVEL STOP #786,I-435 EXIT 55,Kansas City,MO,400,3.389,Kansas City,MO,39.163189,-94.569882
71223,SCOOBA JUNCTION,US-45 & SR-16,Scooba                                  ,MS,705,3.21566666,Scooba,MS,32.840197,-88.488272
71227,TEX BEST #529,SR-16 & SR-1604,Von Ormy,TX,740,3.049,Von Ormy,TX,29.274979,-98.667741
71228,SHELL,"I-80, EXIT 279 & SR-10",Gibbon                                  ,NE,330,3.299,Gibbon,NE,40.744445,-98.85435
71229,THE PRIDE OF PALATINE,"I-90, EXIT 65 & SR-62",Palatine,IL,290,3.399,Palatine,IL,42.1258,-88.0764
71230,THE PRIDE OF LAKE COUNTY,US-12 & SR-53,Lake Zurich,IL,290,3.349,Lake Zurich,IL,42.196721,-88.070299
71232,GATEWAY TRAVEL CENTER,US-16 & US-85,Newcastle,WY,822,3.324,Newcastle,WY,43.851098,-104.226205
71233,Fuel America Travel Center #2,"I-35, EXIT 32",Encinal,TX,693,3.049,Encinal,TX,28.051329,-99.340902
71234,CHEVRON #352305,I-610 & SR-47,Chalmette,LA,725,3.139,Chalmette,LA,29.946611,-89.961137
71239,CASEYS #3926,"I-29, EXIT 84 & SR-118",Mound City,MO,400,3.15733333,Mound City,MO,40.136238,-95.213837
71240,LOVES TRAVEL STOP #764,I-24 EXIT 117 ,Hillsboro,TN,285,3.32566666,Hillsboro,TN,35.369933,-85.972422
71241,WEIGLES #58,"I-40, Exit 356A & SR-58",Kingston                                ,TN,405,3.169,Kingston,TN,35.852807,-84.497054
71242,LAST STOP TRAVEL CENTER,US-93,Willow Beach,AZ,910,3.49566666,Willow Beach,AZ,35.8316,-114.4441
71244,MAVERIK COUNTRY STORE #644,"I-84/I-15, EXIT 344 & SR-39",Ogden,UT,835,3.37233333,Ogden,UT,41.2443,-112.0072
71245,MAVERIK COUNTRY STORE #651,"I-15, EXIT 67 & US-30",Pocatello,ID,825,3.40233333,Pocatello,ID,42.887592,-112.438142
71246,TOOT N TOTUM #99,I-40 EXIT 75,Amarillo,TX,585,3.04566666,Amarillo,TX,35.203238,-101.842052
71247,LOVES TRAVEL STOP #848,"I-59, Exit 104",Sandersville,MS,705,3.16233333,Sandersville,MS,31.786389,-89.032222
71248,RACETRAC #2560,"I-4, EXIT-55",Davenport,FL,140,3.289,Davenport,FL,28.22,-81.6205
71249,RACETRAC #2589,"I-20, EXIT 185",Oxford,AL,587,2.999,Oxford,AL,33.596829,-85.83347
71250,NAVAJO BLUE TRAVEL CENTER,I-40 EXIT 219,Flagstaff,AZ,930,3.609,Flagstaff,AZ,35.185911,-111.661979
71251,RUTTERS #91,US-30 & SR-772,Gap,PA,208,4.199,Gap,PA,40.002018,-75.997801
71252,QUIKTRIP #1178,"I-26, EXIT 54 & SR-72",Clinton,SC,210,3.099,Clinton,SC,34.470692,-81.87717
71253,QUIKTRIP #4066,"I-35, EXIT 122 & SR-173",Devine,TX,740,2.96566666,Devine,TX,29.152078,-98.908994
71255,Fuel N Treat,"I-70/US-40, EXIT 84 & CR-J",Nelson                                  ,MO,401,3.284,Nelson,MO,39.010447,-93.031102
71256,SIGNAL FOOD STORE #120,US-60,Seymour                                 ,MO,535,3.02566666,Seymour,MO,37.166726,-92.785659
71257,FARMERS UNION SOUTHERN VALLEY,US-75 & SR-210,Wahpeton                                ,ND,341,3.499,Wahpeton,ND,46.2651,-96.6133
71259,LOVES TRAVEL STOP #846,I-10 EXIT 10,Irvington,AL,715,3.16566666,Irvington,AL,30.480241,-88.239563
71260,LOVES TRAVEL STOP #881,US HWY 224 & OH 225,Diamond,OH,573,3.45233333,Diamond,OH,41.093473,-81.0425
71261,Una Travel Center,I-94 EXIT 228,Roseville,MI,325,3.899,Roseville,MI,42.503423,-82.93868
71262,LOVES TRAVEL STOP #892,"I-70, EXIT 118 & SR-310",Etna,OH,315,3.46066666,Etna,OH,39.957222,-82.681944
71263,Loves Travel Stop # 660,"I-25, Exit 49",Walsenburg,CO,796,4.249,Walsenburg,CO,37.638159,-104.804301
71264,MAVERIK COUNTRY STORE #649,I-25/US-85 EXIT 220 & SR-500,Albuquerque,NM,580,3.20566666,Albuquerque,NM,35.0936,-106.6423
71265,U SAVE FOOD STORES 1,SR-39/SR-55,Richwood,WV,44,3.599,Richwood,WV,38.222988,-80.544481
71266,LOVES TRAVEL STOP #787,"I-81, EXIT 30 & SR-70 ",Mosheim,TN,405,3.55566666,Mosheim,TN,36.183883,-82.967399
71267,LOVES TRAVEL STOP #878,"US-131/SR-43, EXIT 44",Kalamazoo,MI,431,3.589,Kalamazoo,MI,42.273565,-85.545653
71268,MAVERIK COUNTRY STORE #650,SR 85 & W 900 S,West Jordan,UT,835,3.43233333,West Jordan,UT,40.625429,-111.967662
71269,Maverik Country Store #652,I-84 & SR 79,Jerome,ID,787,3.394,Jerome,ID,42.71784,-114.501244
71270,QUIKTRIP #7904,I-20 EXIT 285 ,Abilene,TX,575,2.87566666,Abilene,TX,32.468155,-99.718208
71271,MAVERIK COUNTRY STORE #672,SR-69,Dewey                                   ,AZ,930,3.219,Dewey,AZ,34.536753,-112.256665
71275,ALLSUPS CONVENIENCE STORE #2272,US-67/US-84,Bangs,TX,575,2.93233333,Bangs,TX,31.768388,-99.107657
71276,Circle K #2706617,I-4 EXIT 28,Lakeland,FL,225,3.25066666,Lakeland,FL,28.038134,-81.939153
71277,CIRCLE K #2706619,I-75 EXIT 354,Ocala,FL,140,3.45733333,Ocala,FL,29.1981,-82.0974
71278,Kwik Trip #1506,SR-26,Fort Atkinson,WI,420,3.57733333,Fort Atkinson,WI,42.922902,-88.846689
71281,Pride (One9 Fuel Network) #1213,"I-40, Exit 25",Yucca,AZ,910,3.559,Yucca,AZ,34.872222,-114.148611
71282,QuikTrip #4128,SR-71,Bastrop,TX,595,2.96566666,Bastrop,TX,30.13883,-97.292101
71283,QUIKTRIP #7135,US-17 ,Hardeeville,SC,195,2.999,Hardeeville,SC,32.263512,-81.066865
71284,Loves Travel Stop #889,"I-22, Exit 30",Holly Springs,MS,435,3.31566666,Holly Springs,MS,34.7687,-89.4483
71285,Shrees Truck Stop Seattle,SR-509,Seattle,WA,962,3.799,Seattle,WA,47.611435,-122.330456
71286,RACETRAC #2323,I-75 EXIT 128,Fort Myers,FL,225,3.299,Fort Myers,FL,26.620403,-81.8725
71287,RACETRAC #482,I-310 EXIT 2A,Saint Rose                              ,LA,725,3.12566666,Saint Rose,LA,29.958074,-90.312432
71288,SHEETZ #700,"I-270, EXIT 49 & SR-317",Groveport,OH,315,3.059,Groveport,OH,39.858137,-82.887219
71289,7-ELEVEN #38835,I-75 EXIT 139,Fort Myers,FL,225,3.599,Fort Myers,FL,26.620403,-81.8725
71290,LOVES TRAVEL STOP #808,"US-19/SR-3, EXIT 3 & US-82",Albany,GA,10,3.789,Albany,GA,31.567783,-84.161923
71291,HUCKS FOOD & FUEL #351,"I-57, Exit 116",Salem                                   ,IL,574,3.099,Salem,IL,38.626421,-88.948077
71295,MOUNTAINEER MART #33,US-33/119,Buckhannon,WV,44,3.899,Buckhannon,WV,38.98407,-80.217824
71298,QUIKTRIP #1923,"I-45, EXIT 229",Corsicana,TX,641,2.849,Corsicana,TX,32.0322,-96.3483
71299,QUIKTRIP #7903,"I-35, EXIT 331",Waco,TX,765,2.95566666,Waco,TX,31.552452,-97.139608
71300,SPEEDWAY #1407,"I-94, EXIT 145",Jackson,MI,385,3.549,Jackson,MI,42.254522,-84.387476
71301,Atlanta IL Visitors Center,I-55 EXIT 140,Atlanta,IL,280,3.399,Atlanta,IL,40.258624,-89.230021
71302,KWIK STAR #1107,I-380 EXIT 18 ,Cedar Rapids,IA,380,3.574,Cedar Rapids,IA,41.9743,-91.655382
71303,KWIK TRIP #1132,SR-21 ,Omro,WI,582,3.37733333,Omro,WI,44.035678,-88.751933
71305,AMIGO'S COUNTRY STORE,"I-35, EXIT 122 & SR-173",Devine,TX,740,3.099,Devine,TX,29.152078,-98.908994
71307,Speedway #1221,"I-24/69, EXIT 27 & US-62",Calvert City,KY,415,3.449,Calvert City,KY,37.014741,-88.381115
71308,QUIKTRIP #7145,"I-40, EXIT 239A",Lebanon,TN,460,2.91566666,Lebanon,TN,36.209792,-86.302367
71309,SUGAR CROSSING CONVENIENCE,US-33 & CR-63,Lancaster,OH,315,3.38233333,Lancaster,OH,39.718697,-82.603074
71310,CIRCLE K #2722120,US-441/27,Summerfield,FL,140,3.52566666,Summerfield,FL,28.9958,-82.0214
71311,CIRCLE K #708,"I-85, EXIT 64 & US-29",Opelika,AL,50,3.26566666,Opelika,AL,32.627771,-85.358629
71313,LOVES TRAVEL STOP  #821,"US-70, Exit W Main St",Durant,OK,253,3.489,Durant,OK,34.00609,-96.384705
71314,Loves Travel Stop  #806,I-20 Exit 124,Monroe,LA,760,3.16733333,Monroe,LA,32.528551,-92.106104
71315,KWIK TRIP #1062,SR-33 ,West Bend                               ,WI,444,3.55566666,West Bend,WI,43.425278,-88.183333
71316,KWIK TRIP #1084,SR-97,Marshfield,WI,395,3.47566666,Marshfield,WI,44.6688,-90.1716
71318,LOVES TRAVEL STOP  #800,SR-83 ,Elk Grove Village,IL,290,3.379,Elk Grove Village,IL,42.005613,-88.012775
71319,LOVES TRAVEL STOP #868,"I-95, EXIT 223 ",Mims,FL,143,3.689,Mims,FL,28.697383,-80.866278
71320,TA EXPRESS EDGERTON #284,I-35 EXIT 205 ,Edgerton,KS,400,3.699,Edgerton,KS,38.781084,-95.009377
71321,Kwik Star #1119,US-18 ,Emmetsburg                              ,IA,433,3.449,Emmetsburg,IA,43.108249,-94.682545
71322,KWIK TRIP #1101,US-141,Crivitz,WI,582,3.304,Crivitz,WI,45.254053,-88.061265
71323,MAVERIK COUNTRY STORE #517,SR-114 & E MILL RD,Orem,UT,835,3.44066666,Orem,UT,40.313407,-111.695293
71324,7-ELEVEN #38992,"I-85/US-29, EXIT 40 & I-185, EXIT 12",Piedmont,SC,30,3.499,Piedmont,SC,34.724433,-82.470216
71325,QUIKTRIP #7223,"I-20, EXIT 23 & SR-782-2",Bossier City,LA,745,2.89233333,Bossier City,LA,32.544924,-93.703826
71326,CIRCLE K #4705730,"I-480 & SR-82, EXIT 36",Twinsburg,OH,249,3.989,Twinsburg,OH,41.328851,-81.455912
71327,MAVERIK COUNTRY STORE #668,"I-80, EXIT 313",Laramie,WY,795,3.24566666,Laramie,WY,41.312907,-105.581146
71328,IRVING,US-1  ,Norwood,MA,170,3.694,Norwood,MA,42.186843,-71.203313
71329,SPEEDWAY #1439,I-20 Exit 100,Mc Calla,AL,615,2.90233333,Mc Calla,AL,33.284546,-87.102379
71330,JORDAN MINI MART,SR- 31 & CR-59,Jordan,NY,220,3.799,Jordan,NY,43.065141,-76.45978
71331,KWIK TRIP #1106,SR-13 & SR-64,Medford,WI,395,3.42233333,Medford,WI,45.151185,-90.350306
71332,ALLSUPS CONVENIENCE STORE #2308,SR-128 & SR-18,Jal,NM,710,3.129,Jal,NM,32.112816,-103.199724
71333,ALLSUPS CONVENIENCE STORE #2105,"I-20, EXIT 332 & US-183",Cisco,TX,575,2.929,Cisco,TX,32.380043,-98.986507
71334,ALLSUPS CONVENIENCE STORE #2278,SR-302 & SR-18,Kermit,TX,710,3.089,Kermit,TX,31.85496,-103.091269
71335,ALLSUPS CONVENIENCE STORE #2367,"I-27/US-87, EXIT 49B & US-70",Plainview,TX,585,2.909,Plainview,TX,34.196194,-101.725896
71336,ALLSUPS CONVENIENCE STORE #2180,US-84 & US-180,Snyder,TX,612,2.98566666,Snyder,TX,32.715105,-100.907485
71337,ALLSUPS CONVENIENCE STORE #2229,US-377 & SR-108,Stephenville,TX,630,3.159,Stephenville,TX,32.221372,-98.222407
71338,KWIK TRIP #755,US-18 ,Fennimore                               ,WI,335,3.424,Fennimore,WI,42.988558,-90.655009
71339,CASEYS #3934,"I-35, EXIT 89 & CO-R6F",Ankeny,IA,320,3.099,Ankeny,IA,41.72755,-93.602175
71340,KWIK TRIP #180,US-14/SR-68,New Ulm,MN,425,3.349,New Ulm,MN,44.304378,-94.464421
71341,QUIKTRIP #7147,"I-40, EXIT 172 & SR-46",Dickson,TN,460,2.91566666,Dickson,TN,36.076014,-87.399532
71342,CASEYS #3505,US-212 ,Stewart                                 ,MN,425,3.369,Stewart,MN,44.725928,-94.451572
71343,ALLSUPS CONVENIENCE STORE #2014,US-377/US-67,Dublin,TX,630,3.159,Dublin,TX,32.090873,-98.345469
71344,ALLSUPS CONVENIENCE STORE #2061,US-84 & US-380,Post,TX,700,2.944,Post,TX,33.201695,-101.39216
71345,ALLSUPS CONVENIENCE STORE #2084,US-377 & CR-234,Brownwood,TX,575,2.949,Brownwood,TX,31.704658,-98.975164
71346,ALLSUPS CONVENIENCE STORE #2094,US-277 & US-83,Abilene,TX,575,2.889,Abilene,TX,32.468155,-99.718208
71347,ALLSUPS CONVENIENCE STORE #2128,"I-20, EXIT 301 & CR-276",Clyde,TX,575,2.889,Clyde,TX,32.380289,-99.518445
71348,ALLSUPS CONVENIENCE STORE #2142,US-62/US-180,Hobbs,NM,593,3.38233333,Hobbs,NM,32.72217,-103.137246
71349,ALLSUPS CONVENIENCE STORE #2204,SR-115 & CR-201,Wink,TX,710,3.089,Wink,TX,31.752673,-103.156084
71350,ALLSUPS CONVENIENCE STORE #2206,US-385 & SR-176,Andrews,TX,710,3.39233333,Andrews,TX,32.320125,-102.540926
71351,ALLSUPS CONVENIENCE STORE #2207,US-377/US-67 & SR-36,Comanche,TX,575,3.159,Comanche,TX,31.911637,-98.608227
71352,ALLSUPS CONVENIENCE STORE #2223,US-285 & SR-357,Artesia,NM,700,3.399,Artesia,NM,32.838355,-104.407401
71353,ALLSUPS CONVENIENCE STORE #2246,US-84 & SR-268,Melrose,NM,585,3.81233333,Melrose,NM,34.44787,-103.632507
71354,ALLSUPS CONVENIENCE STORE #2247,US-377 & SR-16,Comanche,TX,575,3.16233333,Comanche,TX,31.911637,-98.608227
71355,ALLSUPS CONVENIENCE STORE #2249,US-377 & US-281 ,Stephenville,TX,630,3.159,Stephenville,TX,32.221372,-98.222407
71356,ALLSUPS CONVENIENCE STORE #2266,I-20 & US-285 ,Pecos,TX,710,3.379,Pecos,TX,31.414384,-103.508129
71357,ALLSUPS CONVENIENCE STORE #2279,SR-115 & SR-18,Kermit,TX,710,3.089,Kermit,TX,31.85496,-103.091269
71358,ALLSUPS CONVENIENCE STORE #2285,US-285 & US-62,Carlsbad,NM,593,3.194,Carlsbad,NM,32.411867,-104.239539
71359,ALLSUPS CONVENIENCE STORE #2350,"I-20, EXIT 285 & US-83",Abilene,TX,575,2.87566666,Abilene,TX,32.468155,-99.718208
71360,ALLSUPS CONVENIENCE STORE #2353,US-76/US-277,San Angelo,TX,612,3.19566666,San Angelo,TX,31.478165,-100.481752
71361,ALLSUPS CONVENIENCE STORE #2358,US-277/US-87,Wall,TX,612,3.20566666,Wall,TX,31.369445,-100.322132
71362,ALLSUPS CONVENIENCE STORE #2359,US-377/US-67 & CR-498,Stephenville,TX,630,3.159,Stephenville,TX,32.221372,-98.222407
71363,ALLSUPS CONVENIENCE STORE #2360,FM-988 & FM-8,Stephenville,TX,630,3.159,Stephenville,TX,32.221372,-98.222407
71364,QUICK FUEL #3188,I-75 ,Sidney,OH,317,3.33233333,Sidney,OH,40.287357,-84.162223
71365,COLES BP,SR 49,Brownsville,WI,582,3.099,Brownsville,WI,43.610934,-88.509729
71366,AMOCO,SR 31,Kenosha,WI,444,3.719,Kenosha,WI,42.605228,-87.829945
71367,ROAD RANGER #280,"I-20, EXIT 79 & SR-464",Monahans,TX,710,3.459,Monahans,TX,31.581294,-102.900273
71368,Kwik Star #1071,I-280 E and US-61 N,Davenport,IA,270,3.324,Davenport,IA,41.5218,-90.5743
71369,MR GAS TRAVEL CENTER #21,I-84 EXIT 59A,Boise,ID,785,3.69566666,Boise,ID,43.6136,-116.2025
71370,MAVERIK COUNTRY STORE #645,"I-40, Exit 16",Gallup,NM,580,3.159,Gallup,NM,35.506475,-108.741352
71371,BREAK TIME #3167,US-65 & HWY-HH,Sedalia,MO,310,3.294,Sedalia,MO,38.696076,-93.232268
71372,Simonson Station,US-71 & SR-34,Park Rapids,MN,458,3.599,Park Rapids,MN,46.937682,-95.038299
71376,7-ELEVEN #41127,SR-29,Labelle,FL,95,3.559,Labelle,FL,26.732093,-81.434027
71377,7-ELEVEN #38485,I-76 Exit 25,Brighton,CO,800,3.599,Brighton,CO,39.980553,-104.810278
71378,QUIKTRIP #1410,"I-10, EXIT 136B & SR-202, EXIT 78A",Phoenix,AZ,930,3.369,Phoenix,AZ,33.451,-112.0685
71379,QUIKTRIP #7211,"I-30/US-67/US-70, EXIT 128 ",Little Rock,AR,695,3.049,Little Rock,AR,34.748342,-92.281939
71381,KWIK TRIP #1112,US-63 & SR-77,Hayward,WI,295,3.639,Hayward,WI,46.001404,-91.397659
71382,KWIK TRIP #346,US-151 BUS & CR-G/CR-D,Beaver Dam,WI,582,3.19566666,Beaver Dam,WI,43.461574,-88.840681
71383,Caseys #3940,I-69 & SR 4,Ashley,IN,465,3.59733333,Ashley,IN,41.534651,-85.050385
71384,CASEYS #3944,I-29 & CR-106,Tea,SD,530,3.199,Tea,SD,43.471114,-96.817734
71385,CASEYS #3907,I-675 & SR-235,Fairborn,OH,411,3.679,Fairborn,OH,39.805311,-84.019789
71386,CASEYS #3952,SR-1 & SR-9,Hoopeston,IL,368,3.189,Hoopeston,IL,40.463873,-87.666229
71387,CASEYS #3954,"I-80, Exit 168",Newton,IA,320,3.249,Newton,IA,41.699173,-93.045456
71388,CASEYS #3850,US HWY 77 ,Wahoo,NE,319,3.174,Wahoo,NE,41.211723,-96.621946
71389,SPEEDWAY #1590,"I-95, EXIT 193",Dillon,SC,205,3.12566666,Dillon,SC,34.414553,-79.377015
71390,SPEEDWAY #7269,I-270 EXIT 6B,Granite City,IL,540,3.379,Granite City,IL,38.721572,-90.115822
71391,QUIKTRIP #7210,I-40 EXIT 142,North Little Rock,AR,695,3.049,North Little Rock,AR,34.766974,-92.265376
71392,Loves Travel Stop #834,SR 17 & SR 1,Grant Park,IL,290,3.329,Grant Park,IL,41.247677,-87.647992
71393,CASEYS #3303,HWY 15 AND HWY 55,Kimball,MN,451,3.199,Kimball,MN,45.343584,-94.302837
71394,QUIKTRIP #955,"I-35W, EXIT 26A & US-67",Alvarado,TX,630,2.97566666,Alvarado,TX,32.439499,-97.212971
71395,KWIK TRIP #340,US-18 & SR-23,Dodgeville,WI,420,3.489,Dodgeville,WI,42.969779,-90.140433
71397,RACEWAY #6971,US-82/SR-520,Leesburg,GA,10,3.109,Leesburg,GA,31.681161,-84.159263
71398,KWIK STAR #1089,SR 415,Polk City,IA,320,3.159,Polk City,IA,41.754905,-93.689346
71399,Loves Travel Stop  #809,"I-70 & MO Hwy D, Exit 31",Bates City,MO,400,3.22066666,Bates City,MO,39.021887,-94.07984
71401,KWIK TRIP #1169,"I-694, EXIT 52B & SR-36",Saint Paul,MN,448,3.51566666,Saint Paul,MN,44.902691,-93.096435
71402,FIREBIRD FUEL #6196,US-60 & SR-303,Surprise,AZ,930,3.383,Surprise,AZ,33.630028,-112.33143
71404,Flyers #3200,"I-17, Exit 215B",Phoenix,AZ,930,3.35233333,Phoenix,AZ,33.451,-112.0685
71405,FLYERS #3201,"US-60, Exit 157",Phoenix,AZ,930,3.369,Phoenix,AZ,33.451,-112.0685
71406,FLYERS #3203,"I-10, Exit 139",Phoenix,AZ,930,3.319,Phoenix,AZ,33.451,-112.0685
71407,FLYERS #3204,SR 202,Phoenix,AZ,930,3.35233333,Phoenix,AZ,33.451,-112.0685
71408,Flyers #3205,"I-17, Exit 195B",Phoenix,AZ,930,3.38233333,Phoenix,AZ,33.451,-112.0685
71410,Flyers #3213,"US-60, Exit 181",Mesa,AZ,930,3.35233333,Mesa,AZ,33.43174,-111.846931
71411,Flyers #3214,"I-10, Exit 161C",Chandler,AZ,930,3.35233333,Chandler,AZ,33.330091,-111.863156
71412,FLYERS #3215,SR 87,Chandler,AZ,930,3.35233333,Chandler,AZ,33.330091,-111.863156
71413,Flyers #3216,"US 60, Exit 194",Apache Junction,AZ,930,3.42233333,Apache Junction,AZ,33.3277,-111.3259
71416,FLYERS #3225,"I-10, Exit 255",Tucson,AZ,980,3.359,Tucson,AZ,32.213873,-110.969445
71417,Flyers #3227,"I-10, Exit 263A",Tucson,AZ,980,3.35566666,Tucson,AZ,32.213873,-110.969445
71418,Quick Fuel #3228,"I-10, Exit 264",Tucson,AZ,980,3.36233333,Tucson,AZ,32.213873,-110.969445
71421,FLYERS #3236,"SR 601, Exit 22",El Paso,TX,640,3.229,El Paso,TX,31.758411,-106.478311
71428,KWIK TRIP #1140,SR-69/SR-92 & HWY-CC,Belleville,WI,420,3.604,Belleville,WI,42.866906,-89.53773
71429,QUIKTRIP #1432,SR 202 EXIT 76,Phoenix,AZ,930,3.369,Phoenix,AZ,33.451,-112.0685
71430,QUIKTRIP #7144, US-31W,Goodlettsville,TN,460,2.91566666,Goodlettsville,TN,36.323056,-86.713333
71433,Kwik Star #1146,US HWY 151,Cedar Rapids,IA,380,3.624,Cedar Rapids,IA,41.9743,-91.655382
71434,KWIK STAR #1154,"SR 18 & SR 60, Exit 34",Sheldon,IA,433,3.199,Sheldon,IA,43.180797,-95.840141
71435,QUIKTRIP #1036,I-85 Exit 40,Charlotte,NC,46,3.304,Charlotte,NC,35.2269,-80.8433
71436,GOOD 2 GO #213,I-90 EXIT 58 & US-16,Buffalo,WY,836,3.525,Buffalo,WY,44.34847,-106.70726
71437,GOOD 2 GO #121,I-15 EXIT 113,Idaho Falls,ID,825,3.479,Idaho Falls,ID,43.517679,-111.990626
71438,LOVES TRAVEL STOP #893,US-80 & SR-307,Savannah,GA,195,3.289,Savannah,GA,32.067631,-81.102394
71439,LOVES TRAVEL STOP #802,I-10 EXIT 26,Milton,FL,20,3.339,Milton,FL,30.660413,-87.047278
71440,MAVERIK COUNTRY STORE #667,"I-90, EXIT 289 & SR-27",Spokane,WA,970,3.969,Spokane,WA,47.666485,-117.436527
71441,MAVERIK COUNTRY STORE #678,US-191,Vernal,UT,835,3.44233333,Vernal,UT,40.440613,-109.546883
71442,RACETRAC #2597,"I-65, EXIT 91 & US-31W",Elizabethtown,KY,415,2.919,Elizabethtown,KY,37.706973,-85.858977
71443,LOVES TRAVEL STOP #810,US-33 & SR-540,Bellefontaine,OH,411,3.35233333,Bellefontaine,OH,40.360472,-83.757076
71444,One9 #1318,"I-44, Exit 88",Strafford,MO,416,2.98566666,Strafford,MO,37.279718,-93.10663
71445,SPEEDWAY #1051,I-90 & I-94 Exit 69,Mauston,WI,420,3.299,Mauston,WI,43.793383,-90.064085
71446,SPEEDWAY #4221,I-80 Exit 292,Davenport,IA,320,3.749,Davenport,IA,41.5218,-90.5743
71447,KWIK TRIP #612,SR-116 ,Winneconne                              ,WI,582,3.53233333,Winneconne,WI,44.118704,-88.721384
71449,MAVERIK COUNTRY STORE #628,I-15 & CR-215,Las Vegas                               ,NV,910,3.35566666,Las Vegas,NV,36.172082,-115.122366
71450,MAVERIK COUNTRY STORE #664,I-25 EXIT 203 ,Los Lunas,NM,580,3.20233333,Los Lunas,NM,34.780607,-106.711537
71452,ALLSUPS CONVENIENCE STORE #2016,SR-214 & SR-114,Morton,TX,700,3.399,Morton,TX,33.715718,-102.779619
71453,ALLSUPS CONVENIENCE STORE #2025,US-285,Roswell,NM,593,3.28566666,Roswell,NM,33.388504,-104.525857
71454,ALLSUPS CONVENIENCE STORE #2036,SR-18,Hobbs,NM,593,3.399,Hobbs,NM,32.72217,-103.137246
71455,ALLSUPS CONVENIENCE STORE #2043,US-62,Idalou,TX,700,2.96566666,Idalou,TX,33.650376,-101.678579
71456,ALLSUPS CONVENIENCE STORE #2058,"I-40, Exit 332 & SR-209",Tucumcari,NM,585,3.355,Tucumcari,NM,35.168003,-103.717935
71457,ALLSUPS CONVENIENCE STORE #2075,US-70 & SR-6,Crowell,TX,770,3.199,Crowell,TX,33.991208,-99.698345
71458,ALLSUPS CONVENIENCE STORE #2082,SR-70,Spur,TX,700,3.199,Spur,TX,33.479016,-100.857116
71460,ALLSUPS CONVENIENCE STORE #2101,SR-136,Fritch,TX,585,3.149,Fritch,TX,35.644121,-101.584482
71461,ALLSUPS CONVENIENCE STORE #2111,US-87 & ,Texline,TX,585,2.96566666,Texline,TX,36.374034,-102.984516
71462,ALLSUPS CONVENIENCE STORE #2138,CR-61,Hobbs,NM,593,3.38233333,Hobbs,NM,32.72217,-103.137246
71463,ALLSUPS CONVENIENCE STORE #2146,SR-18,Hobbs,NM,593,3.21233333,Hobbs,NM,32.72217,-103.137246
71464,ALLSUPS CONVENIENCE STORE #2153,US-277,Haskell,TX,575,3.539,Haskell,TX,33.157993,-99.730923
71465,ALLSUPS CONVENIENCE STORE #2173,US-20,Sweetwater,TX,575,2.84566666,Sweetwater,TX,32.472589,-100.397908
71466,ALLSUPS CONVENIENCE STORE #2185,US-380 & 9TH ST,Aspermont,TX,575,3.36566666,Aspermont,TX,33.130059,-100.234372
71467,ALLSUPS CONVENIENCE STORE #2192,SR-86 & SR-207,Silverton,TX,585,3.159,Silverton,TX,34.464089,-101.316899
71468,ALLSUPS CONVENIENCE STORE #2212,SR-6,Stamford,TX,575,3.129,Stamford,TX,32.945323,-99.78593
71469,ALLSUPS CONVENIENCE STORE #2227,SR-114 ,Morton,TX,700,3.399,Morton,TX,33.715718,-102.779619
71470,ALLSUPS CONVENIENCE STORE #2267,"I-20, EXIT 42 & CR-761",Pecos,TX,710,3.379,Pecos,TX,31.414384,-103.508129
71471,ALLSUPS CONVENIENCE STORE #2269,SR-524 & CR-658 ,Carlsbad,NM,593,3.249,Carlsbad,NM,32.411867,-104.239539
71472,ALLSUPS CONVENIENCE STORE #2276,HWY 84 & CR-466,Hermleigh,TX,612,2.97233333,Hermleigh,TX,32.629441,-100.754714
71473,ALLSUPS CONVENIENCE STORE #2378,US-BUS 287 & SR-25,Electra,TX,770,2.999,Electra,TX,34.036234,-98.91545
71474,PILOT #1292,US-290 & SR-21,Paige,TX,765,3.499,Paige,TX,30.185799,-97.119771
71476,KWIK TRIP #493,US HWY 12,Whitewater,WI,420,3.499,Whitewater,WI,42.827174,-88.742864
71477,KWIK TRIP #1141,SR 54,Luxemburg,WI,582,3.48233333,Luxemburg,WI,44.550612,-87.715606
71478,RACEWAY #6970,SR-1 & Coker Rd,Rome,GA,193,3.199,Rome,GA,34.250726,-85.146501
71479,RACETRAC #118,I-575 & SR-15,Jasper                                  ,GA,193,3.309,Jasper,GA,34.461965,-84.475881
71480,Loves Travel Stop #836,US-87,Dalhart,TX,585,3.43566666,Dalhart,TX,36.073183,-102.517658
71481,Loves Travel Stop #843,"I-29, Exit 187",Drayton,ND,341,3.56566666,Drayton,ND,48.578569,-97.199222
71482,LOVES TRAVEL STOP #789,"I-15, Exit 277",Great Falls,MT,815,3.77233333,Great Falls,MT,47.509812,-111.273397
71484,CIRCLE K #2745064,"I-75/SR-401, EXIT 101 & US-280/SR-30",Cordele,GA,10,2.999,Cordele,GA,31.963333,-83.7825
71485,Circle K #2709088,US-521 & SR-9,Lancaster,SC,46,3.299,Lancaster,SC,34.749006,-80.761576
71486,HUCKS FOOD & FUEL #338,US-50/US-150 & US-41 BUS,Vincennes                               ,IN,510,3.959,Vincennes,IN,38.67344,-87.509806
71487,LOVES TRAVEL STOPS #835,"I-15, EXIT 163 & SR-99",Fillmore,UT,835,3.599,Fillmore,UT,38.980539,-112.331321
71488,LOVES TRAVEL STOP #816,"I-90, EXIT 284",Kimball,SD,506,3.57066666,Kimball,SD,43.712881,-98.934305
71490,LOVES TRAVEL STOP #818,"I-20, EXIT 205 & SR-46",Heflin,AL,615,3.20733333,Heflin,AL,33.611515,-85.588471
71491,SPEEDWAY #1520,"I-55, EXIT 58 & SR-80",Matthews,MO,460,3.189,Matthews,MO,36.807528,-89.576833
71492,LOVES TRAVEL STOP #839,"I-64, EXIT 92",Leavenworth,IN,415,3.949,Leavenworth,IN,38.194244,-86.359862
71493,NEW TRAVEL PLAZA,I-20 EXIT 86,Ruston,LA,590,3.06566666,Ruston,LA,32.530823,-92.643927
71494,SPEEDWAY/7FLEET #7008,"I-90, EXIT 48A & SR-77",Corfu,NY,190,3.889,Corfu,NY,42.977734,-78.392906
71495,SPEEDWAY #1212,"I-65, EXIT 99 & US-31",Greenwood,IN,375,3.59733333,Greenwood,IN,39.622398,-86.148993
71496,SPEEDWAY/7fleet #1052,US-30 & SR-57,Orrville,OH,249,3.499,Orrville,OH,40.845836,-81.774109
71498,KWIK TRIP #1143,US HWY 45,Antigo,WI,395,3.50733333,Antigo,WI,45.131362,-89.141871
71499,KWIK TRIP #1130,US HWY 151/18,Mount Horeb,WI,420,3.589,Mount Horeb,WI,43.002022,-89.741448
71500,KWIK TRIP #1114,SR-35,Holmen,WI,515,3.33066666,Holmen,WI,43.976125,-91.2497
71502,ROAD RANGER #281,I-20 EXIT 332,Cisco,TX,575,3.14066666,Cisco,TX,32.380043,-98.986507
71503,LOVES TRAVEL STOP #093,US-80 & US-400/US-50,Garden City                             ,KS,525,3.729,Garden City,KS,37.97693,-100.862088
71504,MAVERIK COUNTRY STORE #378,"I-84/I-15, EXIT 346 & SR-126",Ogden                                   ,UT,835,3.379,Ogden,UT,41.2443,-112.0072
71505,KWIK TRIP #1029,I-43 & SR-20,East Troy,WI,444,3.174,East Troy,WI,42.803531,-88.409215
71506,KWIK STAR #1165,SR-60  ,Sibley,IA,433,3.224,Sibley,IA,43.406929,-95.7424
71509,MAPLEFIELDS IRVING,I-91 & US-2,Saint Johnsbury,VT,39,3.599,Saint Johnsbury,VT,44.427195,-72.005062
71510,RACETRAC #2601,"I-64, Exit 58",Frankfort,KY,410,2.919,Frankfort,KY,38.192831,-84.88061
71511,RACETRAC #2592,US HWY 29,Athens,GA,16,3.31233333,Athens,GA,33.976097,-83.363174
71512,RACETRAC #2603,Country Road 527,Orlando,FL,140,3.299,Orlando,FL,28.498821,-80.58248
71514,LOVES TRAVEL STOP #817,SR-136,Santa Teresa,NM,640,3.26233333,Santa Teresa,NM,31.848,-106.6346
71515,LOVES TRAVEL STOP #824,"I-64 & SR-37, Exit 80",Mount Vernon,IL,574,3.349,Mount Vernon,IL,38.317014,-88.910525
71516,LOVES TRAVEL STOP #833,"I-90, EXIT 61 & US-20",Ripley,NY,38,3.879,Ripley,NY,42.248175,-79.712103
71517,7-ELEVEN #41905,I-85 & CR-2120,Salisbury,NC,46,3.749,Salisbury,NC,35.651498,-80.488945
71518,SPEEDWAY/7Fleet #9305,SR-18 & SR-1,Forrest City,AR,460,3.174,Forrest City,AR,35.009129,-90.788572
71519,SPEEDWAY #1506,US-231 & SR-271,Montgomery,AL,720,3.04233333,Montgomery,AL,32.3743,-86.3118
71520,KWIK TRIP #1104,SR-35/65 & SR-29,River Falls,WI,451,3.40566666,River Falls,WI,44.85501,-92.631275
71521,KWIK TRIP #1065,US-12 & SR-89,Whitewater,WI,420,3.424,Whitewater,WI,42.827174,-88.742864
71522,Y NOT STOP BARBER SPUR,SR-10 & SR-13,Ville Platte,LA,730,3.499,Ville Platte,LA,30.692376,-92.27371
71523,QUIKTRIP #7170,I-59 EXIT 77,Cottondale,AL,615,2.91566666,Cottondale,AL,33.176667,-87.387051
71524,Loves Travel Stop #813,"I-77, Exit 112",North Canton,OH,249,3.62733333,North Canton,OH,40.889919,-81.413464
71525,LOVES TRAVEL STOP #796,"I-40, EXIT 432B & U-25W/US-411/US-70",Newport,TN,405,3.689,Newport,TN,35.954431,-83.202749
71526,LOVES TRAVEL STOP #820,"I-90, EXIT 41 & SR-414",Waterloo,NY,190,4.149,Waterloo,NY,42.904515,-76.875498
71527,D & C FUEL EAST,US-6/SR-92,Tunkhannock,PA,200,3.699,Tunkhannock,PA,41.550687,-75.941043
71528,GOOD 2 GO #218,I-90 EXIT 25 & US-14,Sheridan,WY,836,3.44233333,Sheridan,WY,44.78486,-106.964795
71529,Kwik Trip #1161,US-BUS 53,Eau Claire                              ,WI,295,3.40733333,Eau Claire,WI,44.783972,-91.487686
71531,BERT'S TRAVEL PLAZA,SR-33,Wellsville,KS,400,3.31566666,Wellsville,KS,38.713676,-95.091573
71534,GOLDEN GATE - YERINGTON,SR-339 & US-95 ALT,Yerington,NV,966,3.71566666,Yerington,NV,38.986567,-119.159558
71535,GOLDEN GATE BATTLE MOUNTAIN,"I-80, EXIT 233",Battle Mountain,NV,966,3.339,Battle Mountain,NV,40.621985,-116.955439
71536,PILOT TRAVEL CENTERS  #1106,"I-25/US-85, EXIT 215 & SR-47",Albuquerque,NM,580,3.56566666,Albuquerque,NM,35.0936,-106.6423
71542,CIRCLE K #2706625,US-85,Eaton,CO,795,3.399,Eaton,CO,40.527272,-104.714559
71543,THE SOCO GROUP #4,SR-111,El Centro,CA,900,4.839,El Centro,CA,32.789332,-115.566508
71555,Kwik Trip #307,SR-35/US-18,Prairie Du Chien,WI,335,3.599,Prairie Du Chien,WI,43.042649,-91.119305
71556,KWIK TRIP #1167,"HWY 29, EXIT 108",Thorp                                   ,WI,295,3.45233333,Thorp,WI,44.957319,-90.802861
71557,MUSKOGEE TRAVEL PLAZA,US-69,Muskogee,OK,560,3.01566666,Muskogee,OK,35.730661,-95.375491
71558,ALLSUPS #2384,US-60,Friona,TX,585,2.994,Friona,TX,34.640298,-102.719139
71559,ALLSUPS CONVENIENCE STORE #2228,US-83 & CR-613,Tuscola,TX,575,2.91733333,Tuscola,TX,32.234955,-99.82439
71560,CIRCLE K #2709675,"I-25, EXIT 41 & SR-543/SR-26",Hatch                                   ,NM,640,3.799,Hatch,NM,32.658335,-107.159028
71561,ABBOTTS TRAVEL CENTER,I-35 EXIT 359,Abbott,TX,765,3.06566666,Abbott,TX,31.891642,-97.067146
71562,PILOT #1317,I-90 EXIT 28,Fultonville,NY,12,3.999,Fultonville,NY,42.903601,-74.359765
71563,Kwik Star #1081,SR-9 ,Decorah,IA,515,3.579,Decorah,IA,43.322711,-91.793947
71564,GRAB N GO,SR-200 & SR-22,Killdeer,ND,273,3.549,Killdeer,ND,47.410898,-102.776242
71565,CIRCLE K #2741253,"SR 375, Exit 39",El Paso,TX,640,3.19566666,El Paso,TX,31.758411,-106.478311
71566,Mankato Travel Center,US HWY 14 & SR 22,Mankato,MN,425,3.499,Mankato,MN,44.153809,-93.996044
71567,PRIDE CONVENIENCE STORE,"I-91, EXIT 40 & SR-20",East Granby,CT,100,3.649,East Granby,CT,41.932215,-72.745889
71568,QUIKTRIP #294,I-35 ,Gardner,KS,485,2.999,Gardner,KS,38.80754,-94.915675
71570,STEELE 66 TRUCK PLAZA,Hwy O & CR-425,Steele,MO,418,3.399,Steele,MO,36.091528,-89.834585
71571,RACETRAC #2587,I-75 & US-98,Brooksville                             ,FL,140,3.299,Brooksville,FL,28.565805,-82.373674
71572,7-ELEVEN #41525,US-460 & SR-630,Disputanta,VA,180,2.999,Disputanta,VA,37.148268,-77.273172
71573,RACETRAC #2588,I-4 & US-301,Tampa,FL,225,3.299,Tampa,FL,28.0879,-82.4593
71574,RACETRAC #2594,US-441 ,Dublin,GA,85,2.999,Dublin,GA,32.547794,-82.90368
71575,Racetrac #2308,SR-161,Irving,TX,630,2.93566666,Irving,TX,32.842,-96.9719
71576,RACETRAC #2429,SR-161,Irving                                  ,TX,630,2.90066666,Irving,TX,32.842,-96.9719
71577,TOOT N TOTUM #130,US-87 & Dorsey Rd,Clayton,NM,585,3.199,Clayton,NM,36.441378,-103.188823
71578,RACETRAC #2595,I-65 EXIT 284,Alabaster,AL,615,2.999,Alabaster,AL,33.236868,-86.812861
71579,KWIK TRIP #1138,SR 28,Sheboygan,WI,444,3.24233333,Sheboygan,WI,43.740981,-87.724667
71580,MAVERIK COUNTRY STORE #676,"I-15/I-84, EXIT 376 & SR-13",Tremonton,UT,835,3.444,Tremonton,UT,41.701564,-112.181293
71582,LOVES TRAVEL STOP #847,US-601 & SR-207,Pageland,SC,46,3.38566666,Pageland,SC,34.772193,-80.396615
71583,CIRCLE K #2706993,SR 27 N,Lake Wales,FL,225,3.799,Lake Wales,FL,27.903734,-81.548805
71586,ALLTOWN FRESH,US-9 & SR-23,Livingston,NY,12,3.659,Livingston,NY,42.141944,-73.778333
71590,TA SPRINGER,I-25 EXIT 419,Springer                                ,NM,580,3.529,Springer,NM,36.37672,-104.592705
71592,THE WOODSHED,US-59 & SR-10,Welch                                   ,OK,307,3.099,Welch,OK,36.902022,-95.129455
71594,BP,US-20 & SR13,Middlebury,IN,465,3.799,Middlebury,IN,41.675415,-85.711443
71595,Hucks Market #100,US-36,Hannibal                                ,MO,494,3.13233333,Hannibal,MO,39.70636,-91.38387
71596,ALLSUPS #2379,US-70/US-380,Tinnie,NM,700,3.359,Tinnie,NM,33.337308,-105.202681
71597,Allsups #2380,US-84,Sudan,TX,700,3.199,Sudan,TX,34.069661,-102.525525
71598,Allsups #2381,SR-199,Azle,TX,630,2.919,Azle,TX,32.8925,-97.536667
71600,TA EXPRESS #290,"I-45, EXIT 198 & FM-27",Fairfield,TX,765,3.439,Fairfield,TX,31.736136,-96.157176
71601,Circle K #2723479,"I-40, EXIT 306B & US-70",Garner,NC,205,3.369,Garner,NC,35.681254,-78.597527
71603,FLYERS #3223,US-70/191,Safford,AZ,980,3.86233333,Safford,AZ,32.829491,-109.626641
71604,MAVERIK COUNTRY STORE #669,"I-80, Exit 113 & SR-172",Salt Lake City,UT,835,3.44566666,Salt Lake City,UT,40.755851,-111.896657
71605,Allsups Convenience Store #2377,US-70 & US-54,Alamogordo,NM,640,3.06233333,Alamogordo,NM,32.893186,-105.948544
71606,Allsups #2396,HWY 62 82 179,Wolfforth,TX,700,2.91566666,Wolfforth,TX,33.530381,-102.026101
71607,Loves Travel Stop #827,"I-90, Exit 174",Moses Lake,WA,970,3.889,Moses Lake,WA,47.137363,-119.289149
71608,Loves Travel Stop #842,"I-194, eXIT 164",Saint Cloud,MN,448,3.29066666,Saint Cloud,MN,45.552113,-94.128447
71609,QUIKTRIP #73,"US-75, US 62",Henryetta,OK,560,3.02566666,Henryetta,OK,35.454476,-95.976187
71610,FRIENDLY GUS #25,US-80 & SR-338,Dudley                                  ,GA,85,3.83233333,Dudley,GA,32.525879,-83.089918
71612,RACEWAY #6898,"I-95, EXIT 373 & HWY A1A",Yulee                                   ,FL,75,3.27066666,Yulee,FL,30.631667,-81.606667
71614,7-ELEVEN #41808,"I-85, EXIT 106 & US-29",Blacksburg,SC,210,3.359,Blacksburg,SC,35.115047,-81.508004
71615,HUTCHS #128,US-62 & US-281/SR-8,Anadarko,OK,483,2.999,Anadarko,OK,35.072808,-98.24291
71616,ALLSUPS CONVENIENCE STORE #2382,"I-20, EXIT 366 & US-281 ",Mineral Wells,TX,630,2.94566666,Mineral Wells,TX,32.810283,-98.063051
71617,CIRCLE K #2709087,US-98/US-19,Chiefland,FL,75,3.58233333,Chiefland,FL,29.483243,-82.880896
71618,Loves Travel Stop #837,"I-35, Exit 52",Cameron,MO,400,3.689,Cameron,MO,39.730892,-94.243723
71619,7-ELEVEN # 41365,"I-840/I-785, EXIT 18 & US-70",Greensboro,NC,65,3.199,Greensboro,NC,36.0726,-79.792
71621,TOOT N TOTUM #127,"I-27, Exit 49B",Plainview,TX,585,2.89566666,Plainview,TX,34.196194,-101.725896
71622,Circle K #2706628,SR-193 & SR-163 ,Theodore,AL,715,3.39233333,Theodore,AL,30.544374,-88.180748
71623,Circle K #2706637,US-43,Grove Hill,AL,715,3.719,Grove Hill,AL,31.675502,-87.763571
71624,MAVERIK COUNTRY STORE #681,"I-80, Exit 410",West Wendover,NV,835,3.38566666,West Wendover,NV,40.735,-114.075278
71625,MAVERIK COUNTRY STORE #679,US-160/285 & SR-17,Alamosa,CO,803,3.349,Alamosa,CO,37.470274,-105.878602
71627,QUIKTRIP #1730,I-75 EXIT 185,Forsyth,GA,85,3.089,Forsyth,GA,33.050764,-83.936209
71628,QUIKTRIP #7171,I-65 EXIT 231,Calera,AL,615,2.999,Calera,AL,33.1098,-86.755987
71629,KWIK TRIP #1139,SR-95 & SR-65,Cambridge,MN,451,3.399,Cambridge,MN,45.557591,-93.288935
71630,CIRCLE K #2701524,"US-52, Exit 134 & SR-268",Pilot Mountain,NC,65,3.429,Pilot Mountain,NC,36.41094,-80.492065
71631,RACEWAY #6891,SR-20 & SR-67,Decatur                                 ,AL,615,3.099,Decatur,AL,34.589599,-86.98868
71632,Loves Travel Stop #819,SR-21 & SR-275,Rincon,GA,195,3.33066666,Rincon,GA,32.235632,-81.287777
71634,76,"US HWY 278, US HWY 45",Tupelo,MS,742,3.149,Tupelo,MS,34.253834,-88.720853
71635,Racetrac #2610,US-231,Murfreesboro,TN,460,3.049,Murfreesboro,TN,35.7913,-86.357
71636,RACETRAC #2580,US-41 & SR-268,Murfreesboro,TN,460,3.03233333,Murfreesboro,TN,35.7913,-86.357
71637,HORSESHOE #4,SR-114,Smyer,TX,700,2.959,Smyer,TX,33.584167,-102.162778
71638,QUIKTRIP #4032,"I-35, EXIT 176",Schertz,TX,740,2.91566666,Schertz,TX,29.568159,-98.272214
71639,PAR MAR FOOD STORE #13,"I-77, EXIT 1 & SR-7",Hannibal                                ,OH,430,3.899,Hannibal,OH,39.667222,-80.872222
71640,RACETRAC #2544,SR-81 & SR-316,Bethlehem,GA,16,3.31233333,Bethlehem,GA,33.926116,-83.728227
71641,76,I-17,Phoenix,AZ,930,3.23233333,Phoenix,AZ,33.451,-112.0685
71642,MAVERIK COUNTRY STORE #398,HWY 89 & LAKE POWELL BLVD,Page                                    ,AZ,930,3.45566666,Page,AZ,36.896625,-111.43847
71643,Pilot #1319,I-35 Exit 30,Alvarado                                ,TX,630,3.20566666,Alvarado,TX,32.439499,-97.212971
71644,CHISUM TRAVEL CENTER #38,I-20 EXIT 210,Colorado City,TX,612,2.92566666,Colorado City,TX,32.398736,-100.860948
71646,SPEEDWAY #6542,"I-10, Exit 192",Midway,FL,155,3.599,Midway,FL,30.495278,-84.454444
71647,QUIKTRIP #667,I-44 Exit 189,Rolla,MO,392,2.98233333,Rolla,MO,37.948527,-91.760348
71648,QUIKTRIP #7149,I-24 Exit 8,Clarksville,TN,460,2.91566666,Clarksville,TN,36.522014,-87.348997
71649,Allsups Convenience Store #2385,US-183 & US-180,Breckenridge,TX,575,3.30733333,Breckenridge,TX,32.753166,-98.909882
71650,ALLSUPS CONVENIENCE STORE #2405,SR-208 & SR-158,Robert Lee,TX,612,3.26566666,Robert Lee,TX,31.895091,-100.510366
71651,QUIKTRIP #4151,"I-35, Exit 220",Buda,TX,595,2.91566666,Buda,TX,30.091758,-97.853422
71652,CIRCLE K #4705575,SR-261,Akron,OH,249,3.769,Akron,OH,41.044852,-81.520048
71653,MAVERIK COUNTRY STORE #701,US-160,Durango,CO,614,3.299,Durango,CO,37.287388,-107.861684
71654,LOVES TRAVEL STOP  #851,"I-39/US-51, EXIT 111 & SR-72",Monroe Center,IL,520,3.749,Monroe Center,IL,42.10501,-89.016946
71655,79 ONE STOP,SR-62 & SR-37,Saint Croix                             ,IN,415,3.499,Saint Croix,IN,38.239773,-86.603511
71656,CASEYS #3268,US-59 & SR-119,Appleton,MN,522,3.44566666,Appleton,MN,45.20543,-95.994872
71657,CASEYS #2855,US HWY 63,Cabool,MO,535,3.259,Cabool,MO,37.131366,-92.114409
71659,Loves Travel Stop #646,"I-84, Exit 71",Willington,CT,100,4.359,Willington,CT,41.873996,-72.272774
71661,Loves Travel Stop #822,"I-40,  Exit 57 & S Crawford St",Clarksville,AR,695,3.39233333,Clarksville,AR,35.490763,-93.491056
71662,PUMP & PANTRY #33,SR-22/39,Genoa,NE,330,3.289,Genoa,NE,41.446776,-97.764011
71663,Allsups #2388,I-27 & SR-217,Canyon,TX,585,2.90066666,Canyon,TX,34.977222,-101.924705
71664,RUTTERS #95,SR-9,Martinsburg,WV,22,3.999,Martinsburg,WV,39.459959,-77.958915
71666,Circle K#2746513,SR-13/SIOUX TRL,Savage,MN,448,3.799,Savage,MN,44.761547,-93.343445
71667,7-Eleven #38986,"I-75, EXIT 301 & US-98",Brooksville,FL,225,3.399,Brooksville,FL,28.565805,-82.373674
71668,7-ELEVEN #41572,I-77 & US-70,Statesville,NC,46,2.859,Statesville,NC,35.8381,-80.8842
71672,7-ELEVEN #41573,US-67,Glen Rose,TX,765,3.589,Glen Rose,TX,32.229762,-97.762911
71673,7-ELEVEN #41792,"I-85, EXIT 27",Anderson,SC,30,2.959,Anderson,SC,34.526051,-82.630436
71674,Kwik Trip #1177,SR-65,Cambridge,MN,451,3.424,Cambridge,MN,45.557591,-93.288935
71676,CIRCLE K #4702409,US-52,Lafayette,IN,375,3.15733333,Lafayette,IN,40.417743,-86.888358
71679,TOOT N TOTUM #22,FM 1541 & FM 1151,Amarillo,TX,585,2.96733333,Amarillo,TX,35.203238,-101.842052
71680,Alexs Shelby Truck Stop,US HWY 278 & SR 32,Shelby,MS,655,3.199,Shelby,MS,33.949058,-90.762461
71681,WASPYS TRUCK STOP,US-71,Audubon,IA,319,3.31566666,Audubon,IA,41.730032,-94.916412
71682,Gas N Wash,"SR 83, SR 50, I-294",Alsip,IL,365,3.299,Alsip,IL,41.6723,-87.7339
71683,GAS N WASH,US HWY 6,Joliet,IL,365,3.799,Joliet,IL,41.527154,-88.08241
71685,ON THE ROAD 110,US-59,Diboll,TX,618,3.199,Diboll,TX,31.195028,-94.772911
71686,Allsups #2391,I-20 Exit 269,Merkel,TX,575,2.87566666,Merkel,TX,32.444371,-99.992443
71687,ALLSUPS #2386,I-20 EXIT 216,Colorado City,TX,612,2.94233333,Colorado City,TX,32.398736,-100.860948
71688,KWIK TRIP #1151,"I-90, EXIT 183 & CR-BT",Beloit,WI,420,3.374,Beloit,WI,42.522871,-89.039897
71689,KWIK TRIP #1108,"I-41/US-45, EXIT 52 & SR-164",Colgate,WI,444,3.24733333,Colgate,WI,43.199767,-88.240614
71691,ALLSUPS #2399,US-287 & SR-207,Claude,TX,585,2.929,Claude,TX,35.096715,-101.381271
71692,GXP #200,"I-85/SR-403, EXIT 140 & SR-82",Jefferson,GA,16,3.239,Jefferson,GA,34.106197,-83.570813
71694,J&H Family Store,"I-96, Exit 19",Coopersville,MI,456,3.499,Coopersville,MI,43.06013,-85.951722
71695,KWIK TRIP #1126,US-14/US-61,La Crosse,WI,444,3.384,La Crosse,WI,43.798938,-91.217494
71696,SUPER SAVE #10,I-220 EXIT 1A,Shreveport,LA,745,3.199,Shreveport,LA,32.503743,-93.748696
71697,LOVES TRAVEL STOP #829,I-80 EXIT 81,Brookville,PA,14,4.019,Brookville,PA,41.159986,-79.064101
71698,Kwik Star #1142,hwy 6,Iowa City                               ,IA,380,3.134,Iowa City,IA,41.654899,-91.511192
71699,KWIK TRIP #597,"I-94, EXIT 344 & SR-31",Kenosha,WI,444,3.744,Kenosha,WI,42.605228,-87.829945
71700,ARCO,US-19/US-98/US-27Alt & CR-30A,Perry                                   ,FL,75,3.699,Perry,FL,30.097489,-83.585021
71701,CIRCLE K #2746510,SR 32,De Pere,WI,360,3.349,De Pere,WI,44.438779,-88.080613
71702,SHOP AND SAVE,US-220 & CR-734,Ridgeway                                ,VA,65,3.909,Ridgeway,VA,36.5874,-79.86859
71704,QUIKTRIP #962,"I-30, Exit 61A",Garland,TX,630,2.89733333,Garland,TX,32.922744,-96.624804
71705,STRIPES #41980,"I-37, EXIT 11A",Corpus Christi,TX,625,3.199,Corpus Christi,TX,27.794086,-97.402994
71706,QUIKTRIP #1176,I-77Exit 2,West Columbia,SC,135,3.309,West Columbia,SC,33.995024,-81.088836
71707,QUARLES #4437,US HWY 30,Lancaster,PA,208,3.999,Lancaster,PA,40.075381,-76.319888
71708,QUARLES #4936,I-95 Exit 69,Richmond,VA,180,3.699,Richmond,VA,37.453158,-77.469798
71709,MAPCO EXPRESS #7553,SR 153 EXIT 2,Chattanooga,TN,285,2.994,Chattanooga,TN,35.0455,-85.3081
71710,KWIK STAR #1180,SR-141,Perry,IA,320,3.06066666,Perry,IA,41.839695,-94.102167
71712,MAVERIK COUNTRY STORE #693,"I-70, Exit 160 & hwy 191",Green River,UT,810,3.28233333,Green River,UT,39.000243,-110.159817
71713,Pilot Dealer #1383,"I-555, Exit 39",Jonesboro,AR,435,3.439,Jonesboro,AR,35.833016,-90.696526
71714,RACETRAC #2576,SR-997 & SR-994,Miami,FL,95,3.28733333,Miami,FL,25.779,-80.1982
71715,Allsups Convenience Store #2401,US-87,San Angelo,TX,612,3.19566666,San Angelo,TX,31.478165,-100.481752
71716,Allsups #2404,US-62,Carlsbad,NM,593,3.194,Carlsbad,NM,32.411867,-104.239539
71717,Kwik Trip #1199,US-14 ,Darien                                  ,WI,345,3.199,Darien,WI,42.6435,-88.714217
71718,KWIK STAR #1158,US-30,Ames,IA,320,3.174,Ames,IA,42.029859,-93.639398
71719,LOVES TRAVEL STOP #832,"I-35, EXIT 129 ",Forest Lake,MN,515,3.36233333,Forest Lake,MN,45.268499,-92.974894
71721,HUCKS FOOD & FUEL #314,US-50/150,Washington,IN,510,3.46233333,Washington,IN,38.653568,-87.170656
71722,MAVERIK #5392,FM-16,Keenesburg,CO,800,3.154,Keenesburg,CO,40.095847,-104.446366
71723,ALLSUPS CONVENIENCE #2398,SR-70,Pampa,TX,585,3.079,Pampa,TX,35.538043,-100.957885
71724,ALLSUPS CONVENIENCE #2403,US-180,Mineral Wells,TX,630,3.00566666,Mineral Wells,TX,32.810283,-98.063051
71725,Allsups Convenience Store #2406,US-67,Rankin,TX,710,3.499,Rankin,TX,31.2225,-101.9375
71726,Kwik Trip #1152,US HWY 169,Saint Peter,MN,425,3.724,Saint Peter,MN,44.335107,-93.981061
71735,Loves Travel Stop #811,US-395,Pasco,WA,925,4.589,Pasco,WA,46.249183,-119.104387
71736,Racetrac #2312,US-41/SR-92,Acworth,GA,18,3.209,Acworth,GA,34.065833,-84.676944
71737,RACETRAC #2605,"I-295, EXIT 25",Jacksonville,FL,75,3.249,Jacksonville,FL,30.3163,-81.4175
71738,KWIK TRIP #1196,"US-151, EXIT 21 ",Platteville                             ,WI,335,3.514,Platteville,WI,42.73932,-90.485406
71739,TA EXPRESS #418,"I-16/SR-404, EXIT 116 & US-301/25",Register,GA,135,3.28566666,Register,GA,32.338235,-81.872828
71740,SPRINT FOODS #735,US-78/US-1 & SR-19,Aiken,SC,135,3.17233333,Aiken,SC,33.553024,-81.719429
71741,SPRINT FOOD STORE #733,"I-20, EXIT 183 & US-221",Harlem,GA,135,3.599,Harlem,GA,33.417007,-82.309659
71769, DUCK THRU FOOD STORE #60,US HWY 64,Spring Hope,NC,205,3.469,Spring Hope,NC,35.930193,-78.1085
71770,ONVO TRAVEL PLAZA,"I-81, Exit 155",Mountain Top,PA,200,3.58733333,Mountain Top,PA,41.134975,-75.937642
71771,BREAK TIME #3170,SR-13 & HWY-T,Bolivar,MO,535,3.374,Bolivar,MO,37.608502,-93.412631
71772,Kwik Trip #1137,US-8,Saint Croix Falls                       ,WI,451,3.524,Saint Croix Falls,WI,45.413215,-92.638371
71773,KWIK STAR #710,US-30 EXIT-202,Toledo,IA,565,3.399,Toledo,IA,42.007696,-92.566206
71774,CASEYS #4292,1020 5TH ST ,Carrollton                              ,IL,574,3.239,Carrollton,IL,39.300937,-90.409211
71775,Caseys #3950,US-270 & US-54,Liberal,KS,525,3.319,Liberal,KS,37.043789,-100.92857
71776,QUIKTRIP #7172,"I-85/US-29, EXIT 58 & SR-169",Opelika,AL,50,2.999,Opelika,AL,32.627771,-85.358629
71779,TCI PHOENIX,"I-10, EXIT 138 & US-202, EXIT 76 ",Phoenix,AZ,930,2.92233333,Phoenix,AZ,33.451,-112.0685
71784,7-ELEVEN #41750,I-4 & SR-33,Lakeland,FL,225,3.289,Lakeland,FL,28.038134,-81.939153
71785,7-ELEVEN #41266,I-81 & SR-924,Hazleton,PA,200,3.839,Hazleton,PA,40.962107,-75.978193
71786,SHEETZ #751,I-76 EXIT 91,Donegal,PA,165,3.259,Donegal,PA,40.099613,-79.381043
71787,PUMP & PANTRY #55,US-159 & US-73,Falls City,NE,486,3.239,Falls City,NE,40.074193,-95.593148
71792,KWIK TRIP #1147,US-71 & SR-60,Windom                                  ,MN,425,3.349,Windom,MN,43.879022,-95.151531
71793,QUARLES #4602,"SR-267, EXIT 8B & SR-606",Sterling,VA,60,3.659,Sterling,VA,39.0061,-77.4288
71794,KWIK TRIP #1174,US-51 & US-2,Ironwood,MI,334,3.139,Ironwood,MI,46.463793,-90.158844
71795,CIRCLE  K #2654290,I-85 EXIT 13,Lagrange,GA,50,3.899,Lagrange,GA,33.034025,-85.039511
71797,KWIK STAR #1186,"I-80/US-6, EXIT 142 & US-65",Altoona,IA,320,3.199,Altoona,IA,41.647549,-93.472415
71798,Space Age #202,"I-5, EXIT 52 ",Castle Rock,WA,935,3.659,Castle Rock,WA,46.278291,-122.9139
71800,Stuckeys Travel Plaza,"I-44, EXIT 179",Newburg                                 ,MO,535,2.97233333,Newburg,MO,37.900778,-91.880683
71801,Love's Travel Stop #869,US HWY 75,Le Mars,IA,527,3.45566666,Le Mars,IA,42.79623,-96.170386
71802,ALLSUPS #2407,I-10 EXIT 259,Fort Stockton,TX,710,3.029,Fort Stockton,TX,30.890785,-102.879942
71803,KENT KWIK #321,I-20 EXIT 143,Midland,TX,710,2.94066666,Midland,TX,31.989636,-102.06261
71804,GAS N WASH,I-88 EXIT 114,Montgomery,IL,290,3.599,Montgomery,IL,41.717742,-88.331965
71805,RACETRAC #2583,I-24E,La Vergne,TN,460,2.899,La Vergne,TN,36.012714,-86.559969
71806,RACETRAC #2600,SR-70,Okeechobee,FL,140,3.299,Okeechobee,FL,27.311532,-80.847853
71807,KWIK TRIP #1270,SR-172,Green Bay,WI,582,3.29066666,Green Bay,WI,44.485313,-88.016868
71808,WEIGELS #100,SR 153,Chattanooga,TN,405,3.01566666,Chattanooga,TN,35.0455,-85.3081
71811,7-ELEVEN #41826,SR-722 & SR-283,Lancaster,PA,70,4.129,Lancaster,PA,40.075381,-76.319888
71812,KWIK TRIP #1198,I-43 & Hwy AA,Oostburg,WI,444,3.24233333,Oostburg,WI,43.622939,-87.796955
71813,Kweik Star #1156,SR-150 & SR-3,Oelwein,IA,565,3.58233333,Oelwein,IA,42.681095,-91.913084
71814,TEX-BEST #531,US-90,Uvalde,TX,740,2.874,Uvalde,TX,29.217238,-99.793074
71815,MAVERIK COUNTRY STORE #688,I-15 EXIT 339,Ogden,UT,835,3.38566666,Ogden,UT,41.2443,-112.0072
71816,MAVERIK COUNTRY STORE #694,I-15 EXIT 222,Nephi,UT,835,3.40566666,Nephi,UT,39.692275,-111.8359
71817,KWIK TRIP #1128,US-12,Altoona,WI,295,3.33233333,Altoona,WI,44.802142,-91.43825
71818,TA EXPRESS RIVERTON #433,I-72 EXIT 108,Riverton,IL,318,3.409,Riverton,IL,39.855239,-89.541908
71822,DK,SR 176,Lenorah,TX,612,3.53233333,Lenorah,TX,32.439157,-101.761137
71823,MARKER 126,US HWY 20,Duncombe,IA,343,3.059,Duncombe,IA,42.449303,-94.059212
71824,QuikTrip #4052,US 181 S,San Antonio,TX,740,2.92233333,San Antonio,TX,29.468525,-98.526352
71826,KWIK TRIP #1183,US-2,Bessemer                                ,MI,334,3.139,Bessemer,MI,46.480188,-90.051544
71827,KWIK TRIP #1188,US-12,Cokato,MN,451,3.474,Cokato,MN,45.074761,-94.191054
71828,KWIK TRIP #1209,SR-42,Sturgeon Bay,WI,582,3.58233333,Sturgeon Bay,WI,44.84384,-87.375311
71829,KWIK TRIP #1043,US-53/SR-194,Duluth,MN,334,3.499,Duluth,MN,47.094431,-91.846731
71830,One9 #1330,"I-40/US-63, EXIT 216 & US-49",Brinkley                                ,AR,695,3.199,Brinkley,AR,34.878124,-91.188596
71831,Loves Travel Stop #865,"I-35, Exit 186",Perry,OK,483,3.389,Perry,OK,36.287468,-97.284175
71832,SHEETZ #753,SR 3,Seville,OH,249,3.08233333,Seville,OH,41.022731,-81.856199
71833,Circle K #2706636,US HWY 43,Jackson,AL,715,3.899,Jackson,AL,31.513098,-87.867192
71835,CUZZS TRAVEL DEPOT,US 43 N,Thomasville,AL,715,3.599,Thomasville,AL,31.906728,-87.759842
71836,DUCK THRU FOOD STORE #59,US 13 EXIT 119,Greenville,NC,205,3.499,Greenville,NC,35.6594,-77.3974
71837,RUTTERS #86,"US-15, EXIT 17 & SR-26",Frederick,MD,70,3.899,Frederick,MD,39.408235,-77.400875
71838,RUTTERS #24,SR-74 & SR-2069,Brogue                                  ,PA,70,4.099,Brogue,PA,39.883044,-76.488236
71839,RUTTERS #92,US-222 & SR-737,Kutztown,PA,90,3.699,Kutztown,PA,40.521354,-75.777395
71840,NEON MARKETPLACE,"SR-79, EXIT 10",Fall River,MA,175,3.949,Fall River,MA,41.718221,-71.139991
71841,Quick Fuel #3193,US-69,Kansas City,KS,400,3.34566666,Kansas City,KS,39.115733,-94.627139
71844,HD EXPRESS MART,US 20,Clyde,OH,550,3.379,Clyde,OH,41.302397,-82.991849
71845,ALLSUPS #2424,US 180,Millsap,TX,630,2.984,Millsap,TX,32.670019,-97.878386
71848,CLIFTON SUPER STOP,"I-16, EXIT 104",Metter                                  ,GA,195,3.249,Metter,GA,32.401034,-82.060722
71849,TOOT N TOTUM #128,I-40 EXIT 57,Amarillo,TX,585,3.089,Amarillo,TX,35.203238,-101.842052
71850,CEDAR GROVE OASIS,"I-43, Exit 113",Cedar Grove                             ,WI,444,3.239,Cedar Grove,WI,43.575076,-87.840108
71851,PWI #164,I-35/US-77 & FM-3115,Abbott,TX,765,2.89233333,Abbott,TX,31.891642,-97.067146
71852,KWIK TRIP #1164,US-63,Spooner,WI,295,3.599,Spooner,WI,45.850468,-91.91555
71853,Landmark Travel Center,I-20 EXIT 301,Clyde,TX,575,2.90066666,Clyde,TX,32.380289,-99.518445
71854,EXXON DBA Pilot #1289,US 75 EXIT 72,Denison,TX,630,3.239,Denison,TX,33.745009,-96.549574
71855,BYRNE DAIRY #136,I-90 Exit 37,Liverpool,NY,220,3.659,Liverpool,NY,43.109925,-76.186999
71856,GO TIME #7,"I-75, EXIT 29",Corbin,KY,410,2.999,Corbin,KY,36.934429,-84.10208
71857,QUIKTRIP #1196,"I-20, EXIT 11 & SR-144",Graniteville,SC,135,3.159,Graniteville,SC,33.563016,-81.814686
71858,QUIKTRIP #7224,"I-20, EXIT 112",West Monroe,LA,719,2.89233333,West Monroe,LA,32.531726,-92.175971
71859,ALLSUPS #2415,SR 6,Meridian,TX,765,2.96566666,Meridian,TX,31.929022,-97.64433
71860,PILOT #1347,"I-59, EXIT 5A",Pearl River                             ,LA,725,3.164,Pearl River,LA,30.394448,-89.77315
71862,Loves Travel Stop #863,I-90 & SR-528,Madison,OH,305,3.849,Madison,OH,41.805367,-81.058819
71864,MPC #30,"I-44, Exit 195",Saint James,MO,540,2.98566666,Saint James,MO,38.005622,-91.607565
71865,RACETRAC #574,"I-30, EXIT 68",Rockwall,TX,630,2.924,Rockwall,TX,32.931111,-96.459444
71866,RACETRAC #2615,"I-65, EXIT 128",Louisville,KY,415,2.919,Louisville,KY,38.2435,-85.7639
71867,HOLIDAY STATIONSTORE #2653855,US-12,Aberdeen,SD,530,3.10733333,Aberdeen,SD,45.466109,-98.485642
71868,RACETRAC #2456,SR-44 & CR-491,Lecanto,FL,140,3.31566666,Lecanto,FL,28.9303,-82.4905
71869,PORT FUEL CENTER,"I-516, EXIT 7B & SR-21",Port Wentworth,GA,195,3.18233333,Port Wentworth,GA,32.92380187716535,-83.6176606503937
71870,Circle K #2706479,US-280,Sylacauga,AL,615,3.799,Sylacauga,AL,33.171675,-86.271257
71871,KWIK TRIP #1133,US-10 & SR-85,Durand,WI,295,3.43066666,Durand,WI,44.630042,-91.929476
71872,KWIK STAR #1189,"I-80, EXIT 110",De Soto                                 ,IA,320,3.224,De Soto,IA,41.533285,-94.027582
71873,KWIK TRIP #1182,"I-35E, EXIT 123B",Hugo,MN,448,3.37733333,Hugo,MN,45.1628,-93.003493
71874,Rutters #85,I-76 & US-30,Bedford,PA,14,4.099,Bedford,PA,39.990838,-78.526071
71875,LOVES TRAVEL STOP #615,US-59 & US-79,Carthage,TX,618,3.10233333,Carthage,TX,32.154379,-94.352721
71876,LOVES TRAVEL STOP #861,"I-75, EXIT 72 & SR-72",Loudon,TN,285,3.58733333,Loudon,TN,35.729211,-84.34362
71877,LOVES TRAVEL STOP #859,"I-80, EXIT 116 & US-6",Morris,IL,290,3.789,Morris,IL,41.367233,-88.417769
71878,LOVES TRAVEL STOP #872,SR-78 & CR-27,Lancaster,OH,315,3.27566666,Lancaster,OH,39.718697,-82.603074
71879,Gas N Wash Schoolhouse,FM-74,New Lenox,IL,399,3.699,New Lenox,IL,41.506701,-87.963083
71883,QUIKTRIP #4178,SR-130,Hutto,TX,595,2.91566666,Hutto,TX,30.525725,-97.567203
71886,QUIKTRIP #7136,US-17,Brunswick,GA,195,3.074,Brunswick,GA,31.169652,-81.493045
71887,SHELL,I-80 & SR-63,Greenwood                               ,NE,413,3.399,Greenwood,NE,40.97064,-96.42584
71888,KJS ALPINE,US HWY 26,Alpine,WY,825,3.799,Alpine,WY,43.175278,-111.033889
71889,Payson Cardlock,SR 260 & SR 87,Payson,AZ,930,3.709,Payson,AZ,34.219779,-111.287774
71890,Carter Flagstaff Cardlock (Bulk Plant),I-40 Exit 198,Flagstaff,AZ,930,3.689,Flagstaff,AZ,35.185911,-111.661979
71892,Tropic Fleet Bradenton Cardlock,US 301,Bradenton,FL,225,3.499,Bradenton,FL,27.502778,-82.513889
71893,Tropic Fleet Rechtien Cardlock,SR-934,Miami,FL,95,3.471,Miami,FL,25.779,-80.1982
71894,Majors 663 Nacogdoches Truck Plaza,US-259 & US-59,Nacogdoches,TX,618,3.029,Nacogdoches,TX,31.618534,-94.651093
71897,ONE9 XPRESS FUEL #1349,I-10 EXIT 140B,Van Horn,TX,640,3.459,Van Horn,TX,31.042879,-104.832249
71898,Loves Travel Stop #867,I-55 Exit 165,Normal,IL,280,3.389,Normal,IL,40.512446,-88.988287
71899,LOVES TRAVEL STOP #882,US-61/SR-92 ,Muscatine,IA,270,3.439,Muscatine,IA,41.430378,-91.050928
71902,MURPHY EXPRESS #8928,FM-1472,Laredo,TX,693,2.84566666,Laredo,TX,27.515538,-99.498579
71903,ALLSUPS #2412,SR 199 W,Springtown,TX,630,2.919,Springtown,TX,32.966021,-97.634951
71904,SHEETZ #745,I-90 EXIT 212,Madison,OH,305,3.08233333,Madison,OH,41.805367,-81.058819
71906,COMPASS TRAVEL CENTER,"I-65, EXIT 230",Demotte,IN,365,3.24233333,Demotte,IN,41.171319,-87.249129
71909,RACETRAC #2604,I-75 Exit 126,Mcdonough,GA,67,3.199,Mcdonough,GA,33.450556,-84.158333
71910,KWIK TRIP #793,"I-35, EXIT 59",Faribault,MN,448,3.424,Faribault,MN,44.294457,-93.28179
71911,MAVERIK COUNTRY STORE #706,SR-10,Castle Dale,UT,835,3.439,Castle Dale,UT,39.212222,-111.018889
71912,FUEL CITY WYLIE,SR-78,Wylie,TX,630,2.96566666,Wylie,TX,33.004102,-96.539383
71913,Circle K #4702456,I-69,Martinsville,IN,375,3.599,Martinsville,IN,39.447646,-86.42901
71914,HUCKS FOOD & Fuel #309,I-169 Exit 8,Hopkinsville,KY,490,3.474,Hopkinsville,KY,36.862053,-87.485148
71916,Spinx 317,US-17 ALT,Moncks Corner,SC,42,3.31233333,Moncks Corner,SC,33.163071,-80.036576
71919,THE SPORTSMAN 2 TRAVEL PLAZA,I-35 EXIT 480,Sanger,TX,630,2.97566666,Sanger,TX,33.356266,-97.181432
71922,Plaza of The Flint Hills,I-70 Exit 32B,Alma,KS,553,3.299,Alma,KS,39.009206,-96.292323
71923,SHEETZ #740,US-23  & SR-752,Ashville,OH,315,3.10233333,Ashville,OH,39.731576,-82.944567
71924,JIFFY,I-80 Exit 60,Shippenville                            ,PA,240,4.13233333,Shippenville,PA,41.247491,-79.433199
71925,QUIKTRIP #7140,"I-24, EXIT 175 & US-41",Chattanooga,TN,285,2.91566666,Chattanooga,TN,35.0455,-85.3081
71926,QUIKTRIP #186,SR-150,Grandview,MO,400,3.199,Grandview,MO,38.881936,-94.520542
71927,Allsups Convenience #2420,US 283,Altus,OK,770,2.979,Altus,OK,34.648406,-99.320483
71929,STUCKEYS TRAVEL CENTER,I-10 & FM-365,Beaumont,TX,610,2.824,Beaumont,TX,30.068805,-94.103896
71931,QUIKTRIP #7071,I-75 & SR-133/401,Valdosta,GA,10,3.03233333,Valdosta,GA,30.810578,-83.277166
71932,MCCLURE OIL #60,US 35,Logansport,IN,370,3.799,Logansport,IN,40.760377,-86.359888
71933,RHODES CONVENIENCE STORES,US-62,Sikeston                                ,MO,275,3.35066666,Sikeston,MO,36.891111,-89.58197
71934,SHEETZ #759,I-71 & SR-734,Jeffersonville,OH,315,3.06566666,Jeffersonville,OH,39.65896,-83.56873
71935,SPEEDWAY #1695,I-87 EXIT 23,Albany,NY,12,3.849,Albany,NY,42.6525,-73.7566
71936,QUIKTRIP #7907,I-44 EXIT 1D,Wichita Falls,TX,770,2.859,Wichita Falls,TX,33.905284,-98.497645
71937,KWIK TRIP #1173,CR-10,Waconia,MN,451,3.60733333,Waconia,MN,44.851029,-93.7784
71941,RACETRAC #2628,I-85 EXIT 62 & US-280,Opelika,AL,50,2.999,Opelika,AL,32.627771,-85.358629
71942,BYRNE DAIRY #135,I-81 & SR-481,Liverpool,NY,220,4.199,Liverpool,NY,43.109925,-76.186999
71943,DK #11823,I-20 & FM-1768,Midland,TX,612,2.98233333,Midland,TX,31.989636,-102.06261
71944,DK #13903,SR-108,Texarkana,AR,635,3.04066666,Texarkana,AR,33.441667,-94.0375
71945,DK #13904,I-40 EXIT 233 & SR-261,Palestine,AR,695,3.01566666,Palestine,AR,34.966346,-90.904929
71946,Allsups #102450,US-87,Eden                                    ,TX,739,3.179,Eden,TX,31.219219,-99.840658
71947,PETRO USA,I-76 EXIT 2 & SR-3,Seville                                 ,OH,305,3.079,Seville,OH,41.022731,-81.856199
71948,19 AND 75 FILLING STATION,US-75 & SR-19,Ivanhoe                                 ,MN,432,3.394,Ivanhoe,MN,44.507119,-96.226059
71949,24 STORE SHELBY,SR-61,Shelby,OH,249,3.499,Shelby,OH,40.878432,-82.654949
71950,77/36 DUCHESS,I-77 & US-36,Newcomerstown,OH,542,3.299,Newcomerstown,OH,40.273895,-81.593969
71951,7-ELEVEN #39448,I-81 & SR-682,Mount Crawford,VA,185,3.31566666,Mount Crawford,VA,38.345656,-78.895679
71953,ALEX'S TRUCK STOP,US-61,Tunica,MS,435,3.299,Tunica,MS,34.688355,-90.368515
71957,B&M Quickstop,SR-8,Mineral Point                           ,MO,540,3.699,Mineral Point,MO,37.915555,-90.719324
71958,BELL STORES,I-77 & CR-80,Dover,OH,249,3.399,Dover,OH,40.534338,-81.476321
71960,BELL STORES #1159,US-30 & CR-144,Wooster,OH,249,3.659,Wooster,OH,40.809354,-81.948272
71961,BELL STORES #54,US-250 & SR-241,Mount Eaton,OH,249,3.499,Mount Eaton,OH,40.694444,-81.703333
71962,BELLSTORES,SR-598,Galion,OH,315,3.499,Galion,OH,40.730316,-82.793943
71965,CIRCLE K #2709989,US-167 & CR-405,Sheridan,AR,695,3.599,Sheridan,AR,34.316527,-92.365713
71966,BLACK DIAMOND TRAVEL CENTER,I-26 & SR-173,Unicoi,TN,405,3.40233333,Unicoi,TN,36.206585,-82.321957
71967,BLOC STOP TRAVEL CENTER,US-19 & SR-133,ALBANY,GA,10,3.799,Albany,GA,31.567783,-84.161923
71968,BLONDIES FOOD AND FUEL,US-90 & SR-69,Grand Ridge                             ,FL,20,3.59066666,Grand Ridge,FL,30.714831,-85.020954
71969,BORDERVIEW GROCERY,US-11 & CR-19,Champlain,NY,39,3.799,Champlain,NY,44.977292,-73.446603
71970,BLUE BIRD 3 EXPRESS,"US-78, EXIT 1",Olive Branch,MS,435,3.199,Olive Branch,MS,34.94414,-89.854427
71971,BOUND BROOK BP,I-287 Exit 13B & SR-28,Bound Brook                             ,NJ,202,3.249,Bound Brook,NJ,40.568115,-74.539735
71972,BOWMAN,I-81 Exit 1,Williamsport,MD,22,3.83233333,Williamsport,MD,39.593023,-77.808705
71973,SHEETZ #703,I-40 & US-70,Garner,NC,177,2.859,Garner,NC,35.681254,-78.597527
71975,BP,I-81 & SR-177,Christiansburg,VA,185,3.799,Christiansburg,VA,37.129722,-80.409167
71976,Loves Travel Stop #828,"I-295, EXIT 33",Jacksonville,FL,75,3.28233333,Jacksonville,FL,30.3163,-81.4175
71977,BP,SR-47,Sugar Grove                             ,IL,296,3.599,Sugar Grove,IL,41.774113,-88.439721
71978,BP,I-29 & US-34,Pacific Junction,IA,319,3.399,Pacific Junction,IA,41.027123,-95.804645
71979,KENT KWIK #219,SR-338,Odessa,TX,710,3.00733333,Odessa,TX,31.8465,-102.3663
71980,KENT KWIK #433,US-87,San Angelo,TX,739,3.13233333,San Angelo,TX,31.478165,-100.481752
71981,SHEETZ #488,US-13 & US-264,Greenville                              ,NC,205,2.899,Greenville,NC,35.6594,-77.3974
71982,MAVERIK COUNTRY STORE #665,SR-201,Magna,UT,835,3.399,Magna,UT,40.700879,-112.080867
71983,MAVERIK COUNTRY STORE #702,I-80 Exit 59,Sidney,NE,475,3.11233333,Sidney,NE,41.142778,-102.9775
71984,BP,I-43 & SR-11,Elkhorn,WI,420,3.149,Elkhorn,WI,42.700928,-88.546209
71985,Brew #12,US-20 & SR-31,Correctionville,IA,527,3.559,Correctionville,IA,42.474322,-95.780382
71988,C AND W GLOBAL,SR-429 & SR-438,Winter Garden                           ,FL,140,3.074,Winter Garden,FL,28.4867,-81.6051
71990,Allsups #2418,US-84,Snyder,TX,612,2.97233333,Snyder,TX,32.715105,-100.907485
71991,TA Express Fairview #943,US 36,Fairview,KS,570,3.299,Fairview,KS,39.844504,-95.711012
71992,7-ELEVEN #41263,US-13,Bridgeville,DE,243,3.399,Bridgeville,DE,38.736628,-75.608768
71994,7-ELEVEN #42058,SR-572,Lakeland,FL,225,3.48233333,Lakeland,FL,28.038134,-81.939153
71995,Chevron,"I-40, EXIT 218 & US-285",Clines Corners                          ,NM,593,3.41566666,Clines Corners,NM,35.009444,-105.668611
71996,BP,"I-43, EXIT 164 & CR-Z",Maribel,WI,360,3.249,Maribel,WI,44.285151,-87.805482
71997,7-ELEVEN #41287,SR-29,Immokalee,FL,64,3.679,Immokalee,FL,26.3751,-81.3678
71999,7-ELEVEN #41813,"I-85, EXIT 60",Duncan,SC,46,3.099,Duncan,SC,34.917645,-82.125821
72000,7-ELEVEN #41309,US-41,Nokomis,FL,225,3.379,Nokomis,FL,27.118889,-82.444444
72001,7-Eleven #41963,"I-65, EXIT 98",Goodlettsville,TN,460,3.049,Goodlettsville,TN,36.323056,-86.713333
72003,7-ELEVEN #42012,"I-77, EXIT 24 & US-21",Blythewood,SC,210,3.109,Blythewood,SC,34.191112,-80.975756
72004,7-ELEVEN #41578,US-13,Seaford,DE,243,3.359,Seaford,DE,38.640358,-75.604122
72006,CIRCLE K #4707123,SR-2,Canaan,ME,26,3.759,Canaan,ME,44.744976,-69.549777
72008,CASHS #4469,US-278 & US-63,Warren,AR,635,3.499,Warren,AR,33.613983,-92.077824
72009,CEFCO #1059,SR-274,Kemp,TX,641,2.909,Kemp,TX,32.369146,-96.257768
72011,CEFCO #107,US 190,Lampasas,TX,595,2.899,Lampasas,TX,31.067957,-98.183361
72012,CEFCO #108,US-77,Waco,TX,765,2.99233333,Waco,TX,31.552452,-97.139608
72013,CEFCO #1081,US-59,Queen City,TX,723,3.024,Queen City,TX,33.18736,-94.154825
72014,CEFCO #1086,US-259,Longview,TX,766,2.959,Longview,TX,32.526854,-94.72328
72015,CEFCO #1096,US-82,Paris,TX,723,2.96566666,Paris,TX,33.658077,-95.537881
72016,Cefco #11,US-84,Waco,TX,765,2.99566666,Waco,TX,31.552452,-97.139608
72017,CEFCO #1102,SR-24 & SR-286,Paris,TX,723,2.96566666,Paris,TX,33.658077,-95.537881
72018,CEFCO #2071,US-377 & FM-381,Early,TX,739,2.92566666,Early,TX,31.741944,-98.945278
72019,CEFCO #2081,US-84,Post,TX,700,2.94233333,Post,TX,33.201695,-101.39216
72020,CEFCO #2082,SR-206 & SR-36,Cross Plains,TX,575,3.159,Cross Plains,TX,32.148159,-99.18718
72021,CEFCO #30,US-77 & SR-320,Lott,TX,765,3.011,Lott,TX,31.192462,-97.058143
72022,CEFCO #65,US-84 & FM-116,Gatesville,TX,765,2.96566666,Gatesville,TX,31.447646,-97.724286
72024,CENEX,US-2 ,Stanley                                 ,ND,452,3.58233333,Stanley,ND,48.319189,-102.392802
72025,CENEX,US-2 ,Devils Lake                             ,ND,355,3.24066666,Devils Lake,ND,48.113162,-98.861588
72026,CENEX,"I-94, EXIT 84 & SR-8",Richardton,ND,273,3.509,Richardton,ND,46.842614,-102.292004
72028,CENEX,US-52 & SR-15,Fessenden                               ,ND,390,3.531,Fessenden,ND,47.628644,-99.643361
72029,CENEX,SR-40,Tioga                                   ,ND,452,3.57566666,Tioga,ND,48.392009,-102.961281
72030,CENEX,I-90 & SR-51,Gillette                                ,WY,822,3.489,Gillette,WY,44.282009,-105.497442
72031,CENEX HARWOOD,"I-29/US-81, EXIT 72",Harwood,ND,341,3.359,Harwood,ND,46.996497,-96.900973
72033,CHARLIE BS,SR-246,Greenwood                               ,SC,30,2.987,Greenwood,SC,34.175802,-82.156211
72034,CHARLIES MARKET,SR-172,Salt Lake City,UT,835,3.459,Salt Lake City,UT,40.755851,-111.896657
72038,CHEVRON,I-55 & SR-570,McComb                                  ,MS,759,3.28233333,Mccomb,MS,31.221594,-90.432449
72039,CHEVRON,SR-20 & SR-65,Hosford,FL,145,3.299,Hosford,FL,30.363875,-84.805433
72041,CHEVRON,SR-20 & SR-71,Blountstown                             ,FL,145,3.299,Blountstown,FL,30.4394,-85.062022
72044,Maverik Country Store #709,I-40 Exit 163,Williams,AZ,930,3.219,Williams,AZ,35.249842,-112.190623
72045,MAVERIK COUNTRY STORE #710,US-6,Helper,UT,835,3.44566666,Helper,UT,39.673684,-110.856
72046,CHEVRON DBA ONE9 #1429,US-30 & US-95,Fruitland                               ,ID,785,3.349,Fruitland,ID,44.002658,-116.914259
72054,CHEVRON,US-45,Guntown,MS,742,3.299,Guntown,MS,34.429882,-88.701059
72060,CHEVRON FOOD MART #20,US-45 & SR-16,Scooba,MS,705,3.199,Scooba,MS,32.840197,-88.488272
72063,CIRCLE K #2655785,US-301,Upper Marlboro,MD,60,3.999,Upper Marlboro,MD,38.837717,-76.798028
72066,CIRCLE K #2741094,SR-46 ,Seguin,TX,740,2.959,Seguin,TX,29.561316,-97.962801
72067,CIRCLE K #2741822,US-90 & FM-471,Castroville,TX,740,2.91233333,Castroville,TX,29.35532,-98.882391
72071,7-Eleven #42182,Ashley Phosphate Rd & Cross Country Rd,North Charleston,SC,42,3.459,North Charleston,SC,33.0562,-80.0759
72072,PARKERS #92,SR 17,Guyton,GA,195,2.999,Guyton,GA,32.31399,-81.389593
72073,CIRCLE K #2723791,I-85 & SR-54,Graham,NC,65,3.609,Graham,NC,36.030967,-79.381384
72074,CIRCLE K #2741566,US-84 & FM-2837,Woodway                                 ,TX,765,2.999,Woodway,TX,31.505074,-97.231062
72075,CITGO SAMS FOOD STORE,"US-5, Exit 87",Hartford                                ,CT,100,3.499,Hartford,CT,41.7636,-72.6855
72077,COLDWATER TRAVEL CENTER,I-55 & SR-306,Coldwater,MS,435,3.099,Coldwater,MS,34.692362,-89.986882
72078,STRIPES #42150,"I-69C, Exit 9 & US-281",Edinburg,TX,598,3.00566666,Edinburg,TX,26.304221,-98.156922
72080,Corner Store,US-180/62,Seminole,TX,710,3.129,Seminole,TX,32.721045,-102.682761
72081,STRIPES #2146,US-181 & SR-361,Ingleside                               ,TX,625,3.299,Ingleside,TX,27.868238,-97.206906
72082,COUNTRYMARK,SR-124,Bluffton                                ,IN,370,3.76566666,Bluffton,IN,40.736837,-85.162199
72083,DANDY DANS,US-49/SR-42,Hattiesburg                             ,MS,620,3.06566666,Hattiesburg,MS,31.314553,-89.306471
72084,DANDY MINI MART #60,US-6 & SR-14,Troy,PA,31,3.999,Troy,PA,41.77815,-76.771143
72086,DELT EXPRESS,SR-52,SAMSON,AL,127,3.699,Samson,AL,31.104918,-86.067416
72087,DELTA,US-9,Jersey City                             ,NJ,115,3.239,Jersey City,NJ,40.7164,-74.038
72089,CASEYS #4567,SR-55,Columbia,KY,410,3.159,Columbia,KY,37.116408,-85.269265
72090,DOMINO #128,US-81 & SR-66,El Reno,OK,483,3.199,El Reno,OK,35.533468,-97.959091
72091,DUCK THRU FOOD STORE #54,US-64,Columbia,NC,470,3.523,Columbia,NC,35.905664,-76.234481
72092,DUCK THRU FOOD STORE #57,SR-42/SR-43,Pinetops,NC,205,3.574,Pinetops,NC,35.819611,-77.691952
72096,EXPRESS #29,SR-29,East Dublin                             ,GA,85,3.63233333,East Dublin,GA,32.5475,-82.868333
72097,EXPRESSWAY SERVICE STATION,US-287 & SR-25,Electra,TX,770,2.999,Electra,TX,34.036234,-98.91545
72100,Exxon,"I-22/US-78, Exit 10 &  SR-178",Byhalia                                 ,MS,435,3.199,Byhalia,MS,34.885351,-89.676332
72101,EXXON,US-24,Redford                                 ,MI,325,3.699,Redford,MI,42.375554,-83.28895
72104,LOVES TRAVEL STOP #170,I-44 EXIT 166 & SR-18,CHANDLER,OK,483,3.08733333,Chandler,OK,35.704253,-96.858266
72105,LOVES TRAVEL STOP #171,SR-375 & SR-31,McAlester,OK,560,3.43733333,Mcalester,OK,34.926233,-95.759168
72106,Loves Country Store #118,US-77 & SR-29,Wynnewood,OK,569,2.989,Wynnewood,OK,34.63847,-97.176952
72108,FARMERS UNION OIL OF CARPIO,US-52 & SR-28,Carpio                                  ,ND,452,3.384,Carpio,ND,48.432299,-101.711943
72110,FAST STOP,US-84 & CR-1800,Lubbock,TX,700,2.999,Lubbock,TX,33.586527,-101.860634
72111,FAST STOP,"I-40, Exit 81 & FM-1912",Amarillo,TX,585,2.944,Amarillo,TX,35.203238,-101.842052
72112,Flyers #3219,US-60,Claypool,AZ,930,3.849,Claypool,AZ,33.411111,-110.841944
72113,Food N Fuel,US-6 & CR-4,New Lenox                               ,IL,296,3.399,New Lenox,IL,41.506701,-87.963083
72114,Gas  House,"I-77, Exit 49B",Statesville,NC,46,3.424,Statesville,NC,35.8381,-80.8842
72115,FRIENDSHIP FOOD & FUEL,SR-15 & CR-244,Ecru                                    ,MS,576,3.799,Ecru,MS,34.337106,-88.955956
72116,FRIENDSHIP FOOD MART #90,I-90 & SR-57,Elyria,OH,305,3.779,Elyria,OH,41.372353,-82.105088
72118,GAS N WASH,I-355 & SR-7,HOMER GLEN,IL,296,3.599,Homer Glen,IL,41.6,-87.938056
72119,Gas N Wash Cicero,SR-50,Berwyn,IL,291,3.569,Berwyn,IL,41.841819,-87.79075
72120,GAS PRO TRAVEL CENTER,US-301/25,Statesboro,GA,195,3.129,Statesboro,GA,32.440841,-81.773956
72122,KWIK TRIP #1115,US-63 & US-8,Turtle Lake,WI,295,3.65566666,Turtle Lake,WI,45.421349,-92.178142
72124,GET GO #3016,I-376 & SR-18,Monaca,PA,96,5.499,Monaca,PA,40.671847,-80.291743
72125,GETGO #7520,I-65 & US-31,Edinburgh,IN,375,3.359,Edinburgh,IN,39.362601,-85.970712
72126,GETGO #7526,I-69 & SR-332,Yorktown,IN,457,3.343,Yorktown,IN,40.183581,-85.495995
72128,GETGO #7545,I-65 & SR-400,Whitestown,IN,375,3.30233333,Whitestown,IN,40.00002,-86.350716
72130,GILBERTS SHELL,SR-72 & CR-59,Gilberts,IL,290,3.279,Gilberts,IL,42.098377,-88.369089
72132,GO TIME 4,I-64 Exit 94 & SR-1958,Winchester,KY,410,2.90733333,Winchester,KY,37.987161,-84.178894
72134,Gulf,US-422 & SR-528/168,Parkman,OH,573,3.649,Parkman,OH,41.370556,-81.065278
72136,HANA TRAVEL CENTER,"I-30, EXIT 153 & SR-185",Winfield,TX,723,3.079,Winfield,TX,33.161498,-95.078984
72139,HOLMES EXPRESS,US-78 & SR-175,Memphis,TN,435,3.399,Memphis,TN,35.0337,-89.9343
72142,CASEYS #3990,"I-90E, exit 96 and SR-17",Elkhart,IN,465,3.629,Elkhart,IN,41.710083,-85.972949
72143,Caseys #4023,US 36 & US 183,Phillipsburg                            ,KS,357,3.29233333,Phillipsburg,KS,39.762333,-99.33284
72144,HUCKS FOOD & FUEL #397,US-68 & SR-432,Bowling Green,KY,487,3.499,Bowling Green,KY,37.007874,-86.455891
72145,JP ZEBULON,US-19,Zebulon,GA,67,3.135,Zebulon,GA,33.100235,-84.310827
72146,HUTTER'S,SR-72,Jonestown                               ,PA,70,3.719,Jonestown,PA,40.43607,-76.503842
72148,IRON HORSE TRAVEL CENTER,I-20 EXIT 270 & FM-1235,Merkel,TX,575,2.87566666,Merkel,TX,32.444371,-99.992443
72149,IVOR MART,US-460,Hopewell,VA,180,3.699,Hopewell,VA,37.287576,-77.295013
72150,J AND R MARKET,SR-105 & SR-326,Sour Lake                               ,TX,610,3.159,Sour Lake,TX,30.149134,-94.373341
72153,Jet Food Store,SR-15 & SR-46,Soperton,GA,85,3.41566666,Soperton,GA,32.386861,-82.587098
72154,JET FOOD STORE #93,US-280 & SR-135,Vidalia,GA,195,3.43233333,Vidalia,GA,32.193408,-82.406724
72155,JIFFY TRIP #142,US-77,Newkirk                                 ,OK,500,3.059,Newkirk,OK,36.887425,-97.05133
72156,JORDANS KWIK STOP #5,US-412,Portia,AR,418,3.37566666,Portia,AR,36.080699,-91.068004
72157,JORDANS KWIK STOP #52,US-67 & SR-304,Pocahontas,AR,418,3.31233333,Pocahontas,AR,36.282876,-90.996782
72160,KENJO MARKET #52,US-321,Maryville,TN,405,3.249,Maryville,TN,35.782449,-83.914541
72162,Krazy K's,US-45,Buckatunna                              ,MS,620,3.149,Buckatunna,MS,31.507976,-88.52573
72163,KWIK FILL,US-206,Hillsborough,NJ,115,3.399,Hillsborough,NJ,40.4775,-74.627222
72170,STRIPES # 41977,"I-2, EXIT 168",La Feria,TX,639,3.219,La Feria,TX,26.166556,-97.826115
72171,LAWTEY SHELL SERVICE,US-301 ,Lawtey                                  ,FL,75,3.599,Lawtey,FL,30.047164,-82.105544
72175,ALLSUPS #2410,"I-35/US-77, EXIT 368 & SR-22",Whitney,TX,765,2.96566666,Whitney,TX,31.959201,-97.33495
72180,LITTLEFIELD EXPRESS #4,I-40 Exit 321,Muldrow                                 ,OK,645,3.419,Muldrow,OK,35.401985,-94.633216
72181,LITTLEFIELD EXPRESS #7,US-167,Cave City,AR,418,3.349,Cave City,AR,35.951684,-91.544432
72182,LULING MINI MART,I-10 Exit 628 & SR-80,Luling                                  ,TX,595,2.96566666,Luling,TX,29.682621,-97.649947
72184,MACS 33,US-49,Florence,MS,620,2.899,Florence,MS,32.153002,-90.121672
72185,Circle K #2709332,US-231/SR-53,Montgomery,AL,720,3.259,Montgomery,AL,32.3743,-86.3118
72188,MARATHON,US-61 & SR-637,Reserve,LA,623,3.749,Reserve,LA,30.060255,-90.551773
72189,MARATHON,I-75 & CR-20,Middletown,OH,317,3.21566666,Middletown,OH,39.532121,-84.389601
72190,Minuteman Food Mart #37,US-74,Leland,NC,245,3.389,Leland,NC,34.267952,-78.057815
72191,MARATHON RIVERSIDE GAS,I-80 & CR-6,Elkhart,IN,465,3.499,Elkhart,IN,41.710083,-85.972949
72192,MASSEY FUEL,"I-95, EXIT 30",Bridgeport,CT,100,3.399,Bridgeport,CT,41.1669,-73.2052
72193,MERRIMAN COUNTRY STORE,SR-1 & CR-3700,Allen                                   ,OK,569,3.099,Allen,OK,34.850176,-96.558462
72194,Mobil,I-57,Riverdale,IL,365,3.699,Riverdale,IL,41.6503,-87.6319
72195,MOBIL,US-46,Columbia,NJ,90,3.079,Columbia,NJ,40.938805,-75.054983
72196,MORGAN OIL,US-224 & CR-231,Lowellville,OH,573,3.399,Lowellville,OH,41.050256,-80.541551
72197,MOTOMART #3369,SR-370 E,Saint Charles                           ,MO,540,3.04233333,Saint Charles,MO,38.801424,-90.506503
72199,MPC #99A,I-270 Exit 22B,Hazelwood,MO,540,3.059,Hazelwood,MO,38.780875,-90.366925
72200,Swift Mart,I-55/SR-7 & US-51,Grenada                                 ,MS,655,3.36566666,Grenada,MS,33.775094,-89.808738
72201,MUDD CREEK COUNTRY STORE,US-79,Franklin                                ,TX,670,3.194,Franklin,TX,31.035013,-96.442643
72202,MUSTANG MARKET,I-80 Exit 73,Sparks                                  ,NV,966,4.199,Sparks,NV,39.547254,-119.755588
72205,NIC'S,SR-97,Bainbridge,GA,20,3.379,Bainbridge,GA,30.9355,-84.5809
72206,NORTHLAKE BP,I-294 & US-45,Melrose Park,IL,290,3.599,Melrose Park,IL,41.900347,-87.858066
72207,NZT,I-294,Alsip                                   ,IL,365,3.389,Alsip,IL,41.6723,-87.7339
72210,CITGO,US-70,Princeton                               ,NC,205,3.699,Princeton,NC,35.455833,-78.167368
72212,PARKERS #72,US-52 & SR- 402,Moncks Corner,SC,42,3.25566666,Moncks Corner,SC,33.163071,-80.036576
72215,PIT STOP #1,SR-31 & SR-34,Weedsport                               ,NY,220,3.899,Weedsport,NY,43.048882,-76.542502
72216,Pit Stop #14,US-20/US-16,Worland,WY,836,3.829,Worland,WY,44.013796,-107.95626
72217,PIEDMONT PETROLEUM,US-501,Lynchburg,VA,185,3.459,Lynchburg,VA,37.386228,-79.171464
72219,QUICK FILL,US-78/SR-4,Eastaboga                               ,AL,587,3.099,Eastaboga,AL,33.603132,-85.96075
72222,RAINY LAKE OIL,CR-332 & CR-24,International Falls,MN,334,3.379,International Falls,MN,48.583398,-93.40609
72224,RAYMOND TRUCK STOP,US-1/US-9,Newark,NJ,115,3.259,Newark,NJ,40.7308,-74.1744
72225,SHEETZ #144,US-220 & SR-55,Moorefield,WV,60,3.289,Moorefield,WV,39.056812,-78.97793
72226,REBEL GAS MART,SR-7,Oxford,MS,435,3.049,Oxford,MS,34.354354,-89.49692
72227,RED BANKS VALERO,I-22 & SR-178,Red Banks,MS,435,2.999,Red Banks,MS,34.875039,-89.519839
72228,REFUEL #1043,US-15,Sumter,SC,42,3.09566666,Sumter,SC,33.928199,-80.321008
72229,REFUEL #1047,US-521,Sumter,SC,42,3.00566666,Sumter,SC,33.928199,-80.321008
72230,REFUEL #1116,US-64,Apex,NC,177,3.799,Apex,NC,35.722504,-78.840816
72231,RENO JUNCTION TRAVEL PLAZA,SR-59 & SR-387,Wright,WY,822,3.509,Wright,WY,43.829349,-105.532327
72232,RICKY ROCKETS FUEL,I-294 & US-12,HICKORY HILLS,IL,291,3.899,Hickory Hills,IL,41.726228,-87.828893
72233,ROAD RANGER #284,I-27 & FM-1729,New Deal,TX,700,2.98566666,New Deal,TX,33.737222,-101.836111
72235,ROC ONE STOP #1,SR-34,Galatia,IL,473,3.559,Galatia,IL,37.827444,-88.623488
72236,ROYAL FARMS #108,US-13,Cape Charles,VA,130,3.47233333,Cape Charles,VA,37.279874,-75.972129
72237,ROYAL FARMS #135,SR-404 & SR-16,Denton                                  ,MD,194,3.339,Denton,MD,38.877928,-75.836071
72238,ROYAL FARMS #169,I-895 & US-40,Baltimore                               ,MD,22,3.259,Baltimore,MD,39.17185,-76.648287
72239,ROYAL FARMS #171,US-13 & SR-24,Laurel                                  ,DE,194,3.259,Laurel,DE,38.553695,-75.563052
72240,ROYAL FARMS #191,I-83 Exit 20A,Hunt Valley,MD,22,4.199,Hunt Valley,MD,39.502623,-76.659844
72241,ROYAL FARMS #242,I-95 Exit 27,Philadelphia,PA,160,3.799,Philadelphia,PA,39.864998,-75.275196
72242,ROYAL FARMS #311,SR-7 & SR-43,Nottingham,MD,22,3.269,Nottingham,MD,39.391412,-76.487106
72243,Racetrac #2611,"I-65, EXIT 116",Shepherdsville,KY,415,2.959,Shepherdsville,KY,38.004515,-85.688767
72247,SEVEN MART,I-20 & SR-17,Delhi,LA,719,3.199,Delhi,LA,32.450433,-91.512487
72248,SHELBY EXPRESS,SR-175,Memphis,TN,435,3.699,Memphis,TN,35.0337,-89.9343
72250,RACEWAY #6854,US-278 & SR-113,Rockmart                                ,GA,18,3.17233333,Rockmart,GA,33.997912,-85.05937
72251,SHELL,I-94 & US-12,Detroit,MI,325,3.699,Detroit,MI,42.347429,-83.060398
72256,SHELL,US-1,Warren                                  ,ME,203,3.999,Warren,ME,44.127066,-69.247894
72257, DUCK THRU #55,US-13BYP & SR-308,Windsor,NC,205,3.239,Windsor,NC,36.015881,-76.933612
72259,SHELL,SR-72 & SR-25,Dundee,IL,293,3.279,Dundee,IL,42.096197,-88.290202
72260,Duck Thru #58,US-13 & CR-677,Suffolk,VA,130,3.449,Suffolk,VA,36.866823,-76.559811
72261,SHELL,US-45 & CR-520,Shannon,MS,742,3.199,Shannon,MS,34.121035,-88.734206
72262,7-ELEVEN #38855,"I-95, exit 58",Colonial Heights,VA,180,3.509,Colonial Heights,VA,37.269968,-77.403829
72263,SPARTAN FUELS,US-80 & SR-22,Columbus,GA,50,3.309,Columbus,GA,32.473035,-84.979456
72264,CIRCLE K #2654249,SR 24 & SR 286,Paris,TX,723,2.959,Paris,TX,33.658077,-95.537881
72266,SHELL SERVICE STATION,I-65 Exit 14 & US-64,Pulaski                                 ,TN,655,3.209,Pulaski,TN,35.209274,-87.039263
72267,SHELL SERVICE STATION,I-90 Exit 52,Elgin                                   ,IL,290,3.279,Elgin,IL,42.038356,-88.260631
72268,SHORT STOP,US-67/283,Santa Anna,TX,575,3.499,Santa Anna,TX,31.721477,-99.321197
72273,SPINX #341,SR-41,Charleston,SC,42,3.33233333,Charleston,SC,32.962223,-79.86533
72274,SPINX #366,SR-642,Summerville,SC,42,3.279,Summerville,SC,33.028045,-80.173852
72276,STAR 001,US-20 & SR-23,SOUTH BEND,IN,465,3.73233333,South Bend,IN,41.672699,-86.253489
72277,STOP N GAS,SR-15 & SR-39,Yorkshire                               ,NY,38,4.099,Yorkshire,NY,42.53,-78.473056
72278,SUN DO,I-74 Exit 197,Maxton                                  ,NC,63,3.439,Maxton,NC,34.733435,-79.309725
72279,AMOCO,US-30,Clarence,IA,380,3.399,Clarence,IA,41.88958,-91.060457
72281,SUNOCO,I-95 Exit 77B & SR-24,Edgewood,MD,22,3.299,Edgewood,MD,39.427725,-76.30555
72282,SUNOCO,I-278 Exit 48,Bronx,NY,105,4.539,Bronx,NY,40.8222,-73.921735
72285,CUSSETA TRAVEL CENTER,SR 520,Cusseta,GA,50,3.199,Cusseta,GA,32.299026,-84.764537
72287,CASEY'S #4522,US-81,Hennessey,OK,483,3.059,Hennessey,OK,36.086848,-97.892595
72288,S&G #88,I-475 Exit 13 & US-20,Toledo,OH,550,3.009,Toledo,OH,41.642,-83.5438
72289,SUNOCO,SR-12 & FM-1136,Orange,TX,610,2.899,Orange,TX,30.125167,-93.771883
72290,SUNSTOP,US-19,Thomasville,GA,20,3.28233333,Thomasville,GA,30.8665,-83.9233
72291,Union 76,US-129,Mc Alpin,FL,75,3.659,Mc Alpin,FL,30.150899,-82.966182
72292,SUNSTOP #336,SR-121 & CR-18,Lake Butler,FL,75,3.59233333,Lake Butler,FL,30.003485,-82.382796
72293,SUNSTOP INLAND DBA ONE9 #1402,I-10 & SR-71,Marianna                                ,FL,20,3.299,Marianna,FL,30.758587,-85.229367
72294,SWANTON SUNOCO,I-89 & SR-78,Swanton                                 ,VT,39,3.539,Swanton,VT,44.916754,-73.121124
72295,SWIFT,US-69,Nederland,TX,610,2.98566666,Nederland,TX,29.971609,-94.001192
72296,SWIFT STOP #5,US-84 & US-380,Post,TX,700,2.943,Post,TX,33.201695,-101.39216
72297,T & M FOOD STORE,SR-113,Taylorsville                            ,GA,193,3.367,Taylorsville,GA,34.122941,-84.973859
72298,TARZAN AND JANE,I-20 & SR-137,Stanton,TX,612,3.299,Stanton,TX,32.139992,-101.809887
72302,TEXACO,SR-114 & SR-156,Pennington,AL,705,3.19733333,Pennington,AL,32.226245,-88.0931
72303,TEXACO #378602,I-59 Exit 85 & SR-590,Ellisville,MS,620,3.199,Ellisville,MS,31.579663,-89.223073
72305,THE ANCHOR,US-60 & CR-3500,Mountain View                           ,MO,535,3.03233333,Mountain View,MO,36.989197,-91.709937
72308,Racetrac #2609,SR-60,Okeechobee,FL,140,3.299,Okeechobee,FL,27.311532,-80.847853
72309,Racetrac #2608,"I-59, EXIT 181 & SR-77",Gadsden,AL,587,2.999,Gadsden,AL,33.997248,-86.010279
72310,RACETRAC #2387,US-19,Hudson,FL,225,3.31566666,Hudson,FL,28.364763,-82.675669
72313,THOMPSON'S CORNER,US-25,Millen                                  ,GA,135,3.31566666,Millen,GA,32.787739,-81.961807
72314,THORNTONS #0333,SR-59 & SR-56,Warrenville,IL,346,3.549,Warrenville,IL,41.828046,-88.19213
72315,THORNTONS #221343,US-14 & SR-31,Crystal Lake,IL,293,3.449,Crystal Lake,IL,42.266198,-88.321294
72316,THORNTONS #221344,SR-120,Mchenry,IL,297,3.649,Mchenry,IL,42.3334,-88.2668
72317,THORNTONS #261169,SR-1747 & SR-2052,Louisville,KY,415,3.28066666,Louisville,KY,38.2435,-85.7639
72318,THORNTONS #330,I-55 & SR-50,Cicero,IL,290,3.549,Cicero,IL,41.845556,-87.753889
72319,THORNTONS #5,I-55 & SR-50,Cicero,IL,290,3.599,Cicero,IL,41.845556,-87.753889
72320,THORNTONS #616,SR-265,Lebanon,TN,460,2.87566666,Lebanon,TN,36.209792,-86.302367
72321,Thorntons #617,I-24 Exit 64,La Vergne,TN,460,2.88233333,La Vergne,TN,36.012714,-86.559969
72324,TREE CITY TRAVEL PLAZA,US-421,Greensburg,IN,375,3.989,Greensburg,IN,39.331223,-85.473532
72325,TREX MART #17,I-29 & SR-371,Platte City,MO,400,2.999,Platte City,MO,39.360171,-94.788972
72326,CIRCLE K #4700101,I-65 Exit 50,Seymour,IN,375,3.499,Seymour,IN,38.957133,-85.882477
72328,Tropic Fleet Hialeah Cardlock,SR-953 & SR-934,Miami                                   ,FL,95,3.479,Miami,FL,25.779,-80.1982
72329,TROTTERS,SR-2 ,Broken Bow                              ,NE,475,3.299,Broken Bow,NE,41.412586,-99.635452
72330,TRUE NORTH #325,SR-57 & SR-113,Elyria,OH,414,3.679,Elyria,OH,41.372353,-82.105088
72331,TUPELO TRAVEL STOP,SR-48 & SR-3,Tupelo,OK,569,2.999,Tupelo,OK,34.559809,-96.427365
72332,TXB #82 DBA KWIK CHEK FOOD STORES,US-83,Asherton,TX,693,3.259,Asherton,TX,28.436421,-99.748611
72333,UNITED MARKET,US-84,Blackshear,GA,75,3.76566666,Blackshear,GA,31.293063,-82.261708
72335,VALERO,US-30 & SR-598,Galion,OH,411,3.499,Galion,OH,40.730316,-82.793943
72337,VALLEY COUNTRY STORE,I-84 & US-93,Jerome,ID,787,3.43233333,Jerome,ID,42.71784,-114.501244
72338,VALLEY MART #05,US-90 & SR-173,Hondo                                   ,TX,740,3.199,Hondo,TX,29.356065,-99.127637
72339,VP RACING FUEL,US-231 ,Panama City,FL,145,3.499,Panama City,FL,30.160624,-85.649403
72340,WARREN OIL,US-6,Channahon                               ,IL,399,3.629,Channahon,IL,41.434664,-88.213786
72342,WHITE RIVER,US-231 & SR-58,Bloomfield,IN,546,3.759,Bloomfield,IN,39.029542,-86.867549
72343,WOLF DEN,US-97,Wapato,WA,925,3.409,Wapato,WA,46.45066,-120.426484
72344,WOW FOOD MART,I-75 & US-25,Richmond,KY,410,3.609,Richmond,KY,37.754605,-84.295526
72345,YAKAMART,US-97,Toppenish                               ,WA,925,3.509,Toppenish,WA,46.375123,-120.330534
72346,Y-NOT STOP,US-165 & SR-10,Oakdale,LA,730,3.699,Oakdale,LA,30.817173,-92.663964
72347,MARATHON,I-94 Exit 121,Albion,MI,431,3.699,Albion,MI,42.258073,-84.756052
72348,7-ELEVEN #34718,"I-294, EXIT 25",Hinsdale,IL,290,3.719,Hinsdale,IL,41.7891,-87.940089
72349,7-ELEVEN #34713,"I-90, EXIT 24",Belvidere,IL,290,3.659,Belvidere,IL,42.259465,-88.850943
72350,7-ELEVEN #34709,504 N CREGO RD,Dekalb,IL,290,4.439,Dekalb,IL,41.934245,-88.760673
72351,LOVES TRAVEL STOP #874,"I-65, EXIT 175 & SR-25",Lafayette,IN,365,3.67233333,Lafayette,IN,40.417743,-86.888358
72352,LOVES TRAVEL STOP #858,"I-49, EXIT 172 & US-84",Mansfield,LA,745,3.24566666,Mansfield,LA,32.023863,-93.698045
72360,PUMP & PANTRY #22,SR-91 & SR-11,Burwell,NE,330,3.299,Burwell,NE,41.807982,-99.099527
72361,PUMP & PANTRY #39,I-80 Exit 179 & SR-56G,North Platte,NE,330,3.11566666,North Platte,NE,41.132595,-100.774631
72362,PUMP & PANTRY #18,US-281 & CR-11,Doniphan,NE,330,3.30733333,Doniphan,NE,40.770031,-98.37901
72363,PUMP & PANTRY #1,US-30,Grand Island,NE,330,3.30733333,Grand Island,NE,40.921858,-98.341062
72368,CHEVRON #352416,I-8 Exit 73,Jacumba,CA,900,6.399,Jacumba,CA,32.624934,-116.195184
72372,Eastland Truck Stop,I-20 Exit 340 & SR-6,Eastland                                ,TX,575,2.93233333,Eastland,TX,32.399418,-98.807101
72373,Rusty Lantern,SR-4 ,Turner                                  ,ME,170,3.899,Turner,ME,44.255669,-70.249444
72374,Rusty Lantern,SR-26 & SR-219,West Paris                              ,ME,170,3.96566666,West Paris,ME,44.32527,-70.573167
72376,SUNOCO,US 84 & SR 39,Donalsonville,GA,20,3.499,Donalsonville,GA,31.040278,-84.879167
72378,EB SUNOCO,SR-3 & SR-28,Muncie,IN,457,3.799,Muncie,IN,40.168414,-85.380689
72380,EXXPRESS MART #12,US-287 & SR-421,Lumberton                               ,TX,610,2.959,Lumberton,TX,30.253056,-94.189722
72382,EXXPRESS MART #4,SR-105,Beaumont,TX,610,3.199,Beaumont,TX,30.068805,-94.103896
72385,GAS N WASH,I-57 & SR-17,Kankakee                                ,IL,399,3.599,Kankakee,IL,41.116582,-87.869607
72387,Williams Fuel Stop,SR-7 & SR-735,Gallipolis,OH,255,3.54066666,Gallipolis,OH,38.814781,-82.22902
72389,PILOT #1354,US 385,Odessa,TX,710,3.56566666,Odessa,TX,31.8465,-102.3663
72390,QUIKTRIP #46,US 169 & SR 266,Tulsa,OK,560,3.14233333,Tulsa,OK,36.05566,-96.060229
72391,QUIKTRIP #56,US-169 & SR-11,Tulsa,OK,560,3.14233333,Tulsa,OK,36.05566,-96.060229
72394,LOVES TRAVEL STOP #871,"I-85, Exit 32",Piedmont,SC,30,3.19733333,Piedmont,SC,34.724433,-82.470216
72395,ALLSUPS #2427,US 84,Gatesville,TX,765,3.00733333,Gatesville,TX,31.447646,-97.724286
72396,RACETRAC #2624,US-1,Marathon                                ,FL,95,3.23566666,Marathon,FL,24.727919,-81.038581
72400,HAN DEE HUGOS #21,US-17 & SR-87,Winnabow                                ,NC,245,3.41233333,Winnabow,NC,34.214511,-78.056211
72402,HAN DEE HUGOS #5,SR-410 & SR-211,Bladenboro                              ,NC,63,3.20566666,Bladenboro,NC,34.565832,-78.779295
72403,HAN DEE HUGOS #67,US-70,Raleigh                                 ,NC,177,3.999,Raleigh,NC,35.772701,-78.632439
72408,JOURNEY FOOD STORE #2,US-301,Callahan,FL,75,3.399,Callahan,FL,30.551958,-81.814465
72410,KELLEYS MARKET,I-90 Exit 15 & US-20 BUS,Rockford                                ,IL,520,2.969,Rockford,IL,42.292233,-89.116118
72412,KELLEYS MARKET,US-20,Cherry Valley,IL,520,3.699,Cherry Valley,IL,42.220562,-88.961923
72413,TROPIC OIL COMPANY,SR-17,Lake Wales,FL,140,3.499,Lake Wales,FL,27.903734,-81.548805
72418,SHELL,SR-953,Miami                                   ,FL,95,3.479,Miami,FL,25.779,-80.1982
72419,Denver 39th Ave Cardlock,I-70/US-36 EXIT-281,Denver,CO,800,3.49066666,Denver,CO,39.840562,-105.007985
72420,MAVERIK COUNTRY STORE #620,SR-8,Saint George,UT,791,3.46233333,Saint George,UT,37.106651,-113.595261
72424,MIDDLESEX FOOD STORE,CR-604,Carteret                                ,NJ,79,3.51566666,Carteret,NJ,40.582278,-74.231345
72425,MINUTEMAN FOOD MART #18,SR-87,Tar Heel                                ,NC,63,4.619,Tar Heel,NC,34.746541,-78.81341
72428,QUIKTRIP #7249,US 80 E,Flowood,MS,705,2.91566666,Flowood,MS,32.3165,-90.1105
72429,PARKERS #16 (DISCOUNT AVAILABLE),SR-21,Port Wentworth                          ,GA,195,3.10566666,Port Wentworth,GA,32.92380187716535,-83.6176606503937
72430,PATRIOT FUELING CENTER,SR-9,Lineville,AL,587,3.299,Lineville,AL,33.328613,-85.734609
72432,Yesway #1203,SR-6,Clifton,TX,765,2.969,Clifton,TX,31.799689,-97.515282
72433,RENFROE STORE,SR-25,Carthage,MS,705,4.099,Carthage,MS,32.788635,-89.535274
72435,Cedar City Cardlock (Bulk Plant),"I-15, EXIT 59",Cedar City                              ,UT,791,3.459,Cedar City,UT,37.689544,-113.074513
72436,Ricky Rockets,SR-390 &SR-53,Itasca,IL,297,3.399,Itasca,IL,41.971967,-88.020247
72437,Tropic Oil,US-191,Moab                                    ,UT,810,4.169,Moab,UT,38.567674,-109.527087
72438,QUIKTRIP #7208,I-290 EXIT 18A,Bellwood,IL,290,3.079,Bellwood,IL,41.882484,-87.878557
72440,Rutters #84,US-15 & SR-340,Emmitsburg,MD,22,3.91566666,Emmitsburg,MD,39.694044,-77.335658
72441,SHEETZ #165,US-6,Coudersport,PA,240,3.699,Coudersport,PA,41.781529,-78.003861
72442,SHEETZ #239,I-70 Exit 57,New Stanton                             ,PA,68,3.28566666,New Stanton,PA,40.223345,-79.618187
72443,SHEETZ #553,I-81 Exit 3,Greencastle,PA,70,3.33233333,Greencastle,PA,39.781827,-77.746956
72444,SHEETZ #597,I-40 Exit 126,Hickory                                 ,NC,46,2.859,Hickory,NC,35.75757,-81.328858
72445,SHEETZ #639,I-80 Exit 223,Youngstown,OH,573,3.059,Youngstown,OH,41.0986,-80.6474
72446,SHEETZ #656,US-219 & US-6,Kane,PA,240,3.699,Kane,PA,41.661861,-78.797778
72447,SHEETZ #689,I-64 EXIT 197A  & SR-156,Henrico,VA,180,2.949,Henrico,VA,37.664057188591386,-78.48167218509894
72448,SHELL SERVICE STATION,SR-55,Morrison,TN,285,3.499,Morrison,TN,35.60002,-85.889895
72456,SPINX #161,I-85 Exit 60 & SR-101,Greer,SC,210,3.159,Greer,SC,34.8968,-82.267442
72458,7-ELEVEN #41335,SR-80 & SR-29,Labelle,FL,225,3.599,Labelle,FL,26.732093,-81.434027
72459,7-ELEVEN #34154,I-75 Exit 128,Fort Myers,FL,225,3.299,Fort Myers,FL,26.620403,-81.8725
72462,Story Belgrade Cardlock,"I-90, EXIT 298",Belgrade,MT,786,3.699,Belgrade,MT,45.780126,-111.143927
72466,Holbrook Cardlock,I-40 EXIT 285,Holbrook                                ,AZ,930,3.23233333,Holbrook,AZ,34.908451,-110.143412
72467,SUNOCO SERVICE STATION,I-81 Exit 44 & SR-465,Carlisle                                ,PA,70,3.889,Carlisle,PA,40.203877,-77.199526
72468,Springerville Cardlock,US-191,Springerville,AZ,930,3.259,Springerville,AZ,34.119333,-109.304066
72471,THORNTONS #221335,I-55 Exit 263,Bolingbrook,IL,296,3.649,Bolingbrook,IL,41.697605,-88.087315
72473,Loves Travel Stop #885,US 77,Harlingen,TX,665,3.649,Harlingen,TX,26.195142,-97.688981
72475,Express 24,SR-77 & US-60,Show Low                                ,AZ,930,3.299,Show Low,AZ,34.060117,-110.054633
72476,Mandan Cardlock (Bulk Plant),"I-94, EXIT 153",Mandan                                  ,ND,273,3.599,Mandan,ND,46.830649,-100.909175
72477,Racetrac #2618,US-231 & CR-8,Huntsville,AL,615,2.95066666,Huntsville,AL,34.726866,-86.567318
72478,Racetrac #2621,SR-53,Huntsville,AL,615,3.099,Huntsville,AL,34.726866,-86.567318
72479,CEFCO #2086,US 180 & 84,Snyder,TX,700,2.96566666,Snyder,TX,32.715105,-100.907485
72480,TA Mt Vernon,I-44,Mount Vernon,MO,535,3.404,Mount Vernon,MO,37.104466,-93.797632
72481,CASEYS #4323,SR-57 & SR-60,Wanamingo                               ,MN,451,3.499,Wanamingo,MN,44.31214,-92.810258
72482,RUTTERS FARM STORE #80,SR 61,Orwigsburg,PA,208,3.859,Orwigsburg,PA,40.643071,-76.083999
72483,Circle K #4700047,I-65 Exit 34A,Austin,IN,415,3.799,Austin,IN,38.747801,-85.796188
72485,ALLSUPS CONVENIENCE STORE #2160,US 70,Roswell,NM,593,3.25566666,Roswell,NM,33.388504,-104.525857
72486,QUIKTRIP #4216,"I-70 & SR-79, EXIT 304",Bennett,CO,800,3.199,Bennett,CO,39.725398,-104.427284
72487,PILOT #1380,I-2 EXIT 161,Mercedes,TX,639,3.659,Mercedes,TX,26.15133,-97.918503
72488,MAVERIK COUNTRY STORE #657,I-15 Exit 10,Washington,UT,910,3.42566666,Washington,UT,37.136379,-113.505043
72489,CASEYS #3987,LINCOLN HWY,Wanatah,IN,465,3.71566666,Wanatah,IN,41.384477,-86.876439
72490,ASAP GENERAL STORE #322,US-281,Hinton,OK,483,3.13233333,Hinton,OK,35.4675,-98.331348
72492,CIRCLE K #2709098,US 85,Greeley,CO,800,3.21066666,Greeley,CO,40.413968,-104.704756
72493,Chiricahua Apache Plaza,I-10 EXIT 102,Deming,NM,640,3.03733333,Deming,NM,32.231808,-107.746559
72494,7-ELEVEN #42132,"I-35, EXIT 131",Lytle,TX,740,3.599,Lytle,TX,29.236568,-98.794489
72495,ROAD RANGER #286,1-40 EXIT 77,Amarillo,TX,585,2.97233333,Amarillo,TX,35.203238,-101.842052
72496,ROAD RANGER #289,I-45 EXIT 189,Teague,TX,765,3.39566666,Teague,TX,31.632772,-96.27778
72497,ROAD RANGER #290,"I-44, Exit 13",Joplin,MO,277,3.21233333,Joplin,MO,37.096858,-94.505144
72498,SHEETZ  #760,"I-71, EXIT 140 Township Rd 256",Marengo,OH,315,3.06566666,Marengo,OH,40.389512,-82.812136
72499,Bowie Travel Center Chevron dba One9 #1411,I-10,Bowie,AZ,980,3.014,Bowie,AZ,32.326389,-109.486389
72500,GAS N WASH,US 34,Plano,IL,290,3.499,Plano,IL,41.666987,-88.53838
72501,QUIKTRIP #7203,"I-80, EXIT 75 &SR-251",Peru,IL,520,2.969,Peru,IL,41.333021,-89.126478
72502,QUIKTRIP #7133,"I-95, EXIT 190 & SR-34",Dillon,SC,63,3.08233333,Dillon,SC,34.414553,-79.377015
72503,QUIKTRIP #7151,I-55/40 EXIT 278 & SR-191,West Memphis,AR,435,2.999,West Memphis,AR,35.148442,-90.17792
72505,CASEYS #4379,I-59 HWY,Worthington,MN,530,3.14233333,Worthington,MN,43.628626,-95.605907
72506,CASEYS #4273,SR-56,Madison,IN,375,3.699,Madison,IN,38.764866,-85.407019
72507,Golden Gate Fillmore,SR 99,Fillmore,UT,791,3.29733333,Fillmore,UT,38.980539,-112.331321
72510,STUCK FLEET FUELING,US-19,Waynesburg,PA,165,4.499,Waynesburg,PA,39.891691,-80.179524
72514,Petro-Card 24 #910722,SR-6,Trenton                                 ,MO,276,3.149,Trenton,MO,40.082335,-93.608634
72515,PETRO-CARD 24 #910520,US-54BUS,Mexico                                  ,MO,310,3.229,Mexico,MO,39.171233,-91.889473
72519,CIRCLE K #2723050,SR-59,Hope Mills,NC,205,2.909,Hope Mills,NC,34.953564,-78.935364
72520,PETRO-CARD 24 #910160,US-50,Warrensburg                             ,MO,400,3.299,Warrensburg,MO,38.766695,-93.727341
72521,PETRO-CARD 24 #910410,I-44/US-66,Lebanon                                 ,MO,535,3.099,Lebanon,MO,37.685049,-92.655029
72522,MFA #910591,US-63 ,La Plata,MO,494,3.339,La Plata,MO,40.020831,-92.507669
72523,Petro-Card 24 #910820,US-60BUS,Willow Springs                          ,MO,535,3.399,Willow Springs,MO,36.995812,-91.940545
72524,QuickChek #189,US-46,Ridgefield,NJ,115,3.25233333,Ridgefield,NJ,40.832568,-74.001531
72526,PETRO-CARD 24 #911251,US-169,King City                               ,MO,567,3.299,King City,MO,40.065184,-94.523412
72528,MFA #910260,SR-87/240,Glasgow                                 ,MO,310,3.3965,Glasgow,MO,39.225736,-92.831812
72529,PETRO-CARD 24 #910530,US-24,Moberly                                 ,MO,310,3.419,Moberly,MO,39.420239,-92.435793
72530,PETRO-CARD 24 #910140,US-50 BUS,California                              ,MO,392,3.459,California,MO,38.622369,-92.545558
72531,PETRO-CARD 24 #910040,US-60 BUS,Aurora,MO,416,3.209,Aurora,MO,36.947661,-93.71238
72533,Fuel 4,US-9,Jersey City,NJ,115,3.239,Jersey City,NJ,40.7164,-74.038
72534,Petro-Card 24 #911290,US-59,Mound City                              ,MO,567,3.149,Mound City,MO,40.136238,-95.213837
72535,MFA #911310,SR-5,Centerville                             ,IA,489,3.12566666,Centerville,IA,40.73259,-92.872826
72536,MFA 910281,SR-5 ,Milan,MO,276,3.299,Milan,MO,40.184435,-93.136149
72537,PETRO-CARD 24 #910210,SR-7,Clinton                                 ,MO,400,3.399,Clinton,MO,38.368811,-93.758906
72538,Petro-Card 24 #910670,SR-51,Qulin                                   ,MO,275,3.199,Qulin,MO,36.581769,-90.261674
72540,MFA #910441,US-54,Louisiana                               ,MO,494,3.049,Louisiana,MO,39.43359,-91.066385
72541,MFA 911021,US-136 ,Tarkio                                  ,MO,567,3.329,Tarkio,MO,40.441841,-95.378586
72542,MFA #910731,SR-15,Shelbina                                ,MO,494,2.999,Shelbina,MO,39.694718,-92.03706
72543,PETRO CARD 24,SR-18,Clinton                                 ,MO,400,3.399,Clinton,MO,38.368811,-93.758906
72544,BJS NEW UNDERWOOD,CR-1416,New Underwood,SD,506,3.699,New Underwood,SD,44.087354,-102.813635
72546,MFA OIL #2028,SR-53,Poplar Bluff                            ,MO,275,3.23233333,Poplar Bluff,MO,36.766235,-90.416647
72548,GASQUATCH,US-70/SR-3,Idabel,OK,723,3.10733333,Idabel,OK,33.88512,-94.802012
72550,TERRIBLE HERBST #388,I-15 Exit 91,Moapa,NV,910,3.549,Moapa,NV,36.675833,-114.62
72551,Good 2 Go,US-81,Geneva,NE,350,3.36566666,Geneva,NE,40.527731,-97.609625
72552,VALLEYWIDE COUNTRY STORE,I- 86 Exit 40,American Falls,ID,787,3.599,American Falls,ID,42.789876,-112.870714
72553,Friendly Express,I-71 Exit 186 & US-250,Ashland,OH,249,3.199,Ashland,OH,40.855892,-82.318931
72554,CEFCO #422,SR-4,Baker,FL,127,3.299,Baker,FL,30.831569,-86.677015
72556,STARMART,US-183,Goldthwaite,TX,765,3.099,Goldthwaite,TX,31.445769,-98.574405
72557,LITTLE NECK SHELL,I-16 Exit 152,Bloomingdale,GA,195,3.099,Bloomingdale,GA,32.117654,-81.308465
72558,Circle K #4703975,SR-109 & US-70,Lebanon,TN,460,2.87233333,Lebanon,TN,36.209792,-86.302367
72559,SUN TRAVEL CENTER,I-55 EXIT 114A,Canton,MS,760,3.499,Canton,MS,32.620543,-90.006079
72560,AMOCO,US 131 & US 12,White Pigeon,MI,465,3.559,White Pigeon,MI,41.792891,-85.67501
72561,7-ELEVEN #38638,I-25 Exit 235,Erie,CO,800,3.399,Erie,CO,40.059746,-105.068583
72562,7-ELEVEN #17703,US HWY 11,Martinsburg,WV,70,3.249,Martinsburg,WV,39.459959,-77.958915
72563,RACEWAY #6991,I-65 Exit 19 & US-43,Creola,AL,715,2.949,Creola,AL,30.901267,-88.017414
72565,WEIGEL'S #102,I-75 & SR-30,Athens,TN,405,3.34733333,Athens,TN,35.457389,-84.604261
72566,Loves  Travel Stop #826,I-70 Exit 75,Parachute,CO,800,3.59566666,Parachute,CO,39.440729,-108.038038
72567,THE TEXAN #12,US 87,La Vernia,TX,740,3.049,La Vernia,TX,29.350905,-98.112971
72569,RACETRAC #204,US-19 & SR-400,Dawsonville                             ,GA,18,3.319,Dawsonville,GA,34.394331,-84.103705
72570,Lake View Cheese & Liquor,I-43,Belgium,WI,444,3.25566666,Belgium,WI,43.499465,-87.850908
72571,MAVERIK #719,I-82 EXIT 33,Yakima,WA,962,3.899,Yakima,WA,46.606991,-120.477336
72572,GOOD 2 GO #713 DBA ONE9 #1432,I-76 EXIT 21,Brighton,CO,800,3.199,Brighton,CO,39.980553,-104.810278
72574,Loves Travel Stop #831,"I-10 & Fort Grant Rd, Exit 340",Willcox,AZ,980,3.33233333,Willcox,AZ,32.372977,-109.863111
72575,Loves Travel Stop #864,US-98,Lucedale,MS,715,3.449,Lucedale,MS,30.866722,-88.593391
72576,Pride Travel Center South,"I-291 & SR-5, EXIT 4",South Windsor,CT,100,3.909,South Windsor,CT,41.834081,-72.557585
72577,QUIKTRIP #7205,"I-80, EXIT 161",Lansing,IL,365,3.079,Lansing,IL,41.566045,-87.544634
72578,QUIKTRIP #7247,"I-55, EXIT 85",Byram,MS,760,2.91566666,Byram,MS,32.1932,-90.2708
72579,Raceway #6986,US-378 & CR-467,Sumter,SC,135,2.979,Sumter,SC,33.928199,-80.321008
72580,KWIK TRIP #1267,SR 29,Chippewa Falls,WI,295,3.39233333,Chippewa Falls,WI,44.932202,-91.384376
72581,FASTRAC MARKET #500266,I-87 Exit 18,Queensbury,NY,12,3.999,Queensbury,NY,43.328983,-73.681846
72582,FASTRAC MARKET #500242,SR-12 & SR-5A,Utica,NY,235,3.899,Utica,NY,43.087112,-75.231463
72583,SHEETZ #769,I-80 Exit 232,Bloomsburg,PA,138,3.329,Bloomsburg,PA,41.011528,-76.438379
72584,ONE9 #1359,"I-80, EXIT 30",Sparks,NV,966,3.549,Sparks,NV,39.547254,-119.755588
72585,GAS N WASH GREEN OAKS,"I-94, EXIT 16",Libertyville,IL,290,3.559,Libertyville,IL,42.281001,-87.949955
72586,Loves Travel Stop #875,"I-49, Exit 15",Opelousas,LA,730,3.08566666,Opelousas,LA,30.51442,-92.089668
72587,Allsups Convenience #2416,I-20 EXIT 244 AND HWY 70,Sweetwater,TX,575,2.884,Sweetwater,TX,32.472589,-100.397908
72588,ALLSUPS CONVENIENCE #2430,US 380,Jacksboro,TX,630,3.044,Jacksboro,TX,33.234655,-98.168138
72589,ALLSUPS CONVENIENCE #2056,US 287,Memphis,TX,585,2.929,Memphis,TX,34.712237,-100.534653
72590,MAVERIK #716,I-80 & SR-351,Wells,NV,835,3.39233333,Wells,NV,41.129798,-114.532752
72591,Quiktrip #7173,"I-20, EXIT 156",Pell City,AL,587,2.999,Pell City,AL,33.597889,-86.343151
72592,QUIKTRIP #7191,US-45 & I-57,Effingham,IL,510,2.999,Effingham,IL,39.121727,-88.561105
72594,Quiktrip #7900,I-30 & FM-989,Texarkana,TX,766,2.85733333,Texarkana,TX,33.407371,-94.118245
72595,CIRCLE K #2654400,SR-115,Kearneysville,WV,22,3.26566666,Kearneysville,WV,39.321994,-77.958762
72596,Hucks Food & Fuel #401 dba Pilot #1360,"I-69, EXIT 25",Mayfield,KY,490,3.599,Mayfield,KY,36.732686,-88.650637
72597,CIRCLE K #4705697,US 422,Warren,OH,573,3.61233333,Warren,OH,41.172426,-80.871806
72599,FATDOGS LEXINGTON,US-283,Lexington                               ,NE,475,2.979,Lexington,NE,40.785002,-99.751515
72603,THORNTONS #170,I-465 Exit 46 & US-40,Indianapolis,IN,375,3.599,Indianapolis,IN,39.938417,-86.13894
72606,PETRO-CARD 24 #910474,US-65,Malta Bend                              ,MO,276,3.439,Malta Bend,MO,39.195108,-93.381325
72607,TOWN PUMP FOOD STORE #6300,I-90 & US-191,Big Timber,MT,786,3.539,Big Timber,MT,45.82827,-109.963094
72608,Petro-Card 24 #910640,US-61,Perryville                              ,MO,275,3.099,Perryville,MO,37.717437,-89.873664
72610,JORDANS KWIK STOP #6,I-55 Exit 48 & SR-140,Osceola,AR,418,3.01233333,Osceola,AR,35.701864,-89.979764
72611,Kwik Trip # 1722,SR 35 & SR 553,Gwinn                                   ,MI,395,3.819,Gwinn,MI,46.291938,-87.43016
72612,PETRO-CARD 24 #910411,I-44 & SR-32,Lebanon                                 ,MO,535,3.099,Lebanon,MO,37.685049,-92.655029
72614,FAST FUEL FOOD STORES,SR-4,Gassaway                                ,WV,44,3.56566666,Gassaway,WV,38.686193,-80.786339
72615,U STOP #4,US-6 ,Lincoln                                 ,NE,413,3.399,Lincoln,NE,40.8169,-96.7103
72616,PETRO-CARD 24 #910700,SR-32,Sainte Genevieve                        ,MO,275,3.099,Sainte Genevieve,MO,37.950356,-90.09604
72619,MARTYVILLE MARATHON,SR-25,Tishomingo,MS,742,3.279,Tishomingo,MS,34.647753,-88.219395
72620,CENEX,US-2 ,Leeds,ND,452,3.249,Leeds,ND,48.26681,-99.440123
72621,PETRO-CARD 24 #1047,SR-240,Slater                                  ,MO,276,3.459,Slater,MO,39.216273,-93.054674
72622,Phillips 66,US- 60 & HWY AD,Dexter                                  ,MO,275,3.40233333,Dexter,MO,36.788458,-89.963933
72623,LENNYS FOOD N FUEL,US-6,Joliet,IL,296,3.299,Joliet,IL,41.527154,-88.08241
72625,PETRO-CARD 24,SR-46 & US-71,Maryville                               ,MO,567,3.129,Maryville,MO,40.343399,-94.873479
72626,MFA OIL,SR-18,Lake City                               ,AR,418,3.399,Lake City,AR,35.81715,-90.442327
72628,Gas Pro 6,SR-121 & US-25,Trenton                                 ,SC,135,3.46566666,Trenton,SC,33.693757,-81.853392
72629,MFA #910600,SR-28,Owensville                              ,MO,392,3.299,Owensville,MO,38.351119,-91.486679
72630,PETRO-CARD 24 #910250,US-54 BUS,Fulton                                  ,MO,392,3.299,Fulton,MO,38.851821,-91.96055
72631,THORNTONS #221348,I-355 & SR-7,Homer Glen,IL,296,3.849,Homer Glen,IL,41.6,-87.938056
72633,Petro-Card 24 #910830,SR-52,Windsor                                 ,MO,400,3.499,Windsor,MO,38.52719,-93.526864
72634,MURPHY USA #7827,US-385 & US-60,Hereford                                ,TX,585,2.829,Hereford,TX,34.837037,-102.40503
72635,GULF,SR-140,Boylston,MA,34,3.839,Boylston,MA,42.337727,-71.731042
72637,AZTEX #104,I-40 Exit 398,Knoxville,TN,405,3.359,Knoxville,TN,35.9609,-83.9189
72639,ALLSUPS #2423,US-377 & US-70,Madill,OK,253,2.959,Madill,OK,34.07126,-96.787258
72640,Kwik Trip # 1721,SR 553 & FM 480,Marquette                               ,MI,395,3.819,Marquette,MI,46.53124,-87.389443
72642,LOVES TRAVEL STOP #857,US-95 & US-6,Tonopah,NV,910,3.71566666,Tonopah,NV,38.204273,-117.089886
72643,ONCUE #147,"I-44, EXIT 12",Oklahoma City,OK,483,3.049,Oklahoma City,OK,35.3337,-97.4922
72644,MAVERIK COUNTRY STORE #642,I-25 EXIT 262,Fort Collins,CO,800,3.259,Fort Collins,CO,40.581293,-105.103884
72645,MAVERIK #723,"I-10, EXIT 240",Marana,AZ,980,3.04566666,Marana,AZ,32.404749,-111.273621
72646,TOOT N TOTUM #131,US 87,Lamesa,TX,710,3.109,Lamesa,TX,32.736677,-101.956914
72647,RACEWAY #6972,US-83 & US-43,Demopolis,AL,615,3.07733333,Demopolis,AL,32.490792,-87.839669
72648,Loves Travel Stop #873,US 50,Canon City,CO,803,3.509,Canon City,CO,38.445074,-105.217829
72649,Love's Travel Stop #891,US 93,Jackpot,NV,835,3.62733333,Jackpot,NV,41.839591,-115.112886
72650,Loves Travel Stop #862,I-35 Exit 65,Cotulla,TX,693,3.589,Cotulla,TX,28.439837,-99.232818
72651,QUIKTRIP #7132,"I-16, EXIT 152",Bloomingdale,GA,195,3.03233333,Bloomingdale,GA,32.117654,-81.308465
72652,Quiktrip #4148,I-35 & GRAND AVE PKWY,Pflugerville,TX,595,2.88233333,Pflugerville,TX,30.442133,-97.629895
72653,Quiktrip #7153,US-78 & EXIT #4,Olive Branch,MS,435,2.91566666,Olive Branch,MS,34.94414,-89.854427
72655,RACEWAY #6988,US-79 & US-41,Clarksville,TN,460,2.999,Clarksville,TN,36.522014,-87.348997
72656,ALLSUPS #2437,HWY 176 & HWY 115,Andrews,TX,710,3.39566666,Andrews,TX,32.320125,-102.540926
72660,RACEWAY #6989,US-157 & COURT ST ,Moulton,AL,615,3.049,Moulton,AL,34.505836,-87.222385
72663,LOC STOP TRAVEL CENTER,US-82,Dawson,GA,10,3.499,Dawson,GA,31.773333,-84.446667
72664,RACETRAC #2606,"I-30, EXIT 32B & SR-181",Grand Prairie,TX,630,2.92566666,Grand Prairie,TX,32.76488,-97.01121
72666,CIRCLE K #2707043,"I-75/SR-401, EXIT 39 & SR-37",Adel,GA,20,2.999,Adel,GA,31.125143,-83.421346
72667,LOVES TRAVEL STOP #884,"I-30, Exit 46",Prescott,AR,635,3.47566666,Prescott,AR,33.804029,-93.372544
72668,LOVES TRAVEL STOP #350,"I-19, Exit 12",Nogales,AZ,980,3.609,Nogales,AZ,31.376969,-110.943508
72669,Quiktrip #356,US-81 & S Victoria RD,Wichita,KS,570,3.194,Wichita,KS,37.6898,-97.3415
72672,7-Eleven #42205,US 79,Hearne,TX,765,3.449,Hearne,TX,30.86686,-96.584256
72674,QUIKTRIP #7190,I-64 EXIT 94,Mount Vernon,IL,540,3.099,Mount Vernon,IL,38.317014,-88.910525
72675,Maverik Country Store #715,I-80 EXIT 107,Big Springs,NE,475,3.10066666,Big Springs,NE,41.069621,-102.093273
72676,KWIK TRIP #1212,"I 90, EXIT 43 ",Worthington,MN,425,3.164,Worthington,MN,43.628626,-95.605907
72677,KWIK TRIP #1256,SR 2 E,Iron Mountain,MI,360,3.279,Iron Mountain,MI,45.821894,-88.068257
72678,FLYING J #1056,I-90/ I-80,Edon                                    ,OH,550,3.899,Edon,OH,41.584219,-84.757002
72679,TEX BEST #532,US-281 & HWY 186,Edinburg,TX,639,3.02066666,Edinburg,TX,26.304221,-98.156922
72680,RACEWAY #6990,US-98,Foley,AL,155,3.07566666,Foley,AL,30.400664,-87.685737
72681,MAVERIK #691,I-76 EXIT 3,Denver,CO,800,3.284,Denver,CO,39.840562,-105.007985
72682,Maverik #695,I-15 EXIT 276,American Fork,UT,835,3.349,American Fork,UT,40.392784,-111.794107
72683,HUCKS FOOD & FUEL #383,SR-57,Evansville                              ,IN,340,3.759,Evansville,IN,37.9746,-87.5674
72685,CHUBBYS TRAVEL CENTER,"I-35, Exit 127",Natalia,TX,740,2.97233333,Natalia,TX,29.211669,-98.855158
72687,Kwik Trip #1203,US-71 & Airport Rd,Redwood Falls,MN,425,3.349,Redwood Falls,MN,44.531753,-95.10713
72688,SHEETZ #772,I-70 EXIT 59,Springfield,OH,317,3.054,Springfield,OH,39.924167,-83.808889
72689,ROAD RANGER #285,I-10 EXIT 605,Seguin,TX,740,3.11066666,Seguin,TX,29.561316,-97.962801
72690,Noble East Lyme,"I-95, EXIT 75",East Lyme,CT,100,3.759,East Lyme,CT,41.366806,-72.232987
72691,KUM & GO #2402,US 60,Springfield,MO,535,3.17566666,Springfield,MO,37.2152,-93.295
72693,Kum & Go #2404,US 60,Aurora,MO,535,3.119,Aurora,MO,36.947661,-93.71238
72694,7-ELEVEN #42195,I-385 EXIT 23,Fountain Inn,SC,30,3.11566666,Fountain Inn,SC,34.653334,-82.264593
72695,Quiktrip #7906,"I-20, EXIT 617 & US-59",Marshall,TX,766,2.83733333,Marshall,TX,32.53378,-94.36191
72696,QUIKTRIP #1742,"I-475/SR-408, exit 5 & SR-74",Macon,GA,85,3.089,Macon,GA,32.84386,-83.598686
72698,QUIKTRIP #7242,"I-10, EXIT 31",Gulfport,MS,733,2.91566666,Gulfport,MS,30.382556,-89.097618
72699,Quiktrip #7195,"I-355, EXIT 29",Addison,IL,290,3.079,Addison,IL,41.933509,-88.0054
72700,RACEWAY #6726,"I-30, Exit 172",Thomson,GA,135,3.399,Thomson,GA,33.477363,-82.494204
72701,Loves Travel Stop #887,I-55 EXIT 178,Herculaneum,MO,540,3.15566666,Herculaneum,MO,38.260087,-90.387095
72702,Loves Travel Stop #854,I-49 EXIT 215,Shreveport,LA,745,2.93733333,Shreveport,LA,32.503743,-93.748696
72705,SHEETZ #795,US-460 & CR-629,Disputanta,VA,180,2.98233333,Disputanta,VA,37.148268,-77.273172
72706,Sheetz #790,I-77 EXIT 100,Mount Airy,NC,65,2.859,Mount Airy,NC,36.500739,-80.611871
72707,QUIKTRIP #4299,"I-25, EXIT 158",Monument,CO,796,3.159,Monument,CO,39.100726,-104.85416
72709,KWIK TRIP #1299,FM 164,Sussex,WI,444,3.28566666,Sussex,WI,43.144059,-88.227064
72710,KWIK STAR #1285,I-229 EXIT 9,Sioux Falls,SD,530,2.95233333,Sioux Falls,SD,43.488,-96.7343
72711,Kwik Trip #1260,FM 65 ,Roberts,WI,448,3.424,Roberts,WI,44.987356,-92.559773
72713,Kwik Star #1217,FM 11,Sioux Falls,SD,530,2.939,Sioux Falls,SD,43.488,-96.7343
72714,LOVES TRAVEL STOP  #771,I-85 & SR-18,West Point,GA,720,3.679,West Point,GA,32.833683,-85.119714
72715,FLYING J TRAVEL PLAZA #1372,"I-40, EXIT 28",Yucca,AZ,910,3.849,Yucca,AZ,34.872222,-114.148611
72716,RACEWAY #7000,US-1 & SR-40,Folkston,GA,75,3.099,Folkston,GA,30.850838,-82.011617
72719,TA EXPRESS LITTLEFIELD,"I-15, EXIT 8",Littlefield,AZ,910,3.679,Littlefield,AZ,36.866524,-113.913693
72721,Racetrac #2625,SR 72 E & SHIELDS RD,Huntsville,AL,615,2.97733333,Huntsville,AL,34.726866,-86.567318
72723,ONE9 #1362,"I-40, EXIT 253",Winslow,AZ,930,3.22566666,Winslow,AZ,35.16078,-110.511382
72724,ONE9 #484,I-40 EXIT 146,Ash Fork,AZ,930,3.329,Ash Fork,AZ,35.214998,-112.502681
72725,CASEYS #4481,US 75,Denison,TX,253,2.93566666,Denison,TX,33.745009,-96.549574
72727,CASEYS #4319,SR-141,Perry,IA,320,3.129,Perry,IA,41.839695,-94.102167
72728,CASEYS #4304,FM 103 & Belten Dr,Crete,NE,413,3.45733333,Crete,NE,40.619302,-96.956676
72732,KUM & GO #2212,I-35 EXIT 89,Ankeny,IA,320,3.13233333,Ankeny,IA,41.72755,-93.602175
72733,Parker's #94,US-17 N,Georgetown,SC,42,2.989,Georgetown,SC,33.430776,-79.323459
72734,7-ELEVEN #41940,I-95,West Haven,CT,100,3.999,West Haven,CT,41.270079,-72.963842
72735,7-Eleven #41376,I-26 Exit 154B,Orangeburg,SC,42,3.22566666,Orangeburg,SC,33.502545,-80.859282
72736,FRIENDLY GUS STORE #12,I-16 Exit 49,Dublin,GA,85,3.27566666,Dublin,GA,32.547794,-82.90368
72737,Mollys Food and Fuel,"I-20, EXIT 175 & SR-150",Thomson,GA,135,3.499,Thomson,GA,33.477363,-82.494204
72738,BREAK TIME #3172,US-50/US-63,Jefferson City,MO,310,3.33566666,Jefferson City,MO,38.546212,-92.152462
72739,MAVERIK #712,US 70 & US 54,Alamogordo,NM,640,3.05566666,Alamogordo,NM,32.893186,-105.948544
72740,Caseys #4303,"I-80, EXIT 257 & US-183",Elm Creek,NE,475,3.03233333,Elm Creek,NE,40.730079,-99.372786
72741,Caseys #4298,"I-55, EXIT 220 & SR-47",Dwight,IL,368,3.349,Dwight,IL,41.088701,-88.415884
72742,Racetrac #2612,I-675 EXIT 7,Ellenwood,GA,18,3.109,Ellenwood,GA,33.61,-84.288056
72743,PEOTONE TRAVEL CENTER,I-57 & SR-25,Peotone,IL,290,3.459,Peotone,IL,41.33609,-87.78968
72745,Loves Travel Stop #870,US-81 Exit 12 & SR-12,Watertown,NY,220,4.149,Watertown,NY,43.974258,-75.912212
72746,PARKERS #103,"I-26, Exit 205A",Ladson,SC,42,3.28233333,Ladson,SC,32.993019,-80.125701
72747,One9 #1358,"I-40,  EXIT 16",Gallup                                  ,NM,580,3.24566666,Gallup,NM,35.506475,-108.741352
72748,HORIZON TRAVEL PLAZA,US-411,Cartersville,GA,193,2.934,Cartersville,GA,34.186975,-84.820401
72749,KWIK TRIP #1282,FM 42 & S Duluth Ave,Sturgeon Bay,WI,582,3.50733333,Sturgeon Bay,WI,44.84384,-87.375311
72750,QUIKTRIP #1943,I-35 EXIT 368 & SR 22,Hillsboro,TX,641,2.919,Hillsboro,TX,32.014942,-97.119791
72752,QUIKTRIP #7178,I-65 EXIT 13 & SR 158,Saraland,AL,715,2.95733333,Saraland,AL,30.833197,-88.093387
72753,QUIKTRIP #7908,I-40 EXIT 73,Amarillo,TX,585,2.874,Amarillo,TX,35.203238,-101.842052
72754,RACETRAC #2495,US 41 & US 19,Griffin,GA,85,3.229,Griffin,GA,33.2549,-84.272759
72755,RACETRAC #2620,I-465 Exit 42,Indianapolis,IN,375,3.159,Indianapolis,IN,39.938417,-86.13894
72756,Loves Travel Stop #876,I-94 Exit 34A,Michigan City,IN,365,3.789,Michigan City,IN,41.698031,-86.869899
72757,Loves Travel Stop #860,I-59 EXIT 1,Picayune,MS,725,3.15566666,Picayune,MS,30.541796,-89.691021
72758,CEFCO #1117,I-20 EXIT 617,Marshall,TX,766,2.83233333,Marshall,TX,32.53378,-94.36191
72759,Allsups Convenience Store #2461,US-87 & SR-137,Lamesa,TX,612,3.099,Lamesa,TX,32.736677,-101.956914
72760,RaceWay #6999,US-84 & US-319,Thomasville,GA,20,3.16566666,Thomasville,GA,30.8665,-83.9233
72761,RACETRAC #2629,US-72/US-43 & SR-20,Tuscumbia,AL,615,2.999,Tuscumbia,AL,34.687432,-87.683259
72763,FASTRAC MARKET #500270,SR-5/SR-13,Canastota,NY,235,4.349,Canastota,NY,43.087764,-75.760197
72764,CUMBERLAND FARMS #004783,US-5,East Windsor,CT,100,4.049,East Windsor,CT,41.9099,-72.602945
72765,FASTRAC MARKET #500203,SR-104 & CR-256,Wolcott,NY,190,3.799,Wolcott,NY,43.234129,-76.821748
72766,QUIKTRIP #1873,US 287  33.054731932354194,Rhome,TX,630,2.899,Rhome,TX,33.054045,-97.481688
72767,QUIKTRIP #4227,I-25 EXIT 243,Mead,CO,800,3.14733333,Mead,CO,40.233333,-104.998056
72768,ROAD RANGER #287,I-57 EXIT 318,Bourbonnais,IL,290,3.339,Bourbonnais,IL,41.166119,-87.879023
72769,TOOT N TOTUM #132,US 84,Lubbock,TX,585,2.97066666,Lubbock,TX,33.586527,-101.860634
72770,RACETRAC #2634,I-95 Exit 77 & US-78,Saint George,SC,42,2.999,Saint George,SC,33.184532,-80.573246
72771,RACETRAC #2635,I-85 EXIT 44A,Greenville,SC,30,2.899,Greenville,SC,34.847165,-82.406049
72772,RACEWAY #6998,US-501 & SR-576,Marion,SC,42,3.01566666,Marion,SC,34.156195,-79.389822
72773,RaceTrac #2626,I-20 Exit 472,Dallas,TX,630,2.864,Dallas,TX,32.996848,-96.792113
72774,STUCKEYS TRAVEL CENTER,I-10 EXIT 451,Orange,TX,610,2.80733333,Orange,TX,30.125167,-93.771883
72775,CEFCO #2089,I-20 EXIT 288,Abilene,TX,575,2.76566666,Abilene,TX,32.468155,-99.718208
72776,MARATHON,"1-75, Exit 80",Sycamore                                ,GA,85,3.299,Sycamore,GA,31.655329,-83.606363
72778,KWIK STAR #1208,US-75,Sioux Center,IA,530,3.199,Sioux Center,IA,43.081416,-96.179952
72779,KWIK TRIP #1276,"I-90/I-39, EXIT 1 & SR-75",South Beloit,IL,290,3.299,South Beloit,IL,42.483672,-89.029791
72781,SHEETZ #774,I-70 & SR-83,New Concord,OH,430,3.059,New Concord,OH,40.008798,-81.738727
72782,SHEETZ #791,"I-76, Exit 57",North Jackson,OH,573,3.06566666,North Jackson,OH,41.088044,-80.86225
72783,SHEETZ #770,I-70 & US-42,London,OH,315,2.999,London,OH,39.900074,-83.443899
72784,Maverik Country Store #724,"I-80/US-30, EXIT 221",Rawlins                                 ,WY,838,3.289,Rawlins,WY,41.795131,-107.234883
72785,GAS N WASH,US 30,Crest Hill,IL,290,3.299,Crest Hill,IL,41.566239,-88.116924
72786,QUIKTRIP #333,"I-135, EXIT 31",Newton,KS,570,2.949,Newton,KS,38.045067,-97.343457
72787,QUIKTRIP #7011,"I-35, EXIT 118",Oklahoma City,OK,483,3.03233333,Oklahoma City,OK,35.3337,-97.4922
72788,MAVERIK #700,I-25 EXIT 215,Denver,CO,800,3.289,Denver,CO,39.840562,-105.007985
72789,RACETRAC #237,HWY 30 & ROBERT WILSON RD,Gonzales                                ,LA,600,3.17233333,Gonzales,LA,30.238333,-90.92
72791,LOVES TRAVEL STOP #850,SR-491 & RD. G,Cortez,CO,614,3.48233333,Cortez,CO,37.354949,-108.583726
72792,QUICKLEES,"I-190, EXIT 23",Niagara Falls,NY,38,3.999,Niagara Falls,NY,43.095467,-79.041443
72793,TA EXPRESS BLAINE #917,"I-5, Exit 275",Blaine,WA,850,4.139,Blaine,WA,48.963572,-122.732327
72795,REFUEL #1337,SR-45/CR-1625,Buda                                    ,TX,595,2.999,Buda,TX,30.091758,-97.853422
72796,PILOT DEALER #1399,"SR-303, EXIT 107",Litchfield Park,AZ,930,3.584,Litchfield Park,AZ,33.494127,-112.380497
72797,KWIK TRIP #1215,"I-94, EXIT 135",Melrose,MN,451,3.32733333,Melrose,MN,45.658183,-94.819768
72798,Casey's #4539,US-75,Rock Rapids                             ,IA,530,3.349,Rock Rapids,IA,43.427192,-96.178055
72799,CASEYS #4384,"I-88 & SR-26, EXIT 54",Dixon,IL,520,3.479,Dixon,IL,41.847797,-89.489303
72801,CASEYS #4388,"US-64, EXIT 29",Beebe,AR,645,3.189,Beebe,AR,35.093743,-91.907449
72802,Racing Mart Store,"I-495, Exit 36A",Wrentham,MA,175,3.899,Wrentham,MA,42.061746,-71.339568
72803,Llanos Country Corner,"I-10/US-83, EXIT 456 & US-377",Junction                                ,TX,740,2.919,Junction,TX,30.47544,-99.74731
72804,7-Eleven #42174,"I-24, EXIT 211 & US-70",Nashville,TN,460,3.249,Nashville,TN,36.167028,-86.778441
72805,Stripes #42242,"SR 181, HWY 188",Sinton,TX,625,3.259,Sinton,TX,28.033895,-97.519582
72806,TA HOSSTON #939,"I-49, Exit 237",Hosston,LA,745,2.92233333,Hosston,LA,32.896653,-93.883425
72808,Allsups Convenience #2463,US-377,Aubrey,TX,630,2.899,Aubrey,TX,33.291997,-96.987866
72809,LOVES TRAVEL STOP #894,I-95 EXIT 305,Saint Augustine,FL,75,3.44233333,Saint Augustine,FL,29.8364,-81.2745
72810,QUIKTRIP #7,"I-244/US-412, Exit 10",Tulsa,OK,560,3.119,Tulsa,OK,36.05566,-96.060229
72811,QUIKTRIP #50,SR-51,Broken Arrow,OK,560,3.129,Broken Arrow,OK,35.990812,-95.814332
72812,Kwik Trip #748,US 8,Barron,WI,295,3.664,Barron,WI,45.400535,-91.84996
72813,Allsups #2425,Hwy 144,Granbury,TX,630,3.029,Granbury,TX,32.42505,-97.774173
72814,ALLSUPS #2468,"I35, EXIT 5",Thackerville,OK,253,2.91733333,Thackerville,OK,33.788167,-97.136349
72815,QUIKTRIP #7194,I-74 EXIT 182,Champaign,IL,280,3.099,Champaign,IL,40.111017,-88.240747
72816,QUIKTRIP #7914,I-27 EXIT 117,Amarillo,TX,585,2.84566666,Amarillo,TX,35.203238,-101.842052
72817,QUIKTRIP #4174,I-35 Exit 285,Salado,TX,765,2.91566666,Salado,TX,30.949388,-97.532999
72818,QUIKTRIP #7174,"I-65, EXIT 168",Montgomery,AL,720,2.999,Montgomery,AL,32.3743,-86.3118
72819,QUIKTRIP #7925,I-69W,Laredo,TX,693,2.85066666,Laredo,TX,27.515538,-99.498579
72820,QUARLES #54232,us-385,Crane                                   ,TX,710,3.88566666,Crane,TX,31.396949,-102.354382
72821,QUARLES #54231,CR-23 & CR-33,Eunice                                  ,NM,593,3.699,Eunice,NM,32.439225,-103.159407
72822,QUARLES #54225,US-83,Abilene                                 ,TX,575,3.499,Abilene,TX,32.468155,-99.718208
72827,QUARLES #54259,FM-1936,Odessa                                  ,TX,710,3.699,Odessa,TX,31.8465,-102.3663
72828,QUARLES #54250,US-80,Abilene                                 ,TX,575,3.31233333,Abilene,TX,32.468155,-99.718208
72830,QUARLES #54261,"I-20, EXIT 37",Pecos                                   ,TX,710,3.749,Pecos,TX,31.414384,-103.508129
72831,QUARLES #54262,CR-64,Hobbs                                   ,NM,593,3.699,Hobbs,NM,32.72217,-103.137246
72835,QUARLES #54277,SR-137,Big Lake,TX,739,3.849,Big Lake,TX,31.240592,-101.478776
72836,QUARLES #54281,SR-208,Snyder,TX,700,3.66566666,Snyder,TX,32.715105,-100.907485
72837,QUARLES #54284,US-285,Loving                                  ,NM,593,3.799,Loving,NM,32.274034,-104.091376
72839,QUARLES #54293,CR-64,Hobbs                                   ,NM,593,3.699,Hobbs,NM,32.72217,-103.137246
72841,QUARLES #54296,SR-214 & CR-370,Denver City,TX,700,3.799,Denver City,TX,32.971114,-102.831251
72844,QUARLES #54332,US-285,Pecos                                   ,TX,710,3.759,Pecos,TX,31.414384,-103.508129
72847,QUARLES #54341,US-87,Big Spring                              ,TX,612,3.649,Big Spring,TX,32.241767,-101.467517
72848,QUARLES #54347,US-67 ,Rankin,TX,710,3.699,Rankin,TX,31.2225,-101.9375
72849,QUARLES #54349,CR-1140,Midland                                 ,TX,710,3.66566666,Midland,TX,31.989636,-102.06261
72851,QUARLES #54367,FM-1787,Midland,TX,710,3.799,Midland,TX,31.989636,-102.06261
72853,QUARLES #54520,SR-589,Purvis                                  ,MS,620,2.979,Purvis,MS,31.149562,-89.462301
72855,GAS N WASH,SR 59,Plainfield,IL,399,3.559,Plainfield,IL,41.600884,-88.199391
72857,7-ELEVEN #42019,SR-3 & SR-4,Yukon,OK,483,3.159,Yukon,OK,35.506667,-97.762222
72859,CASEYS #4286,SR-32,Crawfordsville,IN,375,3.56233333,Crawfordsville,IN,40.032524,-86.907424
72860,Circle K #2707070,"SR 378, Route 467",Sumter,SC,42,2.99233333,Sumter,SC,33.928199,-80.321008
72861,SPRINT MART #4143,"I-20, EXIT 89",Vance,AL,615,3.059,Vance,AL,33.17498,-87.257362
72863,Double Quick #92,US-61,Cleveland,MS,655,3.18233333,Cleveland,MS,33.743002,-90.730871
72864,SUNSTOP #430,US-27,Bainbridge,GA,20,3.599,Bainbridge,GA,30.9355,-84.5809
72867,Maverik #731,I-15 EXIT 190,Helena,MT,816,3.549,Helena,MT,46.613066,-112.021283
72868,MAVERIK #737,I-15 EXIT 116,Idaho Falls,ID,825,3.40566666,Idaho Falls,ID,43.517679,-111.990626
72869,MAVERIK #738,I-90 EXIT 129,Gillette,WY,790,3.359,Gillette,WY,44.282009,-105.497442
72871,Maverik #727,I-8 EXIT 3,Yuma,AZ,930,3.179,Yuma,AZ,32.701507,-114.642362
72872,QUIKTRIP #7926,US 59 & SR 20,Laredo,TX,693,2.859,Laredo,TX,27.515538,-99.498579
72873,QUIKTRIP #7206,I-39 EXIT 15 & US 20 ,Rockford,IL,520,2.969,Rockford,IL,42.292233,-89.116118
72874,QUIKTRIP #4076,I-35 EXIT 191,New Braunfels,TX,740,2.91566666,New Braunfels,TX,29.694733,-98.113041
72875,QUIKTRIP #4183,SR 195 & Shell RD,Georgetown,TX,595,2.91566666,Georgetown,TX,30.633038,-97.670704
72876,QUIKTRIP #1139,"I-385, EXIT 23",Fountain Inn,SC,30,3.01733333,Fountain Inn,SC,34.653334,-82.264593
72877,QUIKTRIP #7177,"I-10, EXIT 15A",Theodore,AL,715,2.88233333,Theodore,AL,30.544374,-88.180748
72879,QUIKTRIP #4002,US-87,Comfort,TX,595,2.96566666,Comfort,TX,29.979072,-98.843772
72880,PARKERS #97,US 80,Bloomingdale,GA,195,3.03233333,Bloomingdale,GA,32.117654,-81.308465
72882,CASEYS #4330,"I-40, EXIT 221",Okemah,OK,483,2.92566666,Okemah,OK,35.447516,-96.306788
72884,CEFCO #435,"I-10, EXIT 44 & US-90",Loxley,AL,715,3.02566666,Loxley,AL,30.617964,-87.75624
72885,RACEWAY #6960,US-431 & Westgate PKWY,Dothan                                  ,AL,10,3.199,Dothan,AL,31.202888,-85.418036
72886,PILOT #1381,US-190 & Rose Marie Blvd,Hearne,TX,670,3.499,Hearne,TX,30.86686,-96.584256
72888,STRIPES #42591,US-87,Mason                                   ,TX,595,3.299,Mason,TX,30.743392,-99.226117
72889,DK,SR 83,Denver City,TX,700,3.319,Denver City,TX,32.971114,-102.831251
72891,GAS N WASH,"I-57, EXIT 354",Alsip,IL,365,3.399,Alsip,IL,41.6723,-87.7339
72893,Racetrac #2586,I-95 & 20th ST,Vero Beach,FL,140,3.159,Vero Beach,FL,27.632985,-80.403075
72894,Allsups Convenience Store #2458,US-287 & FM-1655,Alvord,TX,630,2.899,Alvord,TX,33.36982,-97.688488
72895,Allsups#2465,SR 7,Davis,OK,569,2.96733333,Davis,OK,34.495301,-97.10843
72896,PILOT #1283,I-45 & SR-31,Corsicana,TX,630,3.04233333,Corsicana,TX,32.0322,-96.3483
72899,RACEWAY #7002,US 79 & 59,Carthage,TX,766,2.82066666,Carthage,TX,32.154379,-94.352721
72901,FATDOGS GRAND ISLAND TRAVEL CENTER,I-80 & HWY 281,Grand Island,NE,330,2.979,Grand Island,NE,40.921858,-98.341062
72902,CIRCLE K #2704593,SR-24 &  SR-690,Spring Lake,NC,63,3.079,Spring Lake,NC,35.182981,-78.978555
72903,Kent Kwik #221,SR-338,Odessa,TX,710,2.989,Odessa,TX,31.8465,-102.3663
72904,CEFCO #112,US-281,Marble Falls,TX,595,2.929,Marble Falls,TX,30.57228,-98.306992
72905,TA EXPRESS PLEASANTON #445,I-37 EXIT 109,Pleasanton,TX,740,3.099,Pleasanton,TX,28.992368,-98.483061
72906,Maverik #734,I-25 EXIT 94,Pueblo,CO,796,3.289,Pueblo,CO,38.287876,-104.584828
72907,QUIKTRIP #7913,"I-20, EXIT 20 & SR-18",Monahans,TX,710,2.859,Monahans,TX,31.581294,-102.900273
72908,QUIKTRIP #1042,"I-85, EXIT 17B & US-321",Gastonia,NC,46,3.264,Gastonia,NC,35.244917,-81.219449
72909,FAT DOGS LINCOLN TC,"I-80, EXIT 399",Lincoln,NE,475,3.099,Lincoln,NE,40.8169,-96.7103
72910,Ogden Cardlock (Bulk Plant),I-15 EXIT 343,Ogden                                   ,UT,835,3.489,Ogden,UT,41.2443,-112.0072
72912,Salina Cardlock (Bulk Plant),I-70 EXIT 56,Salina                                  ,UT,791,3.449,Salina,UT,38.956028,-111.881072
72916,CASEYS #2562,SR 140 & SR 156,Ellsworth,KS,357,3.46566666,Ellsworth,KS,38.731219,-98.205678
72918,QUIKTRIP #7076,"I-75, EXIT 101 ",Cordele,GA,10,3.03233333,Cordele,GA,31.963333,-83.7825
72919,QUIKTRIP #7096,I-75 & EXIT 51,Dayton,OH,317,3.03233333,Dayton,OH,39.765396,-84.099802
72920,Circle K #4701686,"I-70, Exit 224 & SR-370",Saint Peters,MO,540,3.05066666,Saint Peters,MO,38.78024,-90.622765
72921,CIRCLE K #4701677,"I-44, Exit 226",Sullivan,MO,540,3.324,Sullivan,MO,38.230706,-91.156662
72922,SUNOCO,SR-640,Willoughby                              ,OH,305,3.859,Willoughby,OH,41.630229,-81.407619
72923,76,US-84,Brookhaven                              ,MS,620,3.149,Brookhaven,MS,31.58581,-90.451995
72924,SHERMAN TRAVEL CENTER,SR-9 ,Senatobia,MS,435,3.029,Senatobia,MS,34.632306,-89.885501
72925,AMOCO,US-52 & SR-340,Darlington,SC,135,3.199,Darlington,SC,34.300294,-79.873221
72926,Amoco,US-31 & US-10,Scottville,MI,456,3.359,Scottville,MI,43.976692,-86.315615
72927,Bell Stores #165,US-30 ,Wooster,OH,249,3.51566666,Wooster,OH,40.809354,-81.948272
72930,SPARTA CO-OP,SR-27,Sparta,WI,420,3.189,Sparta,WI,43.954045,-90.814566
72933,CHEVRON #385988,SR-124,Lithonia,GA,18,3.399,Lithonia,GA,33.682311,-84.160997
72934,CIRCLE K #2706987,"I-37, Exit 118",Corpus Christi,TX,625,3.099,Corpus Christi,TX,27.794086,-97.402994
72935,Circle K #2722258,US-17 & SR-40,Pierson,FL,140,3.40233333,Pierson,FL,29.222596,-81.43533
72936,Circle K #2707549,SR-471 & SR-48,Bushnell,FL,140,3.499,Bushnell,FL,28.661062,-82.155297
72937,CIRCLE K #2723997,SR024,Stedman,NC,205,3.399,Stedman,NC,35.034749,-78.694932
72938,CIRCLE K #2723205,I-285 & CR-1642,Winston Salem,NC,65,3.52066666,Winston Salem,NC,36.10237,-80.222798
72939,CIRCLE K #2655872,"I-75, Exit 252B",Atlanta,GA,18,3.50566666,Atlanta,GA,33.749788,-84.31685
72940,Circle K #3909,SR-236,Clarksville,TN,460,3.329,Clarksville,TN,36.522014,-87.348997
72941,CIRCLE K #2740389,I-55 & US-51,Hammond,LA,600,3.249,Hammond,LA,30.51908,-90.487856
72942,CIRCLE K #2742777,US-62/180,El Paso,TX,640,3.19066666,El Paso,TX,31.758411,-106.478311
72943,CIRCLE K #2706805,SR-415 & SR-76,Port Allen,LA,600,3.359,Port Allen,LA,30.471983,-91.254088
72944,Circle K #2709094,US-62 & SR-327,Lubbock,TX,700,3.099,Lubbock,TX,33.586527,-101.860634
72945,CIRCLE K #2707057,SR-59 & CR-12,Foley,AL,715,3.09233333,Foley,AL,30.400664,-87.685737
72947,Circle K #9556,SR-202,Phoenix,AZ,930,3.38566666,Phoenix,AZ,33.451,-112.0685
72948,CIRCLE K #2746514,SR-23,Watford City,ND,273,3.599,Watford City,ND,47.804258,-103.258205
72949,BOURBON TRAVEL PLAZA,US-30,Bourbon                                 ,IN,370,3.499,Bourbon,IN,41.309785,-86.117438
72950,Conoco,US-95,MC DERMITT,NV,966,4.299,Mc Dermitt,NV,41.866944,-117.531111
72951,DK,SR-36,Abilene,TX,575,2.849,Abilene,TX,32.468155,-99.718208
72953,GRAND AVENUE EXPRESS,I-35 & FM-372,Gainesville,TX,253,2.999,Gainesville,TX,33.625943,-97.103208
72956,Handee Hugos #1,SR-87,Riegelwood                              ,NC,245,3.49733333,Riegelwood,NC,34.34706,-78.257473
72957,IRVING,SR-11,Augusta,ME,203,3.899,Augusta,ME,44.323228,-69.766548
72958,Jack Flash Pana,SR-16,Pana,IL,318,3.099,Pana,IL,39.388124,-89.078165
72959,JORDANS #75,US-67,Newport,AR,418,3.299,Newport,AR,35.598823,-91.257064
72960,KENT KWIK #206,FM-2020,Odessa,TX,710,3.02566666,Odessa,TX,31.8465,-102.3663
72963,MAVERIK #5358,"I-25, Exit 145",Colorado Springs,CO,796,3.33066666,Colorado Springs,CO,38.8335,-104.8206
72965,Maverik #674,"I-15, Exit 45",North Las Vegas,NV,910,3.28233333,North Las Vegas,NV,36.4475,-114.851389
72966,MCCLURE STORE #15,SR-9,Marion,IN,370,3.694,Marion,IN,40.574333,-85.674127
72967,BINKS TENAHA QUICK STOP,US-59/US-84,Tenaha,TX,618,3.059,Tenaha,TX,31.940812,-94.248773
72968,LOVES TRAVEL STOP #883,US-52 EXIT 120,Rural Hall,NC,65,3.57733333,Rural Hall,NC,36.229251,-80.293643
72969,LOVES TRAVEL STOP #555,US-30,Delphos,OH,411,3.30566666,Delphos,OH,40.833619,-84.324678
72970,PAC PRIDE,"I-96, Exit 26",Grand Rapids,MI,371,3.659,Grand Rapids,MI,42.9704,-85.6738
72972,LOVES TRAVEL STOP #886,I-44 EXIT 29,Sarcoxie,MO,277,3.40066666,Sarcoxie,MO,37.072382,-94.11514
72973,PETE'S 49,US-166 & US-169,Coffeyville,KS,307,3.214,Coffeyville,KS,37.044056,-95.632756
72974,USTOP 34,US-77,Lincoln,NE,413,3.499,Lincoln,NE,40.8169,-96.7103
72975,SHEETZ #804,"I-95, Exit 41",Hope Mills,NC,63,2.859,Hope Mills,NC,34.953564,-78.935364
72976,RED DOG,"I-10, EXIT 72",Egan                                    ,LA,690,3.049,Egan,LA,30.250966,-92.500226
72978,SHELL SERVICE STATION,SR-302,Byhalia,MS,435,3.099,Byhalia,MS,34.885351,-89.676332
72979,RICKY ROCKETS,"I-57, EXIT 312",Kankakee,IL,399,3.379,Kankakee,IL,41.116582,-87.869607
72981,Sprint Mart #2301,I-565 & CR-115,Madison,AL,742,3.49233333,Madison,AL,34.6578,-86.8056
72982,SUNOCO,I-10 & SR-328,Breaux Bridge                           ,LA,730,2.85566666,Breaux Bridge,LA,30.274955,-91.905899
72983,SUNSTOP #303,SR-100,Lake City,FL,75,3.55066666,Lake City,FL,30.0949,-82.7117
72984,TERRIBLE HERBST #341,US-95,Indian Springs,NV,910,3.899,Indian Springs,NV,36.407223,-115.581067
72985,THE PRIDE OF VILLA PARK,SR-64,Villa Park                              ,IL,290,3.299,Villa Park,IL,41.879899,-87.978246
72986,THE PRIDE OF ELGIN,SR-31,Elgin                                   ,IL,520,3.499,Elgin,IL,42.038356,-88.260631
72987,The Texan,US-285 & CR-116,Pecos,TX,710,2.999,Pecos,TX,31.414384,-103.508129
72988,Thorntons #221354,US-12,Lake Zurich,IL,293,3.349,Lake Zurich,IL,42.196721,-88.070299
72989,THORNTONS #442562,SR-63,Monroe,OH,407,3.199,Monroe,OH,39.441285,-84.365196
72990,TA Express Jonesboro,I-555 EXIT 39,Jonesboro,AR,435,3.39233333,Jonesboro,AR,35.833016,-90.696526
72991,THORNTONS #221345,US-20 ,Hanover Park,IL,297,3.759,Hanover Park,IL,41.794444,-87.808333
72993,H AND R OIL COMPANY,"SR-4, EXIT 8",Lexington                               ,KY,410,3.249,Lexington,KY,38.017394,-84.485423
72995,LOVES TRAVEL STOP #569,I-84 EXIT 304,Baker City,OR,982,3.45733333,Baker City,OR,44.780102,-117.828631
72996,LOVES TRAVEL STOP #504,I-76 EXIT 232,North Lima,OH,573,3.78733333,North Lima,OH,40.964866,-80.654911
72998,83 FUEL STOP,US-83,Catarina,TX,693,2.959,Catarina,TX,28.345278,-99.613056
72999,Aeg Petroleum,US-70 & SR-467,Portales,NM,593,3.68566666,Portales,NM,34.179915,-103.336311
73000,TXB,FM-2147,Horseshoe Bay,TX,665,2.929,Horseshoe Bay,TX,30.578056,-98.2725
73003,GAS PRO TRAVEL CENTER,US-25 & SR-88,Hephzibah,GA,135,3.599,Hephzibah,GA,33.343328,-82.088689
73005,NOBLE,US-20,Sturbridge,MA,215,3.999,Sturbridge,MA,42.112619,-72.084233
73007,VALERO,"I-85, EXIT 28 & SR-100",Hogansville                             ,GA,50,3.66566666,Hogansville,GA,33.164382,-84.930856
73008,MUSTANG XPRESS,US-183 & FM-1327,Austin,TX,595,3.33233333,Austin,TX,30.210692,-97.942749
73009,THRIFT BULL TRUCK STOP,SR-103,San Augustine,TX,618,3.499,San Augustine,TX,31.515173,-94.132581
73012,FUELPORT # 1,FM-143,San Antonio,TX,740,3.049,San Antonio,TX,29.468525,-98.526352
73013,247 TRUCK STOP,I-40 EXIT 247,Widener,AR,435,2.999,Widener,AR,35.059167,-90.629313
73014,CIRCLE K #2726298,SR 33 & SR 50,Mascotte,FL,140,3.539,Mascotte,FL,28.578056,-81.886944
73015,76,US 40,Franklinville,NJ,150,3.169,Franklinville,NJ,39.615557,-75.04088
73016,PARKERS #112,SR 67,Statesboro,GA,195,3.199,Statesboro,GA,32.440841,-81.773956
73017,U Stop #36,US 136 & SR 50,Tecumseh,NE,413,3.399,Tecumseh,NE,40.369702,-96.204951
73018,Smart Stop Travel Center,US 271 & SR 37,Bogata,TX,723,3.199,Bogata,TX,33.469862,-95.193725
73021,Circle K #2746245,I 35W EXIT 6,Minneapolis,MN,448,3.599,Minneapolis,MN,45.049582,-93.246095
73025,151 TRAVEL CENTER,SR 34 & N Central Rd,Darlington,SC,46,3.299,Darlington,SC,34.300294,-79.873221
73026,Gas N Wash,SR-171,Lemont,IL,290,3.299,Lemont,IL,41.695076,-88.023558
73028,PETRO HENDERSON #968,"I-11, EXIT 15A",Henderson,NV,910,3.639,Henderson,NV,35.992678,-114.951684
73029,One9 #1417,I-35 Exit 323,Lorena,TX,765,2.90233333,Lorena,TX,31.409271,-97.230161
73030,SPEED TREK TRAVEL CENTER,I-90 EXIT 25,Belvidere,IL,520,3.699,Belvidere,IL,42.259465,-88.850943
73031,Travel Refresh,US 59,Corrigan                                ,TX,618,2.949,Corrigan,TX,31.000657,-94.7959
73032,Parkers #110,SR 56,Augusta,GA,135,3.19233333,Augusta,GA,33.511692,-82.099505
73033,QUARLES #54242,SR-152,Pampa                                   ,TX,585,3.499,Pampa,TX,35.538043,-100.957885
73035,QUIKTRIP #7909,US-10,El Paso,TX,640,2.849,El Paso,TX,31.758411,-106.478311
73036,Maverik Country Store #741,US-80,Rock Springs,WY,827,3.30733333,Rock Springs,WY,41.605957,-109.230047
73037,TA EXPRESS #567,"I-20, EXIT 81 & SR-149",Ruston,LA,745,3.114,Ruston,LA,32.530823,-92.643927
73039,Spinx  #292,"I-26, EXIT 10",Inman,SC,210,3.16566666,Inman,SC,35.052795,-82.054013
73040,TAILGATE #3,SR 21,Bryan,TX,670,3.599,Bryan,TX,30.632698,-96.36616
73041,Racetrac #182,US- 19,Hampton                                 ,GA,67,2.999,Hampton,GA,33.412398,-84.294744
73042,MAVERIK #728,Hwy 483,Lovington,NM,593,3.094,Lovington,NM,32.951166,-103.348849
73043,MAVERIK #740,"I-25, EXIT 347",Las Vegas,NM,580,3.16233333,Las Vegas,NM,35.594862,-105.227162
73044,Maverik #732,"US 20, EXIT 310",Idaho Falls,ID,825,3.394,Idaho Falls,ID,43.517679,-111.990626
73045,MAVERIK #717,US-395,Spokane,WA,970,3.979,Spokane,WA,47.666485,-117.436527
73046,Refuel #63,US 501 & SR 544,Conway,SC,46,3.134,Conway,SC,33.873066,-79.055712
73047,RACETRAC #2642,"I-70, EXIT 77",Indianapolis,IN,375,3.259,Indianapolis,IN,39.938417,-86.13894
73048,ALLSUPS CONVENIENCE STORE #2473,US-287,Bowie,TX,630,2.899,Bowie,TX,33.556796,-97.837337
73051,CIRCLE K #2709540,"I-10, EXIT 10 & SR-90",Sierra Vista,AZ,980,3.629,Sierra Vista,AZ,31.536467,-110.266565
73052,Circle K #2701875,US-78 E,Grovetown,GA,135,3.499,Grovetown,GA,33.476622,-82.240937
73053,Circle K #2746108,"I-90/US-212, EXIT 447",Billings,MT,780,3.579,Billings,MT,45.774489,-108.500452
73055,CIRCLE K #4707124,SR-3,Liberty,ME,203,4.099,Liberty,ME,44.374085,-69.33058
73056,CIRCLE K #2723033,"I-295, EXIT 21A & I-95",Fayetteville,NC,205,3.279,Fayetteville,NC,35.05099,-78.842255
73057,CIRCLE K #2703586,US-550 & SR-516,Flora Vista,NM,580,3.719,Flora Vista,NM,36.802771,-108.082683
73058,CIRCLE K #4707605,SR-365/SR-69/SR-49 & SR-26,Rome,NY,235,3.999,Rome,NY,43.219349,-75.449758
73059,CIRCLE K #4705626,"I-77/US-62, EXIT 105 & SR-172",Canton,OH,249,3.459,Canton,OH,40.827,-81.3853
73061,Circle K #2709045,"US-62 & SR-375, EXIT 39",El Paso,TX,640,3.20233333,El Paso,TX,31.758411,-106.478311
73062,CIRCLE K #2741849,SR-358 & SR-286,Corpus Christi,TX,625,3.124,Corpus Christi,TX,27.794086,-97.402994
73063,HOLIDAY STATIONSTORE #2746223,"I-35, EXIT 135 & US-61",Andover,MN,448,3.499,Andover,MN,45.25068,-93.284531
73064,7-ELEVEN #42315,"I-85, Exit 88",Lexington,NC,765,3.399,Lexington,NC,35.82306,-80.262049
73065,RACETRAC #2631,"I-75, EXIT 285 & US-41/SR-3",Emerson,GA,193,2.88733333,Emerson,GA,34.119969,-84.757045
73066,QUIKTRIP #1499,I-10 EXIT 267,Tucson,AZ,980,3.06233333,Tucson,AZ,32.213873,-110.969445
73067,J STARR,I-29 EXIT 8,Hankinson,ND,341,3.499,Hankinson,ND,46.055797,-96.899069
73068,MAVERIK #5369,SR 21,Colorado Springs,CO,796,3.499,Colorado Springs,CO,38.8335,-104.8206
73071,7-Eleven #42340,SR-340/SR-6,Woodway,TX,765,2.93233333,Woodway,TX,31.505074,-97.231062
73072,QUIKTRIP #7204,"I-57, EXIT 337 & SR-50",University Park,IL,365,3.079,University Park,IL,40.256524168861354,-89.07708718822619
73073,QUIKTRIP #7075,"I-16/SR-404, EXIT 51 & US-441",Dublin,GA,85,2.999,Dublin,GA,32.547794,-82.90368
73074,RACETRAC #2641,HWY 59 & FM 989,Texarkana                               ,TX,723,2.85733333,Texarkana,TX,33.407371,-94.118245
73075,ALLSUPS CONVENIENCE STORE #2470,SR 18,Eunice,NM,710,3.099,Eunice,NM,32.439225,-103.159407
73076,MAVERIK #5148,US 40,Kremmling,CO,800,3.679,Kremmling,CO,40.063224,-106.395472
73078,Shelee's Travel Center,"I-10, Exit 146",Coachella,CA,900,3.949,Coachella,CA,33.674965,-116.177231
73079,PILOT #1433,I-10 EXIT 160,Chandler,AZ,930,3.499,Chandler,AZ,33.330091,-111.863156
73080,Circle K #2707255,"I-75, Exit 60",Tifton,GA,10,3.06233333,Tifton,GA,31.450278,-83.508611
73081,ALLSUPS #2476,I-40 EXIT 38 & SR 6,Elk City,OK,483,2.93066666,Elk City,OK,35.410359,-99.421086
73082,KWIK STAR #1153,US 71,Milford,IA,433,3.324,Milford,IA,43.31964,-95.161534
73083,Kwik Star #1213,I-380 EXIT 2,North Liberty,IA,380,3.159,North Liberty,IA,41.744318,-91.60612
73084,Kwik Trip #747,I-94 ALT & US-12,Baldwin,WI,448,3.499,Baldwin,WI,44.9657,-92.365498
73085,Loves Travel Stop #550,I-75 EXIT 13,Valdosta,GA,982,3.22233333,Valdosta,GA,30.810578,-83.277166
73088,Pilot Travel Center #1390,I-16 Exit  143,Ellabell,GA,135,3.28566666,Ellabell,GA,32.127304,-81.498302
73090,Quiktrip #1148,I-26 EXIT 53,Flat Rock,NC,210,2.849,Flat Rock,NC,35.288993,-82.391568
73092,QUIKTRIP #4042,I-10,Converse,TX,740,2.94566666,Converse,TX,29.517331,-98.321673
73093,GAS N WASH,I-355 EXIT 7,Lockport,IL,365,3.399,Lockport,IL,41.613481,-88.025581
73094,MARATHON,US-24,Taylor                                  ,MI,325,3.499,Taylor,MI,42.231738,-83.267269
73095,Quiktrip #7250,US 49,Richland,MS,760,2.91566666,Richland,MS,32.215224,-90.156231
73096,KWIK TRIP #748,US 8,Barron,WI,295,3.64733333,Barron,WI,45.400535,-91.84996
73098,KWIK TRIP #1269,SR 27,Cadott,WI,448,3.40066666,Cadott,WI,44.963014,-91.169884
73099,Kwik Star #1296,SR 115,Harrisburg,SD,448,2.939,Harrisburg,SD,43.446021,-96.686389
73100,MAVERIK #747,I-215 Exit 21,Salt Lake City,UT,835,3.39233333,Salt Lake City,UT,40.755851,-111.896657
73101,7-ELEVEN 42279,"I-76, Exit 39",Keenesburg,CO,800,3.149,Keenesburg,CO,40.095847,-104.446366
73103,RaceTrac #2654,I-20 EXIT 130,Greensboro,GA,16,3.399,Greensboro,GA,33.563682,-83.170192
73106,ALLSUPS CONVENIENCE STORE #2472,US-75,Atoka,OK,253,2.96733333,Atoka,OK,34.34451,-96.141827
73112,SHEETZ #831,I-26 EXIT 44 & US 25,Hendersonville,NC,210,2.859,Hendersonville,NC,35.319213,-82.499995
73114,ROAD RANGER #319,"I-35E, EXIT 381",Milford,TX,630,3.03066666,Milford,TX,32.148198,-96.96115
73117,MAVERIK #722,"I-29, EXIT 304",Baker City,OR,925,3.459,Baker City,OR,44.780102,-117.828631
73118,ALLSUPS #2432,US 287 & SR 34,Ennis,TX,630,2.929,Ennis,TX,32.332102,-96.622363
73119,Stinker #122,I-84 EXIT 36,Nampa,ID,785,3.40233333,Nampa,ID,43.58342,-116.584818
73120, Kwik Star #1184,US 61,Dubuque,IA,335,3.489,Dubuque,IA,42.514977,-90.681914
73125,KWIK TRIP #1283,SR 83 & W CAPITOL DR,Hartland,WI,444,3.749,Hartland,WI,43.117153,-88.344572
73126,Kwik Trip #1298,US 10,Mondovi,WI,295,3.349,Mondovi,WI,44.609853,-91.669576
73127,Gas N Wash,"I-55, EXIT 285",Chicago                                 ,IL,290,3.399,Chicago,IL,41.885847,-87.618123
73128,ALLSUPS CONVENIENCE STORE #2477,HWY 69 & 11th st ,Kiowa,OK,253,2.95733333,Kiowa,OK,34.727755,-95.932836
73129,SHEETZ #837,I-94,Romulus,MI,325,3.099,Romulus,MI,42.220304,-83.358288
73130,A One Stop,"I-45, EXIT 246",Ennis,TX,630,2.93566666,Ennis,TX,32.332102,-96.622363
73131,Sheetz #838,"I-85, Exit 71",Salisbury,NC,46,2.859,Salisbury,NC,35.651498,-80.488945
